video_id,newspaper,video_text,video_description,video_topic,num_comments,num_offensive_comments,offensive_score,offensive_trigger,type,true_label,pred_label
-Jz16gcNDG4,corriere_della_sera,"Monza, lascia in eredità 570mila euro (e una casa) ai monaci: i nipoti si oppongono","La signora era deceduta nel 2019 a 93 anni nella sua Lissone, in provincia di Monza, e non avendo marito né figli aveva disposto tutto nei minimi particolari in un testamento che aveva redatto con cura nel 2011 e depositato presso il notaio di fiducia. Dopo la sua morte il notaio aveva reso note le ultime volontà della donna, che a parte alcuni lasciti «minori» a due nipoti - figli di un fratello - aveva stabilito di lasciare la propria casa di Lissone e i 570 mila euro all'epoca presenti sui suoi conti ai monaci benedettini del monastero di Dumenza, in provincia di Varese.
Nelle sue disposizioni testamentarie la signora era stata molto precisa e meticolosa nel descrivere tutte le sue volontà, e aveva anche precisato che i monaci avrebbero dovuto occuparsi dei funerali e della sepoltura. Nulla era stato lasciato al caso: gli immobili, i lasciti ai nipoti, i mobili e gli arredi, e tutto ciò di cui disponeva. Insomma un testamento modello, come hanno poi sottolineato i giudici di Monza. Sì, perché questa vicenda è finita in un'aula di Tribunale dopo che i nipoti hanno rifiutato le somme che il notaio voleva loro corrispondere, come da testamento, in sede di esecuzione dello stesso, perché a loro dire esisteva un secondo testamento, redatto nel 2017 ed emerso solo nel 2022, nel quale la zia avrebbe lasciato tutti i suoi averi proprio a loro due, e a nessun altro.",human interest,20,3,0.5701,0,gold,0,1
-vjNeffdABU,corriere_della_sera,Genova-Milano in treno in 55 minuti dal 2030: a che punto sono i lavori,"Nuovo passo avanti per il Terzo Valico dei Giovi, l’infrastruttura ferroviaria destinata a rivoluzionare i collegamenti tra la Liguria, il Nord Italia e il cuore dell’Europa. È stata completata la tratta Castagnola-Vallemme, uno dei segmenti più complessi dell’intero progetto a causa delle difficili condizioni geologiche incontrate durante gli scavi. Nella mattinata di giovedì 21 maggio è stato abbattuto il diaframma del secondo binario in direzione nord, segnando il completamento di un tratto lungo circa 2,8 chilometri per ciascun binario tra i cantieri di Vallemme, nel comune di Voltaggio, e Castagnola, nel territorio di Fraconalto, in provincia di Alessandria.",science and technology,2,1,0.2952,0,silver,0,0
019ku18Adko,corriere_della_sera,"Addio a Renato Romagnoli, il partigiano “Italiano” che guidò la Resistenza di Bologna","Finché ha potuto, Renato “Italiano” Romagnoli ha scelto le scuole e i giovani per spiegare cos’è stata la Resistenza. «Cerco di tramandare quello che abbiamo fatto, che era sì terribile ma di cui sono orgoglioso». I più «tremendi» quelli delle elementari, che gli chiedevano quante persone avesse ucciso in quegli anni. «Gli rispondevo dicendo che se nella vita uccidi vai in galera, in guerra ti danno le medaglie. È il peggior dramma dell’umanità». Di medaglie lui ne aveva ricevuta una, importante, d’argento al valor militare per aver combattuto nella battaglia di porta Lame del 7 novembre 1944 e in quella della Bolognina del 15 novembre. Una medaglia che non ha mai spazzato via i tormenti di una vita. «Ancora adesso dormo agitato. Mia moglie mi chiede che succede e io mi invento sempre qualche scusa», raccontava.
È stato l’ultimo presidente partigiano dell’Anpi di Bologna, dopo di lui Anna Cocchi, nata negli anni successivi alla Liberazione. Nato sotto le Torri il 20 dicembre 1926 stava per compiere 100 anni, ma è morto prima, in un caldo giorno di maggio. Da giovane operaio della Ducati, si iscrisse presto al Pci e finì in galera dopo la caduta del regime fascista. Dopo la licenza all’istituto d'avviamento professionale diviene operaio alle Officine Civolani della Bolognina. Sul finire del 1942, a 16 anni, aderisce al Pci a cui resterà iscritto fino al 1982, qualche anno dopo l’intervista di Giampaolo Pansa a Enrico Berlinguer, «dove disse che si sentiva più al sicuro con la Nato: non mi colpì più di tanto». Dopo la caduta del regime fascista, viene arrestato il 27 luglio 1943 e in carcere ci resta fino al 17 settembre. Si sposta sulle montagne venete per formare i primi gruppi partigiani del posto, poi il 7 aprile 1944 ritorna a Bologna e diviene componente della 7ª Brigata Garibaldi GAP. Diventerà uno dei principali protagonisti della Resistenza in città.",society,4,2,0.5559,0,silver,0,0
06P2sBlAqf8,corriere_della_sera,"Abbiamo provato Gemini Omni, nuovo modello Google per creare video con l’intelligenza artificiale","Google ha appena lanciato Gemini Omni, il suo nuovo modello basato sull'intelligenza artificiale che consente di creare video di qualsiasi tipo, a partire da immagini, testi, audio e video. In altre parole, possiamo caricare qualsiasi tipo di immagine o di video, spiegare a voce o scrivere che tipo di contenuto vogliamo che l'intelligenza artificiale crei per noi e poi aspettare il risultato. Gemini Omni Flash è disponibile per tutti gli abbonati Google AI Pro e Ultra a livello globale attraverso l'app Gemini e Google Flow. Sarà poi disponibile gratuitamente anche per gli utenti di YouTube Shorts e dell'app YouTube Create. Abbiamo quindi deciso di fare una prova e chiedere a Omni di realizzare un video di una nostra collega, Cristina Marrone, mentre cammina sulla Luna: ecco com'è andata",science and technology,1,1,0.5,0,silver,0,0
0XkW6iFCmuw,corriere_della_sera,"Il sindaco di Modena: “L’uomo è stato fermato anche da cittadini stranieri, no agli avvoltoi”","«Le indagini sono in corso da parte della Procura. Però voglio dire questo: era un ragazzo di 31 anni, nato a Bergamo, residente a Ravarino. Aveva avuto degli elementi di schizofrenia che lo avevano portato a recarsi nei centri di salute mentale tra il 2022 e il 2024, ma non era sottoposto a Tso e sentendo il sindaco, la comunità di Ravarino, tutti mi dicono che era un ragazzo normale, che non aveva mai dato, mai, nessun segno di squilibrio visibile e conviveva tranquillamente in paese». Lo ha spiegato il sindaco di Modena Massimo Mezzetti, rispondendo a domande sul profilo di Salim El Koudri, fermato per strage e lesioni aggravate, dopo aver investito alcune persone in via Emilia Centro, ieri pomeriggio a Modena. «Io non so se aveva la patente o non aveva la patente, ma non sembrava ci fossero motivi. Poi ora interverranno gli organi preposti e ci diranno meglio nei prossimi giorni, immagino».","crime, law and justice",65,48,0.864,1,silver,1,1
13CAxuIcrUI,corriere_della_sera,Dopo settimane di maltempo arriva un anticipo d’estate: dal 21 maggio sole e caldo,"Giovedì 21 maggio sarà una giornata di generale bel tempo, con isolati piovaschi localizzati. Temperature sia minime che massime in tendenziale aumento, fenomeno che si accentuerà nel fine settimana con il predominio dell’anticiclone africano.",weather,0,0,0.0,0,silver,0,0
1INlCHAd7Ks,corriere_della_sera,Carvico (Bergamo): 59enne ferito con un colpo di fiocina nel parcheggio del supermercato,È durata circa nove ore la fuga dell’uomo che nel primo pomeriggio di ieri a Carvico ha ferito con un colpo di fiocina al petto un 59enne incensurato che aveva appena salutato la moglie nel parcheggio del supermercato Iperal. Il presunto autore è stato fermato a Sarnico in serata dal Nucleo operativo dei carabinieri della Compagnia di Zogno.,"crime, law and justice",4,4,0.7474,1,silver,1,1
1a28nfOG4ZI,corriere_della_sera,L’ex principe Andrea indagato per sospetti reati sessuali nell’ambito del caso Epstein,"Si allarga a possibili reati sessuali l’inchiesta sull’ex principe Andrea, il fratello di re Carlo e figlio prediletto della regina Elisabetta. Andrea era già stato brevemente arrestato e interrogato a febbraio, nel giorno del suo 66esimo compleanno, perché sospettato di aver passato informazioni governative riservate, quando era inviato speciale per il commercio estero, al suo amico e sodale Jeffrey Epstein, il finanziere pedofilo americano morto in carcere a New York per presunto suicidio.","crime, law and justice",6,3,0.6441,0,silver,0,1
2ZpnJ2x5goI,corriere_della_sera,"Grosseto, allo studentato il bagno per “11 generi”: uomo, donna, Batman, sirene, Zorro, alieni","«Uomo» e «donna» sono concetti superati. Almeno all'Its Eat Academy - la Cittadella dello studente di Grosseto - dove, oltre ai generi «scontati» di cui sopra, sulla nuova iconografica dei bagni compaiono Batman, una sirena, una donna incinta, Zorro, un alieno, R2D2 di Guerre Stellari e un uomo con la gonna. Per un totale di undici differenti categorie di persone, e non solo, come a dire: «Qui possono entrare tutti».
Le due porte (perché non una?) si traducono in due modi poco concilianti di pensare e di approcciarsi all'argomento.",society,38,27,0.8443,1,silver,1,1
3105yWlwvII,corriere_della_sera,La denuncia del parroco della cattedrale di Taranto: “Neanche un fiore per Sako Bakari”,"«Sono qui da 11 anni e una cosa simile non l’ho mai vista e vissuta. Non siamo in un luogo pericoloso. Qui ci conosciamo davvero tutti».
Don Emanuele Ferro, parroco 48enne della Cattedrale San Cataldo e delle chiese della città vecchia, si dice ancora «sconvolto» per la terribile morte di Sako Bakari, il 35enne bracciante del Mali ucciso all’alba di sabato in piazza Fontana a Taranto da un gruppo di giovani, quasi tutti minorenni.","crime, law and justice",76,32,0.8397,1,silver,1,1
3Ww6j-AGu_E,corriere_della_sera,Come ti immagini il futuro? | CORRIERE DELLA SERA 150 - con Raffaella Pannuti,"Raffaella Pannuti, Presidente della Fondazione ANT, racconta il valore di un impegno che ogni giorno fa la differenza.
Cura, assistenza e dignità: sono questi i pilastri su cui si fonda l’attività di ANT, da sempre accanto ai pazienti oncologici e alle loro famiglie.
Un contributo concreto al welfare sanitario, che mette al centro la persona e il diritto a un’assistenza gratuita e di qualità.

Powered by Fondazione Ant",health,0,0,0.0,0,silver,0,0
3_vBPVuQQf8,corriere_della_sera,Riportati in superficie i primi due corpi dei sub italiani morti alle Maldive,Recuperati i primi due corpi dei sub italiani morti nella grotta alle Maldive: lo conferma il portavoce del presidente del Paese. Il recupero degli ultimi due cadaveri verrà effettuato domani.,"disaster, accident and emergency incident",2,0,0.0,0,silver,0,0
3goS8XxWcsU,corriere_della_sera,"Milano, sospetti casi di Ebola: al Sacco protocollo sanitario speciale per due pazienti","All'ospedale Sacco di Milano, specializzato in casi di malattie infettive, è stato attivato il protocollo speciale per due pazienti ritenuti a rischio Ebola. L'alert è scattato all'alba a Lurate Caccivio e Bulgarograsso, nel Comasco, per due persone giunte nei due Comuni ed entrambe sbarcate alle 5.50 di domenica a Malpensa con un volo da Addis Abeba.",health,4,3,0.6843,0,silver,0,1
3wB-3Mgq6G0,corriere_della_sera,Il cardinale Pizzaballa: “Il video di Ben Gvir ferisce ma non sorprende: è la cultura del disprezzo”,"«Le immagini della Flotilla non sorprendono del tutto chi conosce da vicino questa terra, ma ogni volta feriscono, perché mostrano qualcosa che va oltre il singolo episodio. Non sono semplicemente scene di tensione: rivelano un clima, un modo di guardare l’altro che si è progressivamente deteriorato. È questo, forse, l’aspetto più preoccupante: non tanto il fatto in sé, quanto ciò che lo rende possibile».
Il cardinale Pierbattista Pizzaballa, patriarca di Gerusalemme, guiderà domani pomeriggio la Veglia di Pentecoste, una preghiera per la pace nella chiesa del convento salesiano di Ratisbonne. La situazione è un po’ migliorata rispetto a quando non potè celebrare la Domenica delle Palme: «Con il cessate il fuoco il Santo Sepolcro è aperto e non ci sono restrizioni, anche se il clima in generale resta teso in certe parti della città».",religion,21,16,0.8245,1,silver,1,1
4-qKoGqkRAg,corriere_della_sera,"Davide Cavallo, accoltellato in Corso Como: “Dopo le scuse dentro di me qualcosa si è ricucito”","Lo ha scritto. Lo ha fatto. L’abbraccio, da simbolico, annunciato in una lettera in cui esprimeva parole di comprensione per i ragazzi che lo hanno accoltellato, è diventato concreto, fisico. Davide Simone Cavallo li ha rivisti in faccia ieri. Due dei cinque ragazzi che in una folle aggressione dello scorso autunno lo hanno costretto all’invalidità. Durante l’attesa della sentenza ha avuto un momento di avvicinamento con loro. Poi è arrivata la decisione del giudice (20 anni per Alessandro Chiani, che lo ha colpito; dieci mesi per Ahmed Atia, per omissione di soccorso). Se la famiglia di Davide, come sottolineato dai propri legali, non si è detta «disposta a perdonare», lui invece ha dichiarato di andare verso quella direzione.
Davide, che giornata è stata? Come si sente?
«Davvero particolare. Nulla è stato facile».
Aveva dichiarato, prima del processo, che si aspettava una decisione «lucida e giusta». È andata così?
«Non sono felice, quando uno immagina cosa voglia dire per un ragazzo così giovane una condanna a 20 anni: farebbe male a chiunque. Sono contento da un punto di vista giuridico. Il giudice è stato bravo e intelligente, sento che è stata fatta giustizia, non mi sento preso in giro. Sono stati tutti molto professionali, anche i difensori. Ma soprattutto — ripeto — è il giudice che mi ha colpito; ha preso una decisione dura, coraggiosa però chiara, molto netta. Ha voluto dire: “Non andate in giro con i coltelli”».
All’altro ragazzo è andata diversamente.
«Penso sia stata una valutazione giusta anche per lui. E poi si è mostrato realmente pentito».
È stato coerente con quanto scriveva nella sua lettera. Ha abbracciato i suoi aggressori. Ci racconta come è andata?
«Le scuse le ho ricevute da entrambi, ma quelle di Atia sono state particolarmente sentite. Sono entrato in aula, e credevo di non avere la possibilità di parlare con loro. Questo mi disturbava».","crime, law and justice",29,14,0.8026,1,silver,1,1
5tuRWlN0Zc0,corriere_della_sera,Il padre del tifoso della Juve ferito: “Non c’è stato un peggioramento”,"«Spero che mio figlio si riprenda e non abbia danni permanenti. Ho fatto il viaggio da Casale Monferrato alle Molinette temendo di vederlo su un tavolo di marmo, ho avuto la benedizione di vederlo ancora in vita e questo un po’ mi aiuta». Pierluigi Basoccu si è precipitato a Torino nella serata di domenica, quando ha saputo dell’incidente che aveva coinvolto il figlio Marco durante le tensioni prima del derby.",sport,0,0,0.0,0,silver,0,1
6ZPpR075vGo,corriere_della_sera,"Flotilla, intercettate tutte le barche: 29 italiani trattenuti da Israele. Tajani chiede verifiche","Sul tracker online della Global Sumud Flotilla, che dà conto della rotta delle barche dirette a Gaza, si vedono solo dei pallini rossi. Una dopo l’altra le 54 imbarcazioni partite dalla Turchia sono state intercettate dalla marina israeliana nel Mediterraneo orientale. Martedì pomeriggio è stato fermato anche Dario Salvetti, del Collettivo di fabbrica ex Gkn, che poche ore prima aveva detto al Corriere: «Continueremo anche se resterà una sola barca in mare». Le ultime immagini mostrano soldati israeliani sui gommoni Zodiac avvicinarsi alle imbarcazioni, gli equipaggi con i giubbotti di salvataggio e le mani alzate. Poi il buio.
La tensione è salita ulteriormente nel pomeriggio quando la portavoce italiana della Flotilla, Maria Elena Delia, ha denunciato che la Marina israeliana avrebbe aperto il fuoco contro alcune imbarcazioni. «Stanno sparando proiettili, non sappiamo se veri o di gomma», ha dichiarato, sostenendo che sei barche sarebbero state colpite, tra cui la Girolama battente bandiera italiana. Israele non ha commentato direttamente l’accaduto. Video diffusi dalla diretta streaming mostrano colpi sparati durante gli abbordaggi, ma non è chiaro il tipo di munizionamento utilizzato e al momento non risultano feriti.","conflict, war and peace",60,48,0.8657,1,silver,1,1
6jPBpasRVZA,corriere_della_sera,"Marco Basoccu, ferito alla testa prima del derby Torino-Juventus: sono otto i tifosi arrestati","Alcune telecamere di videosorveglianza avrebbero ripreso il momento del ferimento di Marco Leonardo Basoccu, il tifoso della Juventus rimasto ferito ieri pomeriggio a Torino negli scontri che hanno preceduto il derby della Mole. Il 36enne, appartenente ai Viking, sarebbe stato ripreso in piazzale San Gabriele di Gorizia, poco lontano dallo Stadio Olimpico Grande Torino al momento delle tensioni e successivamente immortalato mentre si accascia subito dopo aver superato il varco d’ingresso del settore ospiti. Nel frattempo sono otto i tifosi arrestati, undici i Daspo.",sport,1,1,0.5,0,silver,0,1
775CC6cxmWw,corriere_della_sera,"Condannati a 20 anni e 10 mesi gli aggressori di Davide Cavallo, accoltellato a Milano","Una pena altissima per l'esecutore materiale: 20 anni. Dieci mesi per il complice, reo di omissione di soccorso. È stata pronunciata poco dopo le 13 di oggi, mercoledì 20 maggio, la sentenza di primo grado per l'aggressione a Davide Simone Cavallo, studente 23enne che, accoltellato in Corso Como nell'orrobre 2025 per una sigaretta, è rimasto invalido. L'accusa per Alessandro Chiani, monzese, neo 19enne, aveva chiesto 12 anni e 10 per Mohamed Atia.","crime, law and justice",19,13,0.8099,1,silver,1,1
7Plq0piN6gQ,corriere_della_sera,Francesca Pascale: “Il patrimonio di Berlusconi lo investo nel mattone”,"La relazione decennale con Silvio Berlusconi, l’amore naufragato con Paola Turci, la grande villa in Toscana con i suoi «moltissimi cagnolini» e, adesso, l’«attività immobiliare» tra Roma, Fregene e Fiesole, con un sogno nel cassetto: tornare a fare politica attiva. Fra gioie e dolori Francesca Pascale, donna che a 20 anni cenava con i capi di Stato, a 40 si rimette in gioco a tutto campo. «Sono presa da mille cose e ho tanti progetti».
Pochi giorni fa la sua ex compagna Paola Turci ha rilasciato un’intervista. Vuole replicare?
«Non ho nulla da replicare o da aggiungere. Per me è un capitolo chiuso».",human interest,7,6,0.7702,1,silver,1,1
8T5oxeWyCgg,corriere_della_sera,"Maldive, la legale del tour operator italiano: “Non sapevamo dell’immersione oltre i 30 metri”","«Non sapevamo che si sarebbero immersi oltre i trenta metri. E se lo avessimo saputo, non lo avremmo mai consentito». Orietta Stella, legale di Albatros Top Boat - società italiana che opera (gestisce ma senza equipaggio) lo yacht coinvolto nella strage di sub italiani e di proprietà di un armatore maldiviano - scandisce la frase che diventa la linea difensiva del tour operator finito al centro della tragedia delle Maldive. Cinque morti nell’atollo di Vaavu, una grotta ad almeno cinquanta metri di profondità, una crociera scientifica trasformata in un caso internazionale.
Avvocato Stella, Albatros Top Boat sapeva che giovedì scorso era prevista un’immersione oltre i trenta metri?
«No. Non solo non lo sapeva, ma non l’avrebbe mai consentita».
Perché?
«Perché non era prevista. Alle Maldive, per quel tipo di immersioni, scendere oltre i trenta metri costituisce una violazione amministrativa. Per superare quel limite serve un provvedimento specifico dell’autorità marittima maldiviana. Questa autorizzazione, almeno da parte nostra, non era stata chiesta».
Quindi Albatros Top Boat esclude di aver autorizzato quell’immersione?
«Lo esclude categoricamente. Peraltro Albatros Top Boat è un tour operator che opera la barca Duke of York, non è l’armatore e non aveva dipendenti a bordo»","disaster, accident and emergency incident",17,9,0.7762,1,silver,1,1
8btSf_jcUE4,corriere_della_sera,"Sempio non si farà interrogare. La difesa: “I soliloqui in auto erano commenti, non confessioni”","Un lavoro iniziato lo scorso ottobre e concluso solo nelle ultime ore dopo aver analizzato le carte depositate dalla Procura. Cinque consulenze e una memoria specifica per «contestare» gli ormai famosi soliloqui di Andrea Sempio. Ma nessuna richiesta di interrogatorio davanti ai pm. Se ne parlerà semmai davanti al giudice durante l’udienza che dovrà decidere sul rinvio a giudizio che sarà richiesto dalla Procura.
La difesa di Sempio, il 38enne accusato dalla procura di Pavia di omicidio aggravato per l’uccisione di Chiara Poggi, punta tutto sulla consulenza affidata a Giacomo De Angelis, esperto nella produzione di scarpe, per «smontare» la compatibilità tra il piede dell’indagato e le 25 tracce a pallini rilevate sulla scena del crimine e considerate l’impronta lasciata dal killer. In sostanza il piede di Sempio sarebbe a pianta troppo «larga» per quel tipo di scarpa. Un elemento che, secondo i legali Angela Taccia e Liborio Cataliotti, se provato basterebbe ad escludere Sempio dal delitto. Anche se le ultime consulenze della Procura affidate al Ris hanno, in realtà, messo in dubbio addirittura l’identificazione di quella traccia, data per certa nelle ricostruzioni dei processi a Alberto Stasi (condannato a 16 anni), in una scarpa Frau numero 42.","crime, law and justice",9,4,0.6817,0,silver,0,1
8dfkFfLSh0I,corriere_della_sera,Hostess molestata dal sindacalista nel caso “30 secondi”: chiesti due anni di reclusione per l’uomo,"Il sostituto pg di Milano Angelo Renna, nel processo di secondo grado bis, ha chiesto una condanna a 2 anni per l'ex sindacalista Raffaele Meola, che lavorava all'aeroporto di Malpensa, imputato per violenza sessuale nel processo scaturito dalla denuncia di Barbara D’Astolto, di professione hostess, che nel 2018 raccontò di aver subito abusi. Un caso che ha provocato polemiche, perché con due sentenze, di primo e secondo grado, il 48enne era stato assolto poiché, scrivevano i giudici, la donna in «30 secondi» avrebbe potuto opporsi.","crime, law and justice",6,3,0.6441,0,silver,0,1
BNuvGWhE3Ec,corriere_della_sera,"Trump annuncia: “Accordo fatto, Hormuz aperto e 60 giorni di tregua”","Nella serata di sabato (23 maggio ndr.) il presidente degli Usa ha annunciato che un accordo con l'Iran «è stato in gran parte negoziato» e che gli aspetti finali e i dettagli «sono attualmente in discussione e saranno annunciati a breve», tra questi c'è anche la riapertura di Hormuz che Trump ha assicurato.
Secondo la bozza dell'accordo, il cessate il fuoco verrebbe prorogato per 60 giorni, periodo durante il quale lo Stretto di Hormuz resterebbe aperto senza imposizione di tariffe o restrizioni alla navigazione commerciale. L'Iran si impegnerebbe inoltre a rimuovere eventuali mine collocate nel tratto marittimo per garantire la liberta' di passaggio delle navi.",politics and government,29,24,0.8443,1,silver,1,1
CAVns3bw4tc,corriere_della_sera,Un euro in più per il basilico sulla pizza Margherita: polemica a Bari,"C’è chi lo ha definito un dettaglio trascurabile e chi, invece, l’ennesimo simbolo di una ristorazione sempre più distante dalla percezione comune del cliente. A Bari, nelle ultime ore, a far discutere non è stata una pizza gourmet né un conto astronomico in un locale esclusivo, ma un semplice supplemento comparso su uno scontrino: un euro per l’aggiunta del basilico su una pizza Margherita.",lifestyle and leisure,24,12,0.7942,1,silver,1,1
E6p7Iil_X00,corriere_della_sera,«El Koudri non ha parlato al gip ma ha fornito i codici di sblocco del suo cellulare»,"ll punto del legale Fabio Giannelli intervistato dal nostro inviato Alfio Sciacca 

 Guarda il video su Corriere: https://video.corriere.it/cronaca/video-verticali/-el-koudri-non-ha-parlato-al-gip-ha-fornito-i-codici-di-sblocco-del-cellulare-/d2466cbf-f93d-42a6-b6fd-b7d245244xlk 

 Davanti al gip di Modena, nell'udienza di convalida che si è svolta in carcere, Salim El Koudri non ha detto nulla in merito ai fatti di sabato, quando aModena si è lanciato a tutta velocità con l'auto sui passanti, ma ha fornito i codici di sblocco del suo cellulare, che potrà così essere analizzato per approfondire la personalità e il passato del giovane. L'avvocato Fausto Gianelli fa il punto insieme al nostro inviato a Modena Alfio Sciacca.","crime, law and justice",43,31,0.8496,1,silver,1,1
EYMrDAN1H4U,corriere_della_sera,"Milano, flash mob per la Palestina: legati e inginocchiati come i membri della Flotilla",A Milano i manifestanti si sono legati e inginocchiati durante un flash mob per inscenare le condizioni di cattura a cui sono stati sottoposti i membri della Flotilla. Durante l’iniziativa sono stati esposti cartelli e striscioni con messaggi contro la guerra e a favore dell’apertura di corridoi umanitari.,"conflict, war and peace",25,21,0.8396,1,silver,1,1
EnSlebXIqvQ,corriere_della_sera,"A Casoria, Napoli, un 16enne è morto dopo aver mangiato un gelato: era allergico al lattosio","Un gelato consumato con degli amici, poi un malore improvviso e dopo qualche minuto, il decesso. Qualcosa è andato storto e questa è la sorte toccata ieri sera ad un ragazzo di 16 anni, Adriano D'Orsi. L'episodio si è verificato a Casoria, popoloso centro alle porte di Napoli, intorno alle 23 in una gelateria di via Bologna e l'autorità giudiziaria ha per questo disposto il sequestro della salma e l'autopsia.",health,11,2,0.4576,0,silver,0,1
F3zBXrBUUr8,corriere_della_sera,"È morto il fondatore di Slow Food Carlo Petrini, gastronomo visionario: faceva politica con il cibo","«Sediamoci a tavola». La regola, per Carlo Petrini, era questa. E lo aveva fatto anche con chi scrive, una delle prime volte che ci eravamo incontrati a Pollenzo, la sua creatura visionaria e illuminata: un’università dedicata alle Scienze gastronomiche che ancora oggi tutto il mondo ci invidia e che era la cosa di cui lui, presidente, andava più orgoglioso: «L’abbiamo ristrutturata senza soldi. Nessuno ci credeva. E invece... Sono venuti a studiarci da Harvard». Era a tavola dunque, per il fondatore del movimento mondiale di Slow food, che ci si guardava negli occhi e si ragionava sul futuro.
Ieri sera però il suo futuro si è fermato e Carlin, come lo chiamavano gli amici usando quel soprannome che era appartenuto al nonno, si è spento nella sua amatissima casa di Bra, in provincia di Cuneo.
Aveva 76 anni.",human interest,5,3,0.6613,0,silver,0,0
GF_i2HFVJ8s,corriere_della_sera,"A bordo di Luna Rossa, ecco com'è fatto l'AC40 in gara a Cagliari (aspettando l'America's Cup)","Cagliari si accende dal 22 al 24 maggio: due giorni di regate di flotta, poi la conclusione con il match race tra i migliori classificati. In gara anche Luna Rossa, che a Cagliari ha base da 10 anni 

 Guarda il video su Corriere: https://video.corriere.it/video-verticali/a-bordo-di-luna-rossa-ecco-com-e-fatto-l-ac40-in-gara-a-cagliari-aspettando-l-america-s-cup-/686b5d39-32dc-4ad0-833e-41c9325fdxlk 

 ​«Inizia finalmente il nuovo ciclo di America’s Cup. I velisti avranno la possibilità di testarsi in acqua contro gli altri equipaggi»: l’entusiasmo e l’adrenalina di Max Sirena, team director e skipper di Luna Rossa, è quello che caratterizza ogni componente del team per le regate preliminari di America’s Cup. È il primo passo della Road to Naples 2027: la prima edizione italiana della competizione velica più famosa e antica al mondo.Cagliari si accende dal 22 al 24 maggio: due giorni di regate di flotta, poi la conclusione con il match race tra i migliori classificati. In gara ci sono Luna Rossa, la squadra di casa, che a Cagliari ha la sua base da 10 anni; Emirates Team New Zealand, il defender della Coppa; gli inglesi di GB1; il team francese La Roche Posay Racing Team e gli svizzeri di Tudor Team Alinghi (assenti americani e australiani). Protagonista di queste regate preliminari è l’AC40, monoscafo foiling identico per tutti i team. «È una barca che trasmette tantissimo perché è relativamente piccola (meno di 12metri di lunghezza, ndr), che fa grandi velocità. Ha tanto grip sui foil, l’AC40 ha una grande forza G nelle virate e strambate e si raggiungono anche 50 nodi di velocità (oltre 90 km orari)» racconta Ruggero Tita, timoniere di Luna Rossa e oro olimpico nel Nacra 17 a Parigi 2024 e Tokyo 2021. A bordo, quattro velisti per un equipaggio misto con l’integrazione di giovani e donne nel team principale. «C’è un punto della regata in cui diventiamo una cosa sola. Sarà una regata di altissimo livello, ma siamo sotto pressione perché soltanto in acqua scopriremo a che punto di preparazione siamo» dice Margherita Porro, timoniera di Luna Rossa.«Sentiremo il pubblico, i tifosi, ci aspettiamo migliaia di barche in mare» aggiunge Max Sirena che già guarda al prossimo anno, «per la prima volta dopo l’edizione dell’America’s Cup di Barcellona, abbiamo messo in acqua l’AC75 che sarà poi la barca dell'America's Cup. Abbiamo fatto le prime prove dei nuovi sistemi di volo della barca. Da un punto di vista di geometrie, è la stessa ma avrà un cuore nuovo: non ci saranno più i ciclisti, i sistemi di bordo verranno cambiati. Sarà quella che useremo per la competizione vera e propria e alla fine di queste regate inizieremo a lavorare in vista di Napoli».",sport,4,3,0.6843,0,silver,0,0
HTk49Sg3ScQ,corriere_della_sera,Neymar Jr. in lacrime dopo la convocazione al prossimo Mondiale con il Brasile,"La Seleção, la nazionale brasiliana, ritrova il suo Neymar. Carlo Ancelotti, allenatore dei Verdeoro, ha annunciato ieri, in diretta televisiva, la lista dei convocati per i prossimi Mondiali, che inizieranno l’11 giugno in tre Paesi: Messico, Canada e Stati Uniti. Al momento della lettura del nome di Neymar Jr., il giocatore del Santos si è commosso fino alle lacrime. Sul web, però, sono diventati virali anche moltissimi video in cui si vedono tifosi brasiliani esultare per il ritorno in nazionale del calciatore, molto amato nel Paese.",sport,1,1,0.5,0,silver,0,0
Hy9q8bYrG6E,corriere_della_sera,Si addormenta in pausa pranzo e viene licenziata: ora l’azienda dovrà pagarle 35 mila euro,"Impiegata, e madre da pochi mesi, si era appisolata durante la pausa pranzo ma era stata scoperta e licenziata dalla ditta dove lavorava da anni, ora il Tribunale di Varese ha stabilito che il provvedimento dell'azienda era stato assolutamente illegittimo e la donna dovrà essere indennizzata con 15 mensilità, circa 35 mila euro, più Tfr e contributi.
L'episodio era avvenuto tre anni fa quando la 35enne, assunta a tempo indeterminato come impiegata amministrativa di una ditta del Varesotto, ad aprile del 2023 aveva timbrato il cartellino per uscire in pausa pranzo intorno alle 13. Dopo nemmeno mezz'ora però aveva deciso di rientrare in azienda e di dedicare gli ultimi 30 minuti di pausa a riposare, per recuperare un po' di sonno arretrato, visto che il bimbo piccolo la faceva dormire poco. La ragazza, che soffriva anche di ansia e attacchi di panico, era entrata nell'infermeria dell'azienda, dove si era stesa su un divanetto e si era addormentata. Solo che al rientro anticipato dal pranzo aveva istintivamente timbrato il cartellino, un gesto che da lì a poco le sarebbe costato il posto di lavoro. Alcuni colleghi l'avevano trovata sul divano dell'infermeria a dormire e purtroppo per lei se ne erano accorti anche i suoi superiori. L'azienda a quel punto aveva avviato un procedimento disciplinare a suo carico e a maggio dello stesso 2023 la neomamma era stata licenziata.",labour,14,6,0.7306,1,silver,1,1
JnLp9NYdT1E,corriere_della_sera,Confermata in appello la condanna a 8 mesi all’ex sottosegretario Delmastro per il caso Cospito,"Dopo oltre due ore di camera di consiglio la Corte d'Appello di Roma ha confermato la condanna a 8 mesi per Andrea Delmastro, l'ex sottosegretario alla Giustizia dimessosi a marzo scorso dopo lo scandalo «Bisteccheria». Era accusato di rivelazione del segreto d'ufficio sul caso dell'anarchico Alfredo Cospito.
«Non condivido la decisione della Corte, ma ne prendo atto. Non ho intenzione di fermarmi qui. Andrò fino in Cassazione, faremo ricorso», ha detto Delmastro ai cronisti lasciando il tribunale. Poi, è andato via senza più rispondere ad alcuna domanda davanti alle telecamere.
L'articolo di Ilaria Sacchettoni continua sul Corriere","crime, law and justice",22,3,0.5667,0,gold,0,1
KKK1ds7GbQ0,corriere_della_sera,Ahmed Atia e l’abbraccio con Davide Cavallo: “Non avrei saputo perdonare come ha fatto lui”,"I mesi in cella a comporre testi rap, a lavorare come «scrivano» per gli altri detenuti, a ripensare a «quella notte» in cui voleva divertirsi nei locali alla moda, e a Davide Cavallo, a come stava, ai suoi guai. Sei mesi a San Vittore culminati con una sentenza che lo riconosce non partecipe dell’accoltellamento — dieci mesi per omissioni di soccorso, a fronte di una richiesta del pm di dieci anni per concorso in tentato omicidio e rapina — preceduta dal momento dell’abbraccio in aula con Davide, il 22enne pestato e accoltellato lo scorso ottobre, e ora, nonostante i danni permanenti riportati, disposto a perdonare il responsabile di un gesto tanto crudele e insensato.
«Ci siamo avvicinati, ci siamo salutati, ci siamo parlati, Davide mi ha guardato e mi ha detto: “Stai attento, prenditi cura della tua vita”». Un breve momento di silenzio e poi aggiunge: «Questa cosa la apprezzo tanto, io non sarei stato in grado di perdonare come sta facendo lui; la mia vita deve ripartire da quell’abbraccio».
Ahmed Atia, 18 anni, e il primo giorno di libertà per un ragazzo della periferia di Monza che si è fatto un po’ più adulto, dopo sei mesi in carcere. Contestazioni cadute in primo grado per il ragazzo egiziano arrivato in Italia nel 2014. L’avvocato Elena Patrucchi, che lo ha difeso, ha sempre creduto nella sua estraneità ai fatti («fin dall’inizio ho sostenuto che le immagini delle telecamere lo collocavano fuori dalla scena dell’aggressione», dice la legale). Di diverso avviso la procura di Milano, che gli ha contestato il concorso con l’amico Alessandro Chiani, che ha materialmente inferto i colpi a Cavallo e altri tre minori. La sentenza, inaspettatamente, ha di fatto scagionato Atia dagli addebiti più gravi e ha punito Chiani ben oltre le conclusioni del pm, con la condanna a 20 anni.","crime, law and justice",5,3,0.6613,0,silver,0,1
LBE5MU3kyT0,corriere_della_sera,Il libro della settimana secondo Vanni Santoni,"«La sicurezza della nazione ungherese» di László Krasznahorkai 

 Guarda il video su Corriere: https://video.corrierefiorentino.corriere.it/il-libro-della-settimana-secondo-vanni-santoni/84b476f3-c913-42d3-be80-1705095e0xlk 

 Dal Salone del libro di Torino, «La sicurezza della nazione ungherese» di László Krasznahorkai (Bompiani), l’ospite d’onore di questa edizione della manifestazione e Premio Nobel per la letteratura","arts, culture, entertainment and media",1,1,0.5,0,silver,0,0
MX3w2QZ_Iqc,corriere_della_sera,"26 ore sotto la pioggia per l’orologio Swatch Royal pop: “Si paga 400 euro, si rivende al triplo”","«Non ho dormito, sono rimasto seduto su una sedia tutta la notte sotto la pioggia. Però sono entrato per primo e sono felice». Francesco, 25 anni, ha gli occhi cerchiati dal sonno ma stringe orgoglioso il suo trofeo: è stato il primo cliente in assoluto a completare l'acquisto, sabato, dopo aver presidiato via Cappello a Verona, poco distante dalla Casa di Giulietta, dalle 7.30 del venerdì mattina. Accanto a lui, sorride Alessia, 27 anni, la cliente numero tre, che ha condiviso la stessa identica maratona sul marciapiede, presidiando la testa della fila da venerdì mattina fino a sabato: «Essendo tra i primi, ho potuto scegliere il colore e ho preso il nero. È un regalo per il mio papà».
Swatch per Audemars Piguet: la ""limited edition"" Royal Pop
Dopotutto, c'è sempre una ragione se si decide di sottoporsi a una prova di resistenza psicofisica di questa portata. E allora lo abbiamo chiesto direttamente a chi ha trascorso la notte all'addiaccio, sfidando il meteo e un autentico Far West urbano. La risposta sta nel cortocircuito perfetto del marketing moderno: il Royal Pop, la nuova collezione limited edition frutto della collaborazione tra Swatch e il colosso dell’alta orologeria Audemars Piguet. Un pocket watch da 400 euro senza cinturino che reinterpreta mostri sacri da oltre cinquantamila euro. Un miraggio di esclusività accessibile che ha scatenato una vera e propria febbre dell'oro.",lifestyle and leisure,48,32,0.8489,1,silver,1,0
MgAcFbS_D5c,corriere_della_sera,"Assegnate le Bandiere Blu 2026, le spiagge migliori d’Italia salgono a 257. Liguria la più premiata","Ancora più Bandiere Blu in Italia: si è appena svolta l’edizione 2026 del riconoscimento internazionale della FEE (Foundation for Environmental Education). Le Bandiere Blu 2026 sono state assegnate alle località di mare e sui laghi, agli approdi turistici e alle spiagge migliori della Penisola nel corso di una cerimonia a Roma. Quest'anno ben 257 località costiere ottengono il vessillo che attesta la trasparenza delle acque di balneazione e la gestione sostenibile del territorio. 11 in più rispetto al 2025: sono 14 le nuove località premiate, contro 3 comuni non confermati, che perdono la bandiera per quest'anno.",environment,0,0,0.0,0,silver,0,0
NkmHsR5MvQM,corriere_della_sera,"Crans-Montana, il calciatore Tahirys Dos Santos riappare con la fidanzata, che lui salvò nel rogo","La giovane promessa del calcio svizzero, Tahirys Dos Santos, si trovava al bar Constellation il primo gennaio del 2026. Era con la sua compagna e alcuni amici. La coppia fu intrappolata nel rogo ma riuscì a sopravvivere alla tragedia che ha causato, ricordiamolo, 41 morti e 115 feriti. Il prezzo che pagarono fu comunque altissimo: gravi ustioni sul 30% del corpo, evidenti ancora oggi sulle braccia, sul busto e sul volto. Quella notte, Dos Santos mostrò anche una buona dose di eroismo: invece di fuggire corse di nuovo nell’incendio per salvare la sua fidanzata, Coline.
Santos gioca nel Metz, Ligue 1 francese. Nei giorni scorsi è riapparso in pubblico, con la sua fidanzata, per la prima volta dall’incidente. Hanno partecipato alla cerimonia dei Trofei Unfp a Parigi, in cui vengono premiati i migliori giocatori e giocatrici del calcio francese della stagione. I due si sono fatti fotografare. Entrambi vestiti di nero, Coline sorridente, braccia scoperte, vistose cicatrici.",sport,6,3,0.6441,0,silver,0,0
NrEDu1agMz4,corriere_della_sera,A Bologna tortellini artigianali a 59 euro al chilo,"«Abbiamo ricevuto commenti in cui criticano il prezzo dei tortellini: “51 euro al kg? Ma siete pazzi?”. Intanto sono 59 euro. E poi: facciamo due conti...». Comincia così un reel di Instagram realizzato da Claudio Ianiri, del pastificio La Sfoglina Bio, inaugurato in autunno, quotatissimo e ora in rampa di lancio a Bologna. Segue rapida lezione: «Noi per fare un chilo di tortellini ci mettiamo due ore, quindi 17 euro lordi (per due) di manodopera, dodici euro di materia prima (solo il Parmigiano lo paghiamo 24 euro al kg), mettiamo 10 euro di costi di gestione e fanno 56 euro. Li vendiamo a 59, e se ci aggiungiamo qualche spesuccia extra, andiamo addirittura a rimetterci». Il reel in questione a ieri aveva già ottenuto 366 mila visualizzazioni e quasi 7 mila cuoricini. I commenti sono di altro tenore, rispetto ai primi citati: «Bravi, la qualità si paga», il senso generale.
Al telefono la voce di Ianiri, che gestisce l’attività, è la stessa del reel dall’accento marcatamente bolognese che già da solo spinge a un’ordinazione istantanea online di tagliatelle e tortellini. La Sfoglina Bio, oltre ad essere l’unico pastificio artigianale di pasta fresca certificato biologico in Emilia-Romagna, è infatti un laboratorio che produce on demand attraverso una piattaforma digitale (ma ha anche punti vendita sul territorio). «Sono arrivate richieste fin da Singapore, ma non siamo ancora pronti, per ora distribuiamo in Italia. Abbiamo inviato tortellini pure a Lampedusa».","economy, business and finance",36,11,0.7745,1,gold,1,0
NxmhNHc7fjs,corriere_della_sera,"Igor Protti, malato di tumore, accompagna la figlia all'altare: la foto commuove i tifosi italiani","C’è un’immagine che, più di molte parole, racconta la forza di Igor Protti. L’ex bomber del Bari, rimasto nel cuore della tifoseria biancorossa, ha accompagnato la figlia Noemi all’altare nel giorno del suo matrimonio. Uno scatto pubblicato sul suo profilo Instagram, diventato in poche ore un piccolo racconto collettivo di affetto, commozione e vicinanza.
Nella foto Protti è accanto alla figlia e al futuro genero. Un momento privato, familiare, ma subito condiviso da centinaia di tifosi e amici, che sotto il post hanno lasciato messaggi di incoraggiamento e stima: «forza della natura», «persona speciale», «grande Igor». Parole semplici, arrivate non solo da Bari ma anche da Livorno e dalle altre piazze che hanno conosciuto il suo calcio e il suo carattere.
Il significato dello scatto va oltre la cerimonia. Da luglio 2025 Protti ha reso pubblica la malattia, un tumore al colon che lo ha costretto ad affrontare interventi, cure e complicazioni. Una prova dura, vissuta con riservatezza ma anche con la volontà di non nascondere il percorso. Per questo l’immagine dell’ex attaccante che arriva all’altare con Noemi ha colpito così tanto: non una scena costruita, ma il gesto essenziale di un padre che vuole esserci.",human interest,16,0,0.0,0,silver,0,0
OxBp0sTnSsE,corriere_della_sera,Osama Mohamed Shallaby: “Così io e mio figlio abbiamo bloccato El Koudri. Paura? Era giusto farlo”,"«Perché l’abbiamo fatto? Ma perché è giusto così. Non è che ci abbiamo pensato più di tanto. Ho visto quello che scappava col coltello in mano e mi è venuto spontaneo dire a mio figlio: “Corri, prendilo, non lasciarlo andare”». Osama Mohamed Shallaby, egiziano, 56 anni, non ci vede nulla di straordinario nel suo gesto. Lui, suo figlio Mohamed Osama di 20, e un altro ragazzo originario del Bangladesh sono i tre cittadini stranieri che sabato pomeriggio hanno rincorso e immobilizzato Salim El Koudri, in fuga dopo aver tentato una strage con l’auto lanciata a folle velocità. In particolare il sangue freddo di suo figlio è stato decisivo per evitare che il primo che è intervenuto per fermare l’attentatore, Luca Signorelli, venisse colpito da una terza coltellata che avrebbe anche potuto ucciderlo.","conflict, war and peace",139,68,0.8668,1,silver,1,1
P5TkXyzJhIo,corriere_della_sera,Attivisti della Flotilla tornano in Italia: i racconti delle “torture fisiche e psicologiche”,"«L’unica cosa a cui è servito il mio passaporto italiano è stata infilarmelo tra la fronte e il cemento per non farmi entrare la terra negli occhi». Martina Comparelli, 33 anni, milanese, attivista climatica e collaboratrice di Fanpage, era a bordo dell’Iridescence, una delle imbarcazioni della Global Sumud Flotilla diretta verso Gaza. Quando racconta le ore successive all’abbordaggio israeliano la voce si spezza più volte. «Ci hanno fatto stare in ginocchio con la testa a terra sotto il sole cocente. Ci facevano ascoltare l’inno israeliano e se alzavamo la testa ce la spingevano di nuovo giù».
Giovedì gli attivisti italiani sono rientrati in patria. I primi ad arrivare sono stati il deputato del M5S Dario Carotenuto e il giornalista del Fatto Quotidiano Alessandro Mantovani, rilasciati già mercoledì sera. Tutti gli altri sono sbarcati tra Roma Fiumicino e Milano Malpensa in tarda serata dopo aver fatto scalo a Istanbul. Ad accoglierli familiari e volontari della Global Sumud Italia visibilmente in ansia.","conflict, war and peace",202,150,0.8904,1,silver,1,1
P9GHDc1G1CY,corriere_della_sera,Il ministro israeliano Ben Gvir deride gli attivisti della Flotilla ammanettati e bendati,"Le immagini arrivano dal porto israeliano di Ashdod. Gli attivisti della Global Sumud Flotilla sono in ginocchio, con le mani legate dietro la schiena, circondati dagli agenti dello Shin Bet. Davanti a loro il ministro della Sicurezza nazionale israeliano Itamar Ben Gvir sventola la bandiera israeliana e li schernisce. «Guardate come sono ridotti ora. Non eroi, sostenitori del terrorismo», dice nel video diffuso sui suoi social.
Tra i fermati ci sono anche 29 italiani. In una nota congiunta Giorgia Meloni e Antonio Tajani hanno definito «inaccettabile» il trattamento riservato da Israele agli attivisti della Flotilla, aggiungendo che l’Italia «pretende le scuse per il totale disprezzo dimostrato nei confronti delle esplicite richieste del governo italiano». La Farnesina ha inoltre annunciato la convocazione dell’ambasciatore israeliano per chiedere «chiarimenti formali» su quanto accaduto.",politics and government,210,149,0.8897,1,silver,1,1
QMrY7ORqz_s,corriere_della_sera,"Napoli, le immagini della Vela rossa di Scampia crollata al suolo: era già in demolizione","Il crollo di una parte dell'edificio ha interessato, alle 23 di ieri 19 maggio, la Vela Rossa nel quartiere Scampia a Napoli. Il fabbricato era disabitato perché in fase di demolizione e in parte già abbattuto. Il cedimento ha interessato il vano ascensore all'interno dell'edificio. Non ci sono feriti, solo una persona è stata trasportata in ospedale per accertamenti. I residenti di una palazzina di sei piani vicina alla Vela, che è stata sfiorata da alcuni detriti caduti, sono stati allontanati in via precauzionale. In totale sono 47 le famiglie evacuate.
Il cedimento, avvenuto in Viale della Resistenza, ha fatto scattare immediatamente il sistema dei soccorsi. In Prefettura è stato attivato il Centro coordinamento mentre al Comune di Napoli quello di intervento operativo. Sul posto le forze dell'ordine e il 118, oltre a vigili del fuoco e protezione civile. L'area è stata delimitata e messa in sicurezza. Allestita una area di accoglienza temporanea per le famiglie evacuate. In allestimento anche un gruppo elettrogeno per dare corrente elettrica a tutta la zona che ne è priva, poiché il crollo ha distrutto una cabina secondaria.","disaster, accident and emergency incident",2,0,0.0,0,silver,0,1
QsaKiXHRZ8k,corriere_della_sera,Concita De Gregorio: “La malattia non è un dono. Mi guardavo allo specchio e vedevo…”,"Concita De Gregorio, come sta?
«Sono contenta di esserci».
La malattia fende la vita delle persone. C’è un «tempo del prima» e «un tempo del dopo». De Gregorio attraversa questo crinale con dolcezza e profondità nel libro «La cura», partendo dalla diagnosi di cancro al seno arrivata nel 2022.
Ci sono due tempi?
«Il tempo del prima è un tempo in cui le cose si possono rimandare: “lo faccio l’anno prossimo”, “ci vediamo presto”. Il tempo del dopo, no. Perché non c’è tempo».
E allora anche un viaggio intercontinentale lungo due giorni diventa «da fare subito».
«Il mio figlio più piccolo vive in Australia. Non potevo dirgli per telefono della malattia, dovevo vederlo. Se non hai di fronte chi parla, non capisci, immagini scenari terribili. L’operazione era imminente, chiesi ai medici di poter partire. Sapevo dei pericoli: se hai un impianto sottopelle che ti mette a rischio embolia e se devi fare le cure ospedaliere tre volte alla settimana, un volo così lungo è sconsigliabile».
Però quell’abbraccio fisico era necessario.
«Sapevo che sarebbe stata una medicina. E così è stato. Bellissimo. Non ho nemmeno avuto paura di volare». L'intervista continua su corriere.it",health,4,3,0.6843,0,silver,0,0
R7YVWojNDXA,corriere_della_sera,Sinner accompagna in campo la bimba “dimenticata” da Darderi,"Tra i ricordi più belli che ci porteremo dietro di questi Internazionali Bnl d'Italia ci sono sicuramente i sorrisi dei bambini che hanno accompagnato in campo i campioni per tutte le due settimane di torneo. Venerdì, nella concentrazione e nella tensione del pre-partita, Luciano Darderi entrando in campo per la semifinale contro Casper Ruud, aveva «dimenticato» di prendere per mano la piccola Camilla. Darderi si era immediatamente scusato sui social, regalando poi una maglia autografata e un mazzo di fiori alla bambina, ma il presidente della Fitp Angelo Binaghi e il Ministro per lo Sport e i Giovani Andrea Abodi hanno fatto in modo che Camilla - in cura presso il reparto oncologico di un ospedale romano - potesse tornare sul Centrale per lanciare la monetina del sorteggio prima della finale tra Jannik Sinner e Casper Ruud.",sport,37,18,0.8167,1,silver,1,0
RIdMlHkZj2o,corriere_della_sera,"Piantedosi su Salim El Koudri: “Il suo gesto deriva da disagio psichiatrico, non è terrorismo”","In relazione all'autore del grave investimento di ieri «al momento, ma chiaramente gli inquirenti faranno ulteriori accertamenti, il fatto sembra collocabile soprattutto con una situazione di disagio psichiatrico che, tuttavia, non cambia la tragicita' degli effetti», ha detto al termine della riunione in prefettura a Modena il ministro dell'Interno, Matteo Piantedosi.

Intanto si registra che «non c'è nulla che ci fosse sfuggito dal punto di vista della prevenzione antiterrorismo. Lo voglio dire perché da questo punto di vista la città deve stare tranquilla», ha aggiunto. «La componente psichiatrica è storicamente molto molto evidente, però il resto lo stabiliranno gli inquirenti. Oggi quello che è di maggiore evidenza è questa condizione personale di carattere psichiatrico», ha ribadito il ministro a margine dell'incontro, parlando con i giornalisti.
«Ripeto - ha proseguito - non è un minimizzare perché gli effetti si sono visti e poi talvolta ci sono pure situazioni con sovrapposizione di modelli emulativi», ha aggiunto. «Lasciamo lavorare gli inquirenti, oggi c'è questa situazione di un disagio psichiatrico che è evidente».
«La tragicità del fatto - ha continuato - rimane qualsiasi sia stata la motivazione. Però è evidente che se noi avessimo preso consapevolezza che per la prima volta c'era sfuggito qualcosa nel sistema di prevenzione antiterrorismo, in qualche modo ce ne saremmo preoccupati un po' di più».",politics and government,20,14,0.8148,1,silver,1,1
RjitMKgfX80,corriere_della_sera,Anche fare sesso può aiutare a prevenire il cancro alla prostata. Con i robot si opera a distanza,"Professor Bernardo Rocco, lei è il pioniere della chirurgia robotica.
«Si opera dalla consolle, con il robot al fianco. È come manovrare una playstation».
Lei viene da due famiglie di medici.
«Mio nonno materno, Cesare Bartorelli, fondò il Centro cardiologico Monzino, a Milano, l’aula magna porta il suo nome. E lavorò con Biagio Agnes a Check-up, la prima trasmissione tv dedicata alla medicina. Proprio l’altro giorno ho rivisto la prima puntata. Nonno parlava già allora di prevenzione primaria e prevenzione secondaria». L'intervista continua sul sito del Corriere",health,1,1,0.5,0,silver,0,0
RlKqohuIcfc,corriere_della_sera,Individuati i corpi dei quattro sub italiani morti alle Maldive,"l governo delle Maldive ha confermato che i corpi di tutti i quattro subacquei italiani dispersi «sono stati ritrovati all'interno della grotta dell'atollo di Vaavu durante un'operazione congiunta di ricerca e recupero condotta dalla Guardia Costiera delle Forze di Difesa delle Maldive (MNDF), dalla Polizia delle Maldive e da una squadra di esperti subacquei altamente qualificati, messa a disposizione dal Governo italiano». Ulteriori immersioni saranno effettuate nei prossimi giorni per recuperare i corpi.","disaster, accident and emergency incident",1,0,0.0,0,silver,0,0
SDtajcUgdzc,corriere_della_sera,L’esercito israeliano ha sequestrato al largo di Cipro alcune barche della Global Sumud Flotilla,Soldati dell’Idf hanno preso il controllo di alcune imbarcazioni della Global Sumud Flotilla al largo di Cipro: nelle immagini l’abbordaggio da parte delle forze israeliane. La missione era partita dalla Turchia con circa 50 imbarcazioni dirette verso la Striscia di Gaza. Il live streaming dell’organizzazione mostra gli attivisti a bordo di diverse imbarcazioni che indossano giubbotti di salvataggio e alzano le mani prima che si avvicini una barca con a bordo le truppe israeliane in tenuta tattica che sono salite a bordo.,"conflict, war and peace",26,19,0.8309,1,silver,1,1
SwQLxRRhRCQ,corriere_della_sera,Il padre di Valentino Rossi (Graziano) sposa la donna che era stata denunciata dal figlio,"Nella giornata di venerdì 22 maggio sono comparse, nei comuni di Pesaro e Tavullia, le pubblicazioni del matrimonio tra Graziano Rossi, padre del nove volte campione del mondo Valentino, e Ambra Arpino. È la donna che l’ex pilota di MotoGp aveva denunciato per circonvenzione di incapace. Si tratta di una vicenda familiare complicata e dolorosa, che va avanti dal 2024 per questioni economiche.",human interest,1,1,0.5,0,silver,0,1
Syx1BQUtI0c,corriere_della_sera,"Maldive, le autorità: “Gli italiani potevano scendere fino a -50 metri”","Ci sono almeno due pezzi mancanti, nei documenti che Mohamed Hussain Shareef, portavoce del presidente delle Maldive Mohamed Muizzu, ci mostra al tavolino di un bar. Sul permesso di ricerca marina del team italiano non compaiono i nomi di due dei cinque subacquei inghiottiti dagli abissi e non è menzionata l’immersione in grotta. Quella maledetta grotta dove ha perso la vita anche il soccorritore Mohamed Mahudhee, «un soldato che ha fatto ciò che riteneva il proprio dovere».","disaster, accident and emergency incident",7,3,0.6309,0,silver,0,1
TH2qX15j-7c,corriere_della_sera,Negativi i due casi sospetti di Ebola a Milano: erano tornati dall’Uganda,"All'ospedale Sacco di Milano, specializzato in casi di malattie infettive, è stato attivato il protocollo speciale per due pazienti ritenuti a rischio Ebola. Fortunatamente poco dopo le 20 del 25 maggio sono arrivati i risultati dei test: i pazienti sono negativi all'Ebola. Hanno invece contratto lo Shigella, un tipo comune di batterio. L'alert era scattato all'alba a Lurate Caccivio e Bulgarograsso, nel Comasco, per due persone giunte nei due Comuni ed entrambe sbarcate alle 5.50 di domenica a Malpensa con un volo da Addis Abeba.",health,2,2,0.6604,0,silver,0,0
TTq6l8PB6Pg,corriere_della_sera,"Preparava un attentato in centro per lo Stato Islamico, fermato 22enne a Reggio Emilia",,"conflict, war and peace",10,6,0.7479,1,silver,1,1
Tzn_cjKmW-I,corriere_della_sera,L’Università di Genova cancella la pagina di Montefalcone: “Attività scientifiche anche oltre gli…,"Prima della tragedia delle Maldive, c’era la scienza. Prima delle autopsie, dei telefoni sequestrati e delle ricostruzioni ancora da completare, c’erano le spedizioni, i campioni, gli atolli, i sedimenti, i coralli, i paper. Monica Montefalcone, professoressa associata di Ecologia all’Università di Genova, compare anche lì: nelle pubblicazioni scientifiche sulle Maldive, sui Blue Hole, sugli ecosistemi corallini e sulla contaminazione marina.",education,20,10,0.7818,1,silver,1,0
UgLBNnyTQog,corriere_della_sera,Aumentare di 5 euro sigarette e prodotti da fumo: 50mila italiani hanno firmato a favore,"L'obiettivo è raggiunto: sono bastati quattro mesi per raccogliere le 50mila firme necessarie per presentare al Parlamento la proposta di una legge d’iniziativa popolare per aumentare di 5 euro il costo di tutti i prodotti da fumo e da inalazione di nicotina, compresi quelli di nuova generazione (sigarette elettroniche, tabacco riscaldato e sacchettini di nicotina). 

La campagna 5eurocontroilfumo.it era stata lanciato lo scorso 26 gennaio dall’Associazione Italiana di Oncologia Medica (Aiom), Fondazione AIRC per la ricerca sul cancro, Fondazione Umberto Veronesi e Fondazione Aiom che avevano deciso di unire le forze per raggiungere un obiettivo comune. Ora tocca al Parlamento discutere e approvare quanto prima la proposta normativa, come già fatto per la legge sull’oblio oncologico che ha avuto il via libera dei due rami del Parlamento in breve tempo. Per il Senato, il regolamento impone l’esame entro 90 giorni dall’invio delle firme.

In Italia circa 10 milioni di cittadini fumano e si stimano 93mila morti ogni anno per il consumo di tabacco, con costi diretti e indiretti di circa 24 miliardi di euro. «Le evidenze ci sono e sono chiare: alzare le tasse sul tabacco significa ridurre i consumi e prevenire malattie e decessi evitabili, oltre a liberare risorse utili per il Sistema Sanitario Nazionale - ricorda Giulia Veronesi, membro del Comitato di Lotta al Fumo di Fondazione Umberto Veronesi -. Diverse ricerche hanno dimostrato che se il prezzo sale, il numero di fumatori scende. Lo prova anche l'esempio di Francia e Irlanda: questi due Paesi hanno prezzi delle sigarette tra i più alti in Europa (rispettivamente circa 11 e 15 euro a pacchetto) e il numero di tabagisti, specie adolescenti, è sceso in modo consistente».",politics and government,7,4,0.6994,0,silver,0,1
UzDNbU-_zl4,corriere_della_sera,"L’addio del fidanzato a Giorgia Sommacal, una dei sub morti alle Maldive","«La perdita di Giorgia e Monica mi ha insegnato qualcosa che forse prima non riuscivo davvero a capire: niente nella vita è scontato. Siamo così abituati alla presenza delle persone, ai gesti quotidiani, alle parole dette distrattamente, che spesso ci dimentichiamo del loro vero valore. Poi arriva un'assenza, e improvvisamente capisci quanto fossero importanti anche le cose più piccole: un sorriso, una chiamata, una risata senza motivo, perfino i silenzi condivisi»
A scriverlo, in una lunga lettera pubblicata da Il Secolo XIX, è Federico Colombo, il compagno di Giorgia Sommacal, la giovane che il 14 maggio ha perso la vita nella tragedia alle Maldive insieme alla madre, la professoressa Monica Montefalcone, alla ricercatrice Muriel Oddenino, al biologo Federico Gualtieri e all’istruttore subacqueo, il capobarca Gianluca Benedetti, mentre stavano esplorando le grotte marine dell’atollo di Vaavu.
Una lunga lettera che il giovane, 26 anni, dedica alla ragazza che amava e lo «faceva sempre sentire importante», come ha raccontato Federico qualche giorno fa al Corriere in una toccante intervista: «una ragazza d’oro, che aveva una luce particolare e una dolcezza che non si può spiegare. Sempre presente e capace di farti sentire importante».","disaster, accident and emergency incident",30,7,0.7261,1,gold,1,0
V6jWH4n9jkA,corriere_della_sera,"L’infermiera di Modena: “Ero a passeggio, con una cintura ho salvato la turista tedesca”","«Perché ero lì in via Emilia? Dovevo fare degli acquisti con mia figlia Sara, 24 anni: volevamo comperare dei pantaloni per il suo primo giorno di lavoro. Avevamo passato da pochi istanti quella boutique... Poi abbiamo avvertito il boato alle spalle, e subito dopo un silenzio di tomba, irreale. Passato lo choc, forse un minuto, forse di più, forse di meno, ho visto quella donna a terra, mi sono avvicinata: situazione gravissima, le gambe tranciate. Ma c’era già un medico che chiedeva delle forbici. A quel punto ho cominciato il mio lavoro... Gli ho detto: “Guarda non ti preoccupare, le ho con me nella borsetta”. Le abbiamo tagliato i pantaloni, lui si è tolto la cintura per fermare l’emorragia a una gamba. A quel punto ho gridato: “Servono altre cinture!”. Non so come, qualcuno mi ha messo in mano un laccio emostatico».
Ecco: il laccio emostatico poi lo ha legato lei?
«Sì».
Senza quel «tourniquet», quella donna quanto sarebbe sopravvissuta?
«Non più di 3 o 4 minuti».
Viktoriya Prudka, 48 anni, cinque figli (tra cui una adottiva), ucraina e in Italia dal 1998, è un’infermiera alla Pneumologia del Policlinico di Modena. Al Corriere spiega come sia stata salvata la turista tedesca di 69 anni travolta dalla Citroën di Salim El Koudri. Una storia emersa grazie alla Gazzetta di Modena che ha fatto di tutto per rintracciare quest’«eroina per caso» rimasta sinora sconosciuta.",health,18,3,0.5742,0,silver,0,0
VCFkm79htsY,corriere_della_sera,"Zelensky: “Colpito sito dei servizi segreti russi nel Kherson, centinaia tra morti e feriti”","«Le forze speciali ucraine hanno colpito il quartier generale dell'Fsb russo nel villaggio di Genicheska Hirka, nell'oblast di Kherson, provocando circa un centinaio fra vittime e feriti». Lo scrive su X il presidente ucraino Volodymyr Zelensky, allegando al suo messaggio il video che mostra il momento in cui i droni di Kiev colpiscono simultaneamente degli edifici in un villaggio. «I russi devono sentire la necessità di porre fine a questa guerra», ha concluso il leader ucraino.","conflict, war and peace",74,51,0.8643,1,silver,1,1
VeHC1noGyn4,corriere_della_sera,Atterraggio d'emergenza per l’Airbus a Fiumicino dopo aver consumato il carburante: inchiesta,"Un Airbus A320 della compagnia portoghese Tap, diretto a Lisbona, ha toccato per diversi metri con la coda la pista di decollo dell’aeroporto di Roma Fiumicino. Il velivolo è rientrato nello scalo della Capitale dopo aver consumato per diversi minuti il carburante necessario a farlo atterrare in sicurezza. L’incidente si è verificato alle 11:41 di martedì 19 maggio e sulla vicenda l’Agenzia nazionale per la sicurezza del volo (Ansv) ha inviato un suo esperto per capire le cause.
Il jet stava effettuando il collegamento TP831. Alle 11.40 ha avviato la sequenza di decollo dalla pista 25 di Fiumicino. Ma poco prima di staccarsi dall’asfalto l’aereo si è alzato in modo anomalo «strusciando la coda in pista», spiega l’Ansv in una nota. La sequenza è durata pochi secondi ma sufficienti a «grattare» una porzione della pista. Non è al momento chiaro cosa può aver provocato questo evento. Di solito si verifica quando il calcolo delle velocità al decollo avviene in maniera imprecisa o quando i pesi (passeggeri, valigie, merci) lungo la fusoliera non sono distribuiti in maniera ottimale.","disaster, accident and emergency incident",16,2,0.4365,0,silver,0,1
W6wLByQJMB4,corriere_della_sera,"Roland Garros, tennista ucraina in lacrima: “A Kiev missile a 100 metri dalla casa dei miei”","L'ucraina Marta Kostyuk, vincitrice del Wta 1000 di Madrid, ha iniziato vincendo anche il primo match al Roland Garros: lo ha fatto battendo Oksana Selekhmeteva, che fino a pochi giorni fa giocava per la Russia ma che si è presentata a Parigi con la bandiera spagnola. La stretta di mano a rete dopo il match point, però, non c'è stata comunque. Ci sono però state le lacrime, con Kostyuk che durante l'intervista ha spiegato il motivo. «Sono incredibilmente orgogliosa di me stessa oggi, penso sia stata una delle partite più difficili della mia vita. Questa mattina a Kiev, a 100 metri da casa dei miei genitori, è caduto un missile e ha distrutto un edificio. Non sapevo come avrei affrontato questo match, per questo non voglio parlare di me oggi. Sono ovviamente contenta di essere al secondo turno ma tutti i miei pensieri e tutto il mio cuore sono con il popolo dell'Ucraina».",sport,5,3,0.6613,0,silver,0,1
X6anOxAb8ag,corriere_della_sera,Colpito con un pugno al volto dall’avversario: 11 punti di sutura. Choc nel basket in Abruzzo,"Rissa in campo con pugni al volto e partita sospesa per alcuni minuti. Finisce nel peggiore dei modi gara-3 della serie playout di Serie A2 maschile di basket tra Roseto e Ruvo di Puglia, disputata ieri sera, 22 maggio, al PalaMaggetti di Roseto degli Abruzzi. Nel secondo quarto il clima si è improvvisamente acceso nell’area dei padroni di casa: dopo un rimbalzo e una palla contesa, Jacopo Borra, pivot di Ruvo, ha colpito ripetutamente al volto l’avversario Aristide Landi, cestista lucano, dando il via alla rissa sul parquet.",sport,3,0,0.0,0,silver,0,1
XGfBaAxqG6Y,corriere_della_sera,Modi regala a Meloni le caramelle “Melody”: il video postato dalla premier,"«Il primo ministro Modi ci ha portato un regalo, delle ottime caramelle toffee ...Melody». La presidente del Consiglio Giorgia Meloni, sorridente, ha postato sui social un video in cui mostra il regalo ricevuto dal primo ministro indiano Modi, in visita in Italia. Modi ha portato delle caramelle «Melody» scherzando sul famoso soprannome virale «Melodi», un meme nato dall'unione dei cognomi di Meloni e Modi per sottolineare la sintonia tra i due leader.",politics and government,34,23,0.8367,1,silver,1,1
X_fWmB-hd1s,corriere_della_sera,"Gli Usa premono su Cuba: incriminazione per Raùl Castro, e la portaerei Nimitz è giunta nei Caraibi","La portaerei a propulsione nucleare Nimitz - e il relativo gruppo d'attacco - sono entrate nel Mar dei Caraibi meridionale e rimarranno nella regione per «alcuni giorni». Ad annuncialo è il Comando Sud degli Stati Uniti (Southcom), responsabile delle operazioni in America Latina, Messico escluso. «Benvenuti nei Caraibi, Gruppo d'Attacco del Nimitz!», ha postato su X il Southcom.
L'amministrazione, precisa il New York Times citando fonti governative, vuole usare la piattaforma per «importanti operazioni militari», come fece con la portaerei Gerald Ford durante il raid per catturare il presidente venezuelano Nicolas Maduro.
La Nimitz stava navigando lungo la costa sudamericana già da qualche giorno, nell'ambito di una missione di addestramento programmata. Eppure, precisa il giornale americano, «non sembra una coincidenza che il Pentagono abbia programmato l'arrivo nei Caraibi nello stesso giorno in cui il Dipartimento di Giustizia annunciava le accuse contro Castro».",politics and government,3,2,0.5963,0,silver,0,1
XtHv58gKgTU,corriere_della_sera,Carlo Sommacal dopo il recupero del corpo della moglie alle Maldive: “Avrò due tombe su cui piangere,"«Io continuo a parlarne al presente perché non riesco ancora a realizzare che Monica non ci sia più». Carlo Sommacal ha appena saputo che i sommozzatori hanno riportato in superficie il corpo della moglie, Monica Montefalcone, la docente dell’Università di Genova morta nella grotta sommersa dell’atollo di Vaavu, alle Maldive. Non c’è ancora l’ufficialità del riconoscimento, ma la comunicazione arrivata alla famiglia lascia ormai poco spazio alla speranza.
«Ancora non c’è l’ufficialità. Però mi hanno avvertito che, dalle fattezze fisiche e per esclusione, dovrebbe essere proprio mia moglie Monica Montefalcone la donna recuperata oggi», racconta con un filo di voce Carlo Sommacal. «Mi hanno detto che domani riporteranno su anche Muriel e mia figlia Giorgia».
È una notizia che non consola, ma cambia il dolore. Gli dà un luogo, un corpo, una tomba. «Avrò così due tombe su cui piangere e portare dei fiori». Poi Sommacal si ferma, come se anche solo pronunciare quelle parole fosse troppo. «Le voglio ricordare con quel sorriso radioso che mi riscalda il cuore». Da giorni va avanti per Matteo, il figlio di vent’anni. Ora teme il momento più duro, quello del riconoscimento.",human interest,37,5,0.6686,0,silver,0,0
ZgeqvI1q7SY,corriere_della_sera,"La vita solitaria di Salim El Koudri, che ha travolto le persone a Modena","I profili di Salim El Koudri sono chiusi. Compare solo il suo nominativo. Niente foto, video e amici. Ma soprattutto post. Per i social è diventato un fantasma dopo che Meta, l’azienda leader americana che gestisce piattaforme come Facebook, WhatsApp, Messenger e Instagram, ha chiuso qualche tempo fa l’indirizzo personale del 31enne marocchino, italiano di seconda generazione, che ieri pomeriggio ha travolto con la sua auto otto persone nel centro di Modena.
Un provvedimento-limite che di solito viene adottato nel caso l’utente pubblichi o tenga comportamenti contrari alla policy adottata sui social con messaggi, commenti o immagini.","crime, law and justice",16,12,0.8091,1,silver,1,1
ZlwqTCowc8Y,corriere_della_sera,L’audio della sorella di El Koudri: “Non so se riuscirò a guardarlo negli occhi. Penso ai feriti”,"«È impossibile trovare le parole giuste. Ci dispiace, ma non è neanche questa la parola giusta. Non esistono parole giuste che possano descrivere quanto ci dispiace». Comincia così il drammatico messaggio audio inviato in mattinata di Carmen El Koudri, la sorella di Salim, il 31 responsabile della tentata strage di Modena. In lacrime la sorella, di tre anni più grande, racconta tutto il dolore suo e dei suoi genitori. «Mai avrei immaginato una cosa del genere. Perché Salim è stato sempre bravo. Sempre preciso e ordinato. Il figlio diverso».
Disperata di «non aver capito per tempo» anche se, ribadisce, come aveva fatto nell’intervista concessa due giorni fa al Corriere della Sera, che da qualche mese sembrava diverso. «Era cambiato, ma pensavano che fosse il dispiacere per non riuscire a trovare lavoro alla sua età. Non capisco cosa sia successo», aggiunge disperata.","crime, law and justice",20,18,0.8358,1,silver,1,1
_X9ofcYGK_0,corriere_della_sera,"Morte di Martina Rossi per sfugire a uno stupro, i due ragazzi risarciranno i genitori","Un risarcimento di un milione ai genitori per la morte di Martina Rossi, la studentessa genovese precipitata il 3 agosto 2011 dal sesto piano di un grande albergo a Palma di Maiorca per sfuggire al tentativo di stupro di due giovani aretini, Alessandro Albertoni e Luca Vanneschi, condannati a tre anni dopo indagini e processi quasi infiniti.
Lo ha deciso, come anticipa il Corriere di Arezzo, il tribunale civile di Arezzo con sentenza di ieri: i ragazzi di allora, ora trentenni, dovranno pagare 457 mila euro al padre Bruno Rossi, altrettanti alla moglie Franca e 74 mila congiuntamente ad entrambi. Un verdetto che chiude una causa per danni andata avanti dal 2022, dopo la condanna definitiva in sede penale del 2021, e che ha avuto anche momenti di forte tensione fra le parti, una storia che 15 anni dopo, in un altro mondo e in un'altra epoca, sembra non finire mai.","crime, law and justice",14,10,0.7962,1,silver,1,1
dhkYaAiqV6M,corriere_della_sera,Un furgone ha travolto e ucciso due ciclisti nel Mantovano: erano operai di un allevamento,"Grave incidente stradale nella mattinata del 25 maggio a Roncoferraro, nel Mantovano. Poco prima delle 6, lungo strada Alessandro Volta, vicino alla frazione di Villa Garibaldi, un furgone ha investito due persone, operaio di origine indiana che lavoravano in un allevamento, che stavano percorrendo la strada in bicicletta. Secondo una prima ricostruzione, ancora al vaglio degli investigatori, il mezzo avrebbe perso il controllo dopo l’impatto, uscendo dalla carreggiata e terminando la corsa in un fossato laterale. Il bilancio è drammatico: due persone hanno perso la vita, mentre un’altra è rimasta ferita.","disaster, accident and emergency incident",5,1,0.1257,0,silver,0,1
euv6hKnyE3A,corriere_della_sera,Il primario di Piacenza e le accuse di abusi sessuali: “Almeno otto vittime nel reparto”,"«La spingeva contro il muro e poi le metteva le mani sotto i vestiti»; «Le palpava il seno e il sedere»; «Contro la volontà della vittima consumava un rapporto completo». È un vero e proprio campionario dell’orrore. Così ricco di dettagli che è difficile riportare tutto in chiaro.
Per anni il primario del reparto di Radiologia dell’ospedale «Guglielmo da Saliceto» di Piacenza avrebbe trasformato il suo ufficio in una sordida alcova. Durante il normale orario di lavoro avrebbe molestato e violentato colleghe medico, tecnici di radiologia e infermiere. Ci tentava praticamente con tutte il professore Emanuele Michieletti, luminare di radiologia con decine di pubblicazioni e riconoscimenti scientifici. Ma dietro l’immagine pubblica, stando agli inquirenti, si celava un predatore sessuale.","crime, law and justice",9,4,0.6817,0,silver,0,1
fuw9Qe3v7a0,corriere_della_sera,Giovanna Bruno unica donna eletta in un capoluogo di provincia: sarà (di nuovo) sindaca di Andria,"Una valanga di voti, un consenso travolgente. Giovanna Bruno stravince le elezioni comunali e viene riconfermata alla guida di Andria con 41.847 preferenze, pari al 77 per cento dei consensi. Un risultato netto, poderoso, che lascia a enorme distanza il candidato del centrodestra Sabino Napolitano e trasforma la riconferma della sindaca uscente in una vera investitura popolare.
Ma il dato politico assume un peso ancora maggiore se letto attraverso un altro elemento: Giovanna Bruno è una delle poche donne sindaco in Italia alla guida di una grande città ed è l'unica donna eletta in queste Amministrative.",politics and government,2,1,0.2952,0,silver,0,0
gsUCuhWQqEI,corriere_della_sera,Il ristorante può rifiutarsi di servire acqua del rubinetto: l’hotel batte la cliente in Cassazione,"Acqua di rubinetto al ristorante? Se il gestore dice no, è no. Non esiste alcun obbligo di servirla, anche se il cliente la richiede e la paga a parte. Sul principio c'è il sigillo della Corte di Cassazione: a fine aprile i giudici hanno rigettato il ricorso di una turista che chiedeva un risarcimento per non aver potuto bere l’acqua corrente della rete idrica, pur offrendosi di pagarla, nel ristorante di un hotel di lusso in Alto Adige.","crime, law and justice",17,12,0.8067,1,silver,1,1
iAnF_d-p06c,corriere_della_sera,I medici che tentarono di salvare Falcone: “Dissero che una palazzina era esplosa”,"Per la prima volta insieme i medici che la sera di quel 23 maggio cercarono di salvare Giovanni Falcone e Francesca Morvillo. Otto medici riuniti dopo 34 anni al museo della Fondazione Falcone. Internisti, chirurghi e anestesisti impegnati nelle drammatiche ore che seguirono l’attentato di Capaci. Non ci fu nulla da fare per Antonio Montinaro, Rocco Di Cillo e Vito Schifani, i tre agenti di scorta dilaniati nell’auto di scorta. Ma i due magistrati, con l’autista Giuseppe Costanza, furono trasportati prima all’ospedale Cervello, poi al Civico di Palermo dove Paolo Borsellino vide morire Falcone, in pena davanti al corpo di Francesca Morvillo.","crime, law and justice",1,1,0.5,0,silver,0,0
j35OX5A5pZ4,corriere_della_sera,"Terremoto nei Campi Flegrei, i residenti: “Ormai conviviamo con la paura”","Una scossa di terremoto di magnitudo 4.4 ha svegliato all'alba i residenti dei Campi Flegrei alle 5.51 di giovedì 21 maggio, avvertita distintamente in tutta l'area napoletana. Diverse le testimonianze dei cittadini che sono stati svegliati di soprassalto tra lampadari oscillanti e scricchiolii. «Ormai conviviamo con la paura, ci siamo abituati», racconta un residente. «Una scossa imponente, non si sentiva così forte da un po' di tempo», aggiunge un altro. C'è anche chi ne approfitta per lanciare un appello alle istituzioni: «Andrebbero abbassate le tasse sugli immobili a tutti i residenti dell'area flegrea».","disaster, accident and emergency incident",0,0,0.0,0,silver,0,0
k4f4TCumc_M,corriere_della_sera,Strappa l’orologio da 100 mila euro a un turista: le immagini della rapina a Milano,"La Polizia di Milano ha eseguito un fermo nei confronti di un 29enne francese, con precedenti, ritenuto responsabile della rapina in concorso di un orologio di pregio dal valore di 100mila euro commessa lo scorso 23 aprile in via Plinio a Milano. La rapina è avvenuta poco dopo le 19 di giovedì 23 aprile nei pressi della stazione taxi di via Plinio, vittima un 58enne irlandese che, mentre stava per prendere un taxi, è stato raggiunto alle spalle da un uomo il quale, in concorso con un 25enne rimasto in disparte ad assistere alla scena e denunciato successivamente per lo stesso reato, ha strappato l'orologio da 100mila euro dal polso della vittima, causandogli delle escoriazioni, per poi scappare a bordo di una bicicletta facendo perdere le proprie tracce.","crime, law and justice",19,12,0.8023,1,silver,1,1
lSaNEVCmKmY,corriere_della_sera,"È morto Massimo Guccione, il 18enne di Monopoli precipitato dal balcone in ita scolastica","Il dolore per la perdita di Massimo Guccione, lo studente 18enne di Monopoli precipitato dal balcone di un hotel a Lignano Sabbiadoro mentre si svolgeva la gita di istruzione, si trasforma in un altro gesto di speranza e solidarietà. Dopo il sì dei genitori all’espianto degli organi, è partita una raccolta fondi su GoFundMe. Per onorare la memoria del brillante studente del Liceo Scientifico cittadino e trasformare il ricordo in un'eredità positiva, è stata istituita una borsa di studio per l'anno scolastico 2025/2026.","disaster, accident and emergency incident",49,1,0.013,0,gold,0,0
mNy7diCPWMo,corriere_della_sera,Rubio: “Lo stretto di Hormuz riaprirà in un modo o nell’altro”,"Lo stretto di Hormuz «sarà aperto in un modo o nell'altro». Lo ha ribadito il segretario di Stato Usa Marco Rubio rispondendo ai cronisti a margine della sua visita ufficiale in India. «Lo stretto deve essere aperto quindi lo sarà» perché, «quello che sta succedendo lì è illegittimo ed è insostenibile per il mondo, inaccettabile» ha insistito il capo della diplomazia statunitense.",politics and government,7,4,0.6994,0,silver,0,1
mPhV_I9T4vc,corriere_della_sera,Un giudice ha sospeso le sanzioni di Trump contro la relatrice dell’Onu Francesca Albanese,"Francesca Albanese, relatrice speciale dell’Onu sui territori palestinesi occupati, ha annunciato che un tribunale del District of Columbia, a Washington, ha sospeso le sanzioni imposte a suo carico dall’amministrazione Trump.",politics and government,20,8,0.7559,1,gold,1,1
mSr5kjfrtak,corriere_della_sera,"Modena, il legale di El Koudri: “Salim ha detto che gli dispiace, ha capito la gravità del gesto”","Davanti al gip di Modena, nell'udienza di convalida che si è svolta in carcere, Salim El Koudri non ha detto nulla in merito ai fatti di sabato, quando a
Modena si è lanciato a tutta velocità con l'auto sui passanti, ma ha fornito i codici di sblocco del suo cellulare, che potrà così essere analizzato per approfondire la personalità e il passato del giovane. L'avvocato Fausto Gianelli fa il punto insieme al nostro inviato a Modena Alfio Sciacca.","crime, law and justice",36,30,0.8524,1,silver,1,1
mdDSXjkKuQY,corriere_della_sera,El Koudri e il trattamento per disturbo di personalità interrotto dopo 12 mesi,"«Il soggetto manifesta stati d’ansia, alterazione dell’umore e incapacità di relazionarsi. Riferisce, inoltre, di non riuscire a trovare lavoro». Sin dal primo accesso al Centro di salute mentale di Castelfranco Emilia era quella una delle ossessioni di Samil El Koudri: l’impossibilità di avere un impiego. E magari di mantenerlo. Difficoltà che lamentava anche nelle mail indirizzate all’Università di Modena dove si era laureato in Economia aziendale. I primi contatti sporadici con il presidio specialistico a una ventina di chilometri da Ravarino, il comune dove risiedeva, risalgono addirittura al 2021. «Si presentò di sua spontanea volontà — racconta Gianni Gargano, sindaco di Castelfranco al secondo mandato — parlando di “ansia”» con gli specialisti. Due anni dopo, nell’aprile del 2023, gli venne stilata una diagnosi chiara (disturbo schizoide della personalità) con relativo percorso di cura. Trattamento che aveva interrotto esattamente 12 mesi più tardi.
Quel che è certo è che l’autore della tentata strage di sabato pomeriggio «decise autonomamente — racconta al Corriere Francesca Maletti, vicesindaca e assessora alla Sanità del comune di Modena — di non partecipare più agli incontri per il sostegno psicologico. Venne contattato più volte ma aveva deciso di non aderire alle cure. Non si presentò più, una scelta che per legge chiunque può prendere. Ciò che purtroppo ci insegna questa tragedia è che serve più prevenzione». Gli inquirenti vogliono comunque chiarire le ragioni per cui disertò gli aiuti. Per questo dopo aver già acquisito tutta la documentazione clinica ascolteranno non tanto la responsabile del Centro di Castelfranco Emilia, ma due psichiatre che avevano visitato El Koudri.",health,23,20,0.8388,1,silver,1,1
nOtwl-vrPo0,corriere_della_sera,Cinque italiani sono morti in una grotta durante un’escursione subacquea alle Maldive,"ULTIM'ORA - Cinque italiani risultano morti in un'immersione alle Maldive. A confermarlo prima la polizia maldiviana, poi il consolato e quindi la Farnesina: le cinque vittime, già ritrovate, erano uscite per un'attività di diving da una safari boat nell'atollo di Vaavu. «Una tragedia, non posso aggiungere altro» ha commentato la console Giorgia Marazzi. Secondo le prime informazioni una delle vittime sarebbe una docente e ricercatrice dell'Università di Genova. Non è escluso che un'altra vittima possa essere una sua parente stretta.","disaster, accident and emergency incident",2,2,0.6604,0,silver,0,0
nPR1KL3qz1o,corriere_della_sera,Iniziate le operazioni di recupero dei quattro sub italiani imprigionati nella grotta alle Maldive,"Sono iniziate alle 11 locali le operazioni di recupero dei quattro subacquei italiani imprigionati nella grotta di Alimathà, alle Maldive. Avverranno con una sorta di staffetta. I tre sommozzatori finlandesi di Dan Europe, inviati dal governo italiano, prevedono oggi di recuperare due corpi, cercando di riportarli fino a 30 metri di profondità. A quel punto interverranno i sommozzatori della Guardia Costiera delle Forze di Difesa Nazionali delle Maldive (MNDF) che trasporteranno i corpi da 30 metri a 7 metri. L’ultimo tratto, da 7 metri alla superficie, sarà infine affidato alla polizia maldiviana. Per la missione verrà utilizzato un ROV (veicolo subacqueo a controllo remoto). La risalita a staffetta serve per evitare problemi di decompressione, perdita di energia per i sub finlandesi e tempo.","disaster, accident and emergency incident",13,4,0.6605,0,silver,0,0
oRkHtyD7r98,corriere_della_sera,Mattarella sugli attivisti della Flotilla maltrattati dai soldati israeliani: “Trattamento incivile”,"Derisi mentre erano inginocchiati, bendati e in stato di fermo. Le immagini postate dal ministro israeliano Ben Gvir, con gli attivisti della Flotilla messi alla gogna, scatenano la reazione dell'Italia. ""Un trattamento incivile di persone fermate illegalmente"", tuona il presidente della Repubblica Mattarella, che rubrica come ""infimo"" il gesto del ministro israeliano. ""Inaccettabile, superata la linea rossa"", dicono la premier Meloni e il ministro Tajani, che ""pretendono le scuse"" e convocano l'ambasciatore israeliano. Decisione presa anche da Parigi. Netanyahu bacchetta il falco dell'ultradestra: ""Ha sbagliato"". Presto in Italia il parlamentare Carotenuto e il giornalista Mantovani, tra i fermati. Aggiornamenti su Corriere.it",politics and government,146,108,0.8839,1,silver,1,1
quCepO4kTYQ,corriere_della_sera,"Altro passo indietro di Trump: “Ho sospeso un attacco all’Iran, seri negoziati in corso”","Donald Trump annuncia di aver sospeso il «pianificato attacco all'Iran» in programma domani su richiesta dell'Emiro del Qatar, del principe ereditario dell'Arabia Saudita e del presidente degli Emirati Arabi Uniti «poiché sono in corso seri negoziati». «Ho impartito istruzioni al Segretario alla Guerra, Pete Hegseth, al Capo dello Stato Maggiore Congiunto, Generale Daniel Caine, e alle Forze Armate degli Stati Uniti, affinché non venga eseguito l'attacco contro l'Iran programmato per domani», ha scritto sul suo social Truth.

«Questo accordo includerà - scrive Trump -, cosa fondamentale, NESSUNA ARMA NUCLEARE ALL'IRAN! In virtù del rispetto che nutro per i suddetti leader, ho dato istruzioni al Segretario alla Guerra, Pete Hegseth, al Capo di Stato Maggiore Congiunto, Generale Daniel Caine, e alle Forze Armate degli Stati Uniti, che NON effettueremo l'attacco all'Iran previsto per domani, ma ho inoltre dato loro istruzioni di tenersi pronti a procedere con un attacco su vasta scala contro l'Iran, in qualsiasi momento, qualora non si raggiunga un accordo accettabile. Grazie per l'attenzione! Presidente DONALD J. TRUMP».",politics and government,4,3,0.6843,0,silver,0,1
rDtJAtE0fUQ,corriere_della_sera,Trump annulla una attacco all’Iran: “Potremmo essere molto vicini a raggiungere un accordo”,"Il presidente Donald Trump ha dichiarato che rinvierà l'attacco militare pianificato contro l'Iran per martedì su richiesta di diversi alleati in Medio Oriente perché sono in corso «seri negoziati». L'annuncio di lunedì sui social media arriva il giorno dopo che Trump aveva avvertito Teheran che «il tempo stringe» per raggiungere un accordo. Trump non ha fornito dettagli sull'attacco pianificato, ma ha affermato di aver dato istruzioni all'esercito statunitense di prepararsi a un possibile «assalto completo e su larga scala all'Iran».
«L'Arabia Saudita, il Qatar, gli Emirati Arabi Uniti e alcuni altri mi hanno chiesto se potevamo rimandare di due o tre giorni, un breve periodo di tempo, perché pensano di essere molto vicini a raggiungere un accordo», ha detto Trump. «Ci sono stati periodi in cui abbiamo pensato di avvicinarci a un accordo, ma non ha funzionato. Ma ora la situazione è un po' diversa», ha aggiunto.",politics and government,1,0,0.0,0,silver,0,1
rzvw6l275Lo,corriere_della_sera,"Maldive, i sub italiani e l’incognita della torcia. L’omertà degli inquirenti","Maledetta curiosità che li ha spinti a «buttare un occhio» oltre quel tunnel, maledetto dosso che ne ha oscurato l’ingresso e maledette torce che c’erano, sì, ma probabilmente non sono state usate nel migliore dei modi per ritrovare la via del ritorno, quella giusta. Almeno così dice chi nella «grotta degli italiani», come ormai la chiamano tutti qui, è sceso in passato. E non sono pochi, a quanto pare. «Non è sconosciuta, anche se non c’è alcuna mappa depositata. In molti si sono immersi nella prima camera, maldiviani e non», racconta un istruttore locale, dietro garanzia che non pubblicheremo nome né foto «perché il presidente non vuole». Chi non ha con sé filo d’Arianna, frecce o sagole, all’ingresso del corridoio che unisce le due camere della grotta spesso mette una torcia per ritrovare il cammino a ritroso. Ma poi...","disaster, accident and emergency incident",0,0,0.0,0,silver,0,1
ss0dcad7E6k,corriere_della_sera,"Napoli, 12enne in ospedale dopo due coltellate alla schiena. A colpirlo sarebbe stato il padre","Un ragazzino di 12 anni colpito con due coltellate alla schiena che gli hanno perforato il polmone sinistro. Poi il tentativo di suicidio del padre, che si sarebbe ferito al volto e ai polsi con lo stesso coltello. È una drammatica vicenda familiare quella avvenuta nel quartiere Sanità, a Napoli, dove un bambino e il genitore sono ora ricoverati all’ospedale Pellegrini. L'adolescente, arrivato in Codice Rosso, è in Rianimazione.","crime, law and justice",1,0,0.0,0,silver,0,1
t-3byP13JO0,corriere_della_sera,"Trump scherza con Melania: “C’è spazio solo per una star in una famiglia, meglio che me ne sbarazzi”","Atmosfera distesa e battute al picnic del Congresso organizzato sul prato sud della Casa Bianca. Donald Trump è intervenuto accanto alla First Lady Melania, scherzando sul successo e sulla popolarità della moglie davanti a parlamentari e ospiti. «Non mi piace mai parlare dopo la nostra fantastica First Lady perché mi fa sembrare un po’ scialbo», ha detto Trump tra le risate del pubblico. Il presidente americano ha poi elogiato Melania definendola «così popolare», facendo riferimento anche al documentario dedicato alla First Lady. «Ha fatto un film, è diventato numero uno, poi è arrivato sulle piattaforme streaming ed è diventato ancora numero uno», ha aggiunto. Infine la battuta conclusiva: «Ricordatevi che in una famiglia c’è spazio solo per una star. Quindi è meglio che me ne sbarazzi».",politics and government,8,6,0.7614,1,silver,1,1
tNZS0xUTYig,corriere_della_sera,"Il fondale dell’isola di Alimanthà, alle Maldive, dove sono morti 5 sub italiani","Alimathà, piccola isola dell'arcipelago delle Maldive, situata nell'atollo Vaavu, è una delle mete preferite dagli appassionati di immersioni subacquee di tutto il mondo, attirati dalla sua ricca biodiversità. Qui, giovedì 14 maggio, durante un'immersione hanno perso la vita cinque italiani.","disaster, accident and emergency incident",10,2,0.4641,0,silver,0,0
ubGVu2F3k-c,corriere_della_sera,Terremoto ai Campi Flegrei alle 5:50 di questa mattina: magnitudo 4.4. Scuole chiuse nei dintorni,"Alle 5.50 di questa mattina, giovedì 21 maggio 2026, una forte scossa di terremoto è stata registrata nei Campi Flegrei ed è stata avvertita in tutti i quartieri della città di Napoli e in molti comuni della provincia. L'Ingv segnala che la magnitudo è stata 4.4. Pochi minuti dopo, alle 5.53, una seconda scossa di magnitudo 1.2, poi alle 5.57 un'altra di 2.1. È in corso uno sciame sismico. Al momento non sarebbero stati segnalati danni rilevanti, né feriti.
Il sisma delle 5.50, che ha avuto epicentro ad una profondità di 3 km, localizzato in mare, tra la costa di Bacoli e quella di Pozzuoli, ha avuto una notevole intensità e la durata di alcuni minuti: «È stata lunghissima», scrivono molti residenti dei Campi Flegrei sui social, dove in questi minuti in tantissimi stanno manifestando la paura provata nell'essere stati svegliati, ancora una volta, dal terremoto. Tante persone sono scese in strada.","disaster, accident and emergency incident",1,0,0.0,0,silver,0,0
v3ng8s5hzko,corriere_della_sera,Recuperati gli ultimi due corpi dei sub italiani morti alle Maldive,"Sono stati recuperati gli ultimi due corpi dei subacquei italiani morti alle Maldive. Si tratta dei corpi di Giorgia Sommacal 23 anni, figlia di Monica Montefalcone e di Muriel Oddenino, assegnista di ricerca dell'Università di Genova, originaria della Puglia e residente a Poirino, nel Torinese, collaboratrice della cattedra della professoressa Montefalcone.
Le salme della professoressa Monica Montefalcone, del ricercatore Federico Gualtieri e dell'operatore Gianluca Benedetti erano già stati ritrovati e recuperati nei giorni precedenti. Cosa ha causato la morte dei cinque sub italiani? Fra le ipotesi emerse negli ultimi giorni, come riferisce l'inviata del Corriere a Malè Sara Gandolfi, la più credibile è quella della perdita dell'orientamento: non conoscendo l'esatta morfologia della grotta, i sub sarebbero entrati nella seconda camera, completamente buia, e da lì in un corridoio sbagliato.","disaster, accident and emergency incident",3,0,0.0,0,silver,0,0
vEEeGqOXG4g,corriere_della_sera,Manda foto di un funerale fatta con l’Ai per truffare la collega e farsi dare 1.500 euro,"Aveva fatto credere alla sua collega, una gardenese con la quale aveva lavorato in una struttura alberghiera dell’Alto Adige, di trovarsi in una situazione familiare drammatica: le aveva detto che la figlia, incinta, era in fin di vita in una clinica svizzera. La spesa da sostenere, per garantirle le cure, era esorbitante: 1.700 euro al giorno. In questo modo, aveva indotto la collega, mossa dalla compassione, a effettuare sostanziosi versamenti di denaro.","crime, law and justice",8,5,0.7321,1,silver,1,1
vajQd64h9Mc,corriere_della_sera,"Nocera Inferiore, 12enne si cala dal balcone con le lenzuola e precipita: ha fratture multiple","Lenzuola annodate per ""fuggire"" da casa, calandosi dal balcone. Ma i nodi non hanno retto, facendola precipitare. E' accaduto a Nocera Inferiore, in provincia di Salerno, in via De Filippo. Protagonista di questa incredibile vicenda è una ragazza di 12 anni. L'adolescente, figlia di una coppia di professionisti, secondo una prima ricostruzione, voleva uscire di casa, forse per evitare una punizione. Così nella sua stanza avrebbe annodato le estremità di alcune lenzuola per calarsi dal balcone ma la presa non ha retto ed è caduta. Violento l'impatto con l'asfalto ma a salvarle la vita è stata la ridotta altezza, poiché l'appartamento è al primo piano dell'edificio.","disaster, accident and emergency incident",0,0,0.0,0,silver,0,1
vb31woGNfcg,corriere_della_sera,Da Marbella a Barcellona a Ibiza: i rapinarolex napoletani in azione,"Le immagini dei colpi effettuati nelle note località diffuse dalla polizia 

 Guarda il video su Corriere: https://video.corrieredelmezzogiorno.corriere.it/da-marbella-a-barcellona-a-ibiza-i-rapinarolex-napoletani-in-azione/47755615-7165-45d0-a323-0dccf61f1xlk 

 Dodici arresti tra Napoli e la Spagna per fermare le “paranze” di rapinatori specializzati in orologi di lusso. Gruppi organizzati, composti da tre a cinque persone, capaci di muoversi tra ristoranti esclusivi, beach club e hotel di prestigio delle principali località turistiche spagnole — da Marbella a Ibiza, da Barcellona a Palma de Mallorca — con un unico obiettivo: individuare al polso dei turisti cronografi da decine, talvolta centinaia, di migliaia di euro (Rolex, Audemars Piguet e altri marchi di lusso) e strapparli con violenza.","crime, law and justice",8,2,0.4814,0,silver,0,1
wRV98LaNKac,corriere_della_sera,L’epopea di Vincenzo De Luca: “Farò di Salerno la Montecarlo d’Italia”. Sindaco per la quinta volta,"«Fino a quando avrò il respiro combatterò per Salerno, per la Campania e per il Sud». Tutti aspettano Vincenzo De Luca in municipio per le 18 in punto. Ma lui non si materializza. Sta chiuso in casa, si gode così il suo trionfo. Niente telecamere e giornalisti, che non ama granché (eufemismo). Perché quando lui vuole parlare spalanca i social e dice ciò che vuole, senza contraddittorio. E a 77 anni suonati avverte chi lo credeva fuori da tutto, dopo lo stop al terzo mandato da governatore: «Dovrete continuare a fare i conti con me».
Provoca, talvolta è sprezzante, altre scherza. Ma in realtà è terribilmente serio. Spavaldo come non mai — trentatré anni dopo la sua prima volta, sulle macerie di Tangentopoli — torna a indossare la fascia di sindaco. È la personificazione dell’eterno ritorno di Friedrich Nietzsche. A Salerno l’universo rinasce e rimuore in base a cicli temporali fissati, soltanto che al centro rimane sempre lui: «Don Vicienz». Con tutte le sue contraddizioni, i suoi pacchetti di voti controllati militarmente e pure i suoi fallimenti: emblematico quello del Crescent, mastodontica colata di cemento a fianco della nuova stazione marittima di Zaha Hadid, con appartamenti e decine di fondi commerciali rimasti sfitti. Ora De Luca torna e rilancia: «Salerno sarà la Montecarlo d’Italia». Tipica grandeur deluchiana: «Con palme stile spiaggia di Copacabana».",politics and government,25,16,0.8185,1,silver,1,1
xAzRxS8zr8U,corriere_della_sera,L’emozione di Sinner agli Internazionali: “Quando c’è il signor Mattarella sono sempre emozionato”,"Una lunghissima standing ovation del Foro Italico e ripetuti cori `Sergio Sergio´ hanno accolto il presidente della Repubblica Sergio Mattarella al suo arrivo alla tribuna autorità del centrale. L'accoglienza riservata al Capo dello Stato è calorosa e fragorosa. Resterà il simbolo della giornata, insieme a quel «signor Mattarella» che un emozionato Jannik Sinner gli rivolgerà al momento della premiazione. Il campione, con in mano la coppa, ha infatti detto: «Quando c'è il signor Mattarella sono sempre molto emozionato e riesco sempre a mettermi in situazioni non piacevoli», facendo partire un altro applauso.",sport,14,9,0.7845,1,silver,1,0
xQZ6rUs0z38,corriere_della_sera,Il centrodestra mantiene Venezia già al primo turno: il nuovo sindaco è Simone Venturini,"Giorgia Meloni ha telefonato a Simone Venturini per complimentarsi dell'esito delle elezioni comunali di Venezia. La telefonata è stata sentita in diretta a Mestre, davanti al quartier generale del candidato sindaco del centrodestra. «Verrà molto presto a Venezia - ha detto Venturini - per aiutarci in alcune questioni cruciali per la città».
«Il risultato è chiaro e va riconosciuto con rispetto. Non siamo riusciti a conquistare la fiducia della maggioranza dei veneziani. Ci abbiamo creduto fino in fondo, abbiamo dato tutto quello che potevamo, convinti che dopo undici anni di amministrazione Brugnaro la città avesse bisogno e fosse pronta per un cambiamento profondo. Sapevamo che sarebbe stata una sfida difficile, perché il cambiamento è sempre difficile, soprattutto quando ci si confronta con un'amministrazione che ha gestito il potere per undici anni. Oggi prendiamo atto del voto, ringraziamo chi ci ha sostenuto. E auguriamo buon lavoro al nuovo sindaco». Così Andrea Martella commenta l'esito delle elezioni comunali.",politics and government,5,3,0.6613,0,silver,0,1
xd-hUmIsh4g,corriere_della_sera,Tentano di far cadere i ciclisti nella tappa del Giro da Paestum a Napoli: due 19enni denunciati,"Hanno tentato di far cadere i ciclisti nel corso della tappa del Giro d'Italia da Paestum a Napoli: identificati e denunciati due giovani. Hanno entrambi 19 anni e sono residenti a San Vitaliano, i due giovani che nel corso della tappa del Giro hanno tentato di spingere e strattonare i ciclisti nei pressi di una rotonda. Gli agenti del commissariato di polizia di Nola li hanno subito identificati e ora li stanno denunciando a piede libero alla Procura nolana per il reato di pericolo all'incolumità pubblica nel corso di manifestazioni sportive.
L'episodio si è verificato proprio all'altezza di San Vitaliano. I due giovani venivano ripresi da un terzo ragazzo alle loro spalle con un telefonino, ma sono stati ripresi dalle telecamere della Carovana rosa. Le immagini sono state fornite agli investigatori che, in poche ore, li hanno identificati e ora stanno procedendo alle denuncia. Dai filmati si vedono i due ragazzi che invadono la strada e tentano di spingere i ciclisti, in una zona del tracciato in cui arrivano a forte velocità. Fortunatamente, non sono riusciti nel loro intento.","crime, law and justice",9,9,0.807,1,silver,1,1
zQqu3viKOes,corriere_della_sera,Un corno porta fortuna per Conte: «Dovevate darmelo prima...»,"L'omaggio di Genny Di Virgilio e il siparietto con il mister 

 Guarda il video su Corriere: https://video.corrieredelmezzogiorno.corriere.it/un-corno-rosso-per-conte-dovevate-darmelo-prima-/04451afc-2009-48c8-bef6-038bc9041xlk 

 A Castel Volturno, dove il capitano del Napoli Di Lorenzo aveva organizzato una braciata.",sport,0,0,0.0,0,silver,0,0
zR7WKsrl4to,corriere_della_sera,Chi sono i 5 italiani morti alle Maldive durante un’immersione subacquea,"Cinque vite diverse, unite dallo stesso mare. Una professoressa che lo studiava da sempre, la figlia che ne aveva ereditato la passione, due giovani ricercatori cresciuti tra aule universitarie e immersioni, un capobarca che aveva lasciato la banca per trasferirsi alle Maldive. Erano scesi ancora una volta sotto la superficie, nelle acque dell’atollo di Vaavu, a una profondità di circa cinquanta metri. Non sono più riemersi.","disaster, accident and emergency incident",13,8,0.7738,1,silver,1,0
-fKk9yN0UQo,il_gazzettino,Rapina in cimitero: 88enne picchiata e scaraventata a terra. Sospettato 30enne con problemi mentali,"A 88 anni va in bicicletta al cimitero e, sulla tomba del fratello, viene colpita in faccia, scaraventata a terra e rapinata della borsa da uno sconosciuto. Tutto per 50 euro. È la brutale aggressione avvenuta a danno di un’anziana residente in paese a Chiarano, alle 11.15 di ieri mattina, domenica 17 maggio","crime, law and justice",17,13,0.8143,1,silver,1,1
-m4722GVbM0,il_gazzettino,"De Rigo, i coniugi Ennio ed Emiliana donano mille euro a ogni dipendente: «Per riconoscenza»","Né a Natale né a Pasqua. Ennio e Emiliana De Rigo, marito e moglie titolari della omonima azienda che produce occhiali e sistemi di refrigerazione, hanno scelto metà maggio per un regalo ai loro dipendenti: una donazione personale straordinaria pari a 1.000 euro destinata, appunto, a ciascun dipendente delle aziende De Rigo Vision e De Rigo Refrigeration. Un’elargizione che, precisa la stessa azienda in un comunicato, esclude però da questo beneficio i quadri ed i dirigenti delle due aziende. Ma questo non è un chiarimento che aiuta a capire quanti saranno i destinatari del bonus

Per ulteriori approfondimenti: https://l-nk.it/VE3Uef","economy, business and finance",6,4,0.7114,1,silver,1,0
11DlBTvF1i8,il_gazzettino,"Rissa allo stadio tra ragazzini, genitori e tifosi alla Festa dello Sport","SACILE - Dal «Fair Play» al «Farsi male» è un attimo, quando gli animi si surriscaldano troppo. È quello che è accaduto domenica allo stadio XXV Aprile di Sacile. Doveva essere la Festa dello Sport, ma quello che si è visto tra il campo e gli spalti è stato esattamente il contrario. Una zuffa breve ma molto violenta, tra giovani e adulti, sicuramente alcuni genitori dei ragazzi in campo che sono passati dalle parole ai fatti menando colpi senza ritegno. Addirittura brandendo una bottiglia.


Per approfondimenti: https://l-nk.it/puenlf",sport,0,0,0.0,0,silver,0,1
1jCeB3N1EL4,il_gazzettino,Faida tra bande di tunisini a colpi di machete alle Zattere: due feriti,"Sono arrivati schierati in riga, la spada giapponese e la mannaia tenute lungo i fianchi, larghe, a coprire le spazio tra un uomo e l’altro, a completare la barriera che chiudeva la riva dei Gesuati. Prima di lanciarsi all’assalto si sono fatti anticipare da una sedia, presa da un plateatico lì vicino e scagliata sugli avversari per spezzarne la formazione. Poi la vera battaglia, a colpi di lama, in una nuvola di spray urticante: il più anziano dei due aggrediti, 32 anni, ha rimediato solo un taglio sul braccio, una ferita superficiale; l’altro, suo fratello di dieci anni più giovane, non se l’è cavata altrettanto a buon mercato: è caduto a terra, il nemico armato di machete l’ha preso di mira e ha cercato di colpirlo al volto, un fendente tremendo, parato con il palmo della mano, per un soffio. Il 22enne, portato al pronto soccorso di piazzale Roma e quindi all’ospedale Civile, è stato dimesso solo ieri: sei punti, squarci alla mano, al mento, al ginocchio, 15 giorni di prognosi.","crime, law and justice",11,8,0.7821,1,silver,1,1
2KjdGGY8At4,il_gazzettino,"Hantavirus, Bassetti: «Contagio? Non serve contatto»","La trasmissione dell'Hantavirus avviene meno efficacemente rispetto al Covid. Per questo, sulla nave da crociera MV Hondius, su un totale di circa 180 passeggeri (compresi l'equipaggio e i trenta che sono scesi in anticipo sull'isola di Sant'Elena), ci sono solo dieci positivi conclamati. «Con il Covid, ma soprattutto con il morbillo, gli infetti sarebbero stati molti di più», conferma il professor Matteo Bassetti, direttore della clinica di Malattie Infettive del policlinico San Martino di Genova.",health,29,23,0.8413,1,silver,1,0
3iSnrQqyJuc,il_gazzettino,Bambino di 6 anni muore investito dal muletto guidato dal papà mentre gioca davanti all'azienda,"Una banale manovra col muletto, fatta mille volte, in quello stesso piazzale, si trasforma improvvisamente in una tragedia insensata: muore un bambino di 6 anni, schiacciato dal mezzo, ma ""muore"" con lui anche una parte del padre che lo stava manovrando e che si è accorto dell'accaduto quando ormai era troppo tardi (di Matteo Lazzarin)

Per approfondimenti: https://l-nk.it/W6pDes","disaster, accident and emergency incident",15,6,0.7275,1,silver,1,1
4Rqp0G6iW-U,il_gazzettino,"Sinner-Ruud 6-4, 6-4: Jannik conquista il Masters 1000 di Roma a cinquant'anni da Panatta","Sinner-Ruud 6-4, 6-4: Jannik conquista il Masters 1000 di Roma a cinquant'anni da Panatta

Per approfondimenti: https://l-nk.it/l60aF7",sport,0,0,0.0,0,silver,0,0
4dz4Oa20h8U,il_gazzettino,Mamma 17enne stuprata dal coinquilino: il sospetto aggressore resta a piede libero,"È a piede libero il cittadino bengalese sospettato di aver violentato una connazionale 17enne e già mamma di un bambino di tre mesi in un appartamento di Marghera. Un alloggio in cui lui e la famigliola erano coinquilini. Malgrado la denuncia per violenza sessuale sporta sabato sera, nell’immediatezza del fatto ai carabinieri, non si è potuto procedere all’arresto, che non è consentito in assenza della flagranza per questo reato.
Al momento l’uomo non risulterebbe irreperibile, ma gli investigatori temono che possa darsi alla macchia, nel caso in cui le cose si dovessero mettere male per lui. Non c’è infatti solamente la giustizia italiana che bussa alla sua porta, ma è la stessa comunità bengalese ad essere infuriata chiedendone l’allontanamento. Insomma, c’è il rischio che si possa colpire la persona sbagliata, dal momento che fatto e responsabilità non sono stati ancora accertati con esattezza.

Per approfondimenti: https://l-nk.it/kxTS0f","crime, law and justice",0,0,0.0,0,silver,0,1
4xl7UqxVxZs,il_gazzettino,"Incendio al supermercato nella notte: le fiamme divorano 2 furgoni, il tetto e il magazzino esterno",Per approfondimenti: https://l-nk.it/hUlYac,"disaster, accident and emergency incident",1,1,0.5,0,silver,0,0
5OCY5hIu_0o,il_gazzettino,"Prof Francesco Saviane, parla il parroco don Cesare Contarini: «L’ho licenziato dal nostro asilo»","«Ad oggi non ne vedo il motivo». Don Cesare Contarini alza il muro, non arretra di un millimetro e soprattutto non si dimette. Risponde così alla rivolta partita nei giorni scorsi nella “sua” parrocchia di San Lorenzo ad Albignasego. Da una parte i parrocchiani e una fetta consistente di collaboratori che ne chiedono a gran voce la testa, invocando dimissioni in massa per lo scandalo che ha coinvolto Francesco Saviane, collaboratore del don, segretario dell’asilo nido e spesso accompagnatore nelle uscite. Dall’altra c’è lui, il parroco, nel mirino per averlo protetto e ospitato in canonica fin dal 2023. Scelta che lo stesso Vescovo Claudio Cipolla aveva contestato: «La presenza di Saviane nella canonica di una parrocchia della Diocesi si deve esclusivamente alla scelta personale del parroco, in violazione di una formale indicazione in senso contrario da parte dell’ordinario diocesano» le sue parole.

Per ulteriori approfondimenti: https://l-nk.it/2jMr7R",religion,0,0,0.0,0,silver,0,1
5OtMtgB62MY,il_gazzettino,"Aereo esce di pista durante il decollo, terrore e urla tra i passeggeri","Un video ripreso da un passeggero a bordo di un volo Croatia Airlines sta attirando grande attenzione online, mostrando in tempo reale il momento in cui un Airbus A220-300 ha interrotto la corsa di decollo ed è uscito parzialmente di pista all’aeroporto di Spalato, in Croazia.
L’episodio è avvenuto durante la fase di rullaggio per il decollo del volo diretto da Spalato a Francoforte. A bordo dell’aereo si trovavano circa 130 passeggeri e cinque membri dell’equipaggio.
Secondo quanto comunicato dalla compagnia aerea, i piloti hanno deciso di interrompere il decollo seguendo le procedure di sicurezza previste. L’aereo si è quindi fermato al termine della pista, con una parte del velivolo finita sull’area erbosa adiacente.
Nonostante il momento di tensione, Croatia Airlines ha confermato che nessun passeggero o membro dell’equipaggio ha riportato ferite. Tutti i presenti sono stati evacuati in sicurezza e accompagnati all’interno del terminal dell’aeroporto di Spalato.
Alcune immagini diffuse da fonti locali mostrano l’aeromobile fermo a bordo pista, con un motore che appare parzialmente danneggiato e vicino all’erba laterale. Le autorità aeroportuali e i tecnici stanno ora effettuando i controlli necessari per chiarire le cause dell’interruzione del decollo.
La compagnia ha dichiarato che ulteriori aggiornamenti verranno forniti al termine delle verifiche tecniche e delle indagini ufficiali. Al momento, non sono stati diffusi dettagli sulle ragioni specifiche che hanno portato i piloti a interrompere la manovra.

 

Per approfondimenti: https://l-nk.it/yJdgR2","disaster, accident and emergency incident",7,1,0.0903,0,silver,0,0
5s85hZ-6qzw,il_gazzettino,Bambino di 9 anni adescato mentre aspetta il papà in auto: l'identikit dello sconosciuto,"Si avvicina al bambino che sta attendendo in auto il ritorno del padre e lo invita a seguirlo, offrendosi di accompagnarlo a casa. Il ragazzino inizia a gridare e l’uomo si allontana. Il bimbo racconta subito al padre quello che è accaduto e il genitore si precipita a denunciare il fatto ai carabinieri. L’inquietante episodio risale alla giornata di giovedì, nei pressi della stazione di Montegrotto.","crime, law and justice",38,10,0.7634,1,gold,1,1
6bwPgKBA_xk,il_gazzettino,"Lorenzo sconfigge la leucemia a 8 anni: la diagnosi, poi il trapianto di midollo","«Quando ci hanno detto che nostro figlio di 8 anni Lorenzo aveva una forma rara di leucemia, ci è caduto il mondo addosso. Abbiamo pensato a un errore, non era possibile. Eravamo andati in ospedale per un po’ di febbre. Da lì è iniziata un’avventura che il bambino ha affrontato come un leone, fino alla remissione della malattia. Io e la mia compagna Eva vogliamo ringraziare tutta l’équipe dell’ospedale Burlo Garofolo di Trieste, ha salvato la vita a nostro figlio». Non trattiene l’emozione papà Marco, addestratore cinofilo pordenonese di 51 anni. Finalmente la luce in fondo al tunnel: dopo le feste pasquali, il piccolo Lorenzo, oggi 10 anni, è tornato a scuola. La battaglia contro la malattia, tra ricoveri e dimissioni, è durata quasi due anni e oggi papà e mamma possono tirare un sospiro di sollievo. «Abbiamo deciso di parlare della storia di nostro figlio per raccontare un caso di efficienza sanitaria, ringraziando con una lettera il primario di ematologia Marco Rabusin e tutto lo staff, dai sanitari agli addetti alle pulizie. Sono stati perfetti».

Per ulteriori approfondimenti: https://l-nk.it/N6tzfO",health,12,1,0.0529,0,silver,0,0
6rsEFR9qWYA,il_gazzettino,"Tiziana Folegnani torna sui libri a 65 anni: «Adoro i miei compagni, passo i miei appunti a tutti»","«Passo tutto il tempo all'università, o sono a lezione o in biblioteca a studiare». Tiziana Folegnani a 65 anni è la dimostrazione che non è mai troppo tardi per prendere una laurea. Come anche che il divario d'età non per forza è un ostacolo tra compagni di corso.",education,0,0,0.0,0,silver,0,0
7xEqltGNloc,il_gazzettino,"Maestra segnalata dalla classe, il preside nega la visione per privacy. Il Tar le dà ragione","Quando il preside l'ha convocata per riferirle di alcune segnalazioni arrivate da una classe nei suoi confronti, per la docente, una sessantenne trevigiana professionista di lunga esperienza, è stata una sorpresa non da poco. Considerato anche che non aveva mai ricevuto osservazioni sul lavoro prima di quel momento. Ma ancora di più l'ha spiazzata il fatto che il dirigente non abbia potuto riferirle né il contenuto preciso delle lamentele né chi le aveva avanzate, richiamando ragioni di privacy. Ma l'insegnante non c'è stata e, tramite il sindacato Gilda degli insegnanti di Treviso e l'avvocato Innocenzo D'Angelo, ha fatto ricorso al Tar. E il tribunale amministrativo le ha dato ragione: ora il dirigente dovrà mostrarle integralmente non solo il contenuto delle segnalazioni ma anche chi le ha mosse.","crime, law and justice",3,1,0.2048,0,silver,0,1
8nwpQwWw4Fg,il_gazzettino,"Veronica Zanette, l'autopsia: la 26enne non è morta per cause naturali. Ora gli esami tossicologici","Sarebbero escluse cause naturali per la morte di una 26enne, Veronica Zanette, 26 anni, di Auronzo (Belluno), deceduta venerdì scorso dopo aver accusato un malore nell'abitazione di un'amica, a Pelos, frazione di Vigo di Cadore. L'autopsia è stata svolta oggi, 18 maggio 2026, dall'anatomopatologo Antonello Cirnelli


Per approfondimenti: https://l-nk.it/CI5ks0","crime, law and justice",0,0,0.0,0,silver,0,1
9OuMwiVg05U,il_gazzettino,"Gasolio a 20 centesimi, caos al distributore: code di auto e automobilisti con le taniche","Gasolio a 20 centesimi. Un miraggio? No, è quanto accaduto in una stazione di rifornimento ed è scoppiato il caos: code di auto e automobilisti con le taniche. «Danno di 10mila euro ma i clienti non pagheranno».","economy, business and finance",9,7,0.776,1,silver,1,1
AijXcZ_cICg,il_gazzettino,"Constantini: «Vado via da Cortina, ma rimango con Mosaner». La nuova vita della regina del curling","Erede della migliore tradizione di Cortina, Stefania Constantini è la regina dello sport ampezzano. Ora però sta per iniziare una nuova fase della sua vita, lontana dalle Tofane, viaggiando dal versante alpino orientale verso quello occidentale

Per approfondimenti: https://l-nk.it/SP5fXc",sport,0,0,0.0,0,silver,0,0
B_e-tGcIMV8,il_gazzettino,"Maltempo, strade ricoperte dalla grandine nel Trevigiano","Ancora maltempo in Veneto: questa mattina, martedì 12 maggio, le strade di Mansuè sono state ricoperte dalla grandine. Anche diversi comuni del Veneziano sono stati colpiti dalla violenta tempesta: i chicchi di ghiaccio hanno ricoperto strade e campi a Pramaggiore, Gruaro, Cinto Caomaggiore, Portogruaro e San Michele al Tagliamento

Per ulteriori approfondimenti: https://l-nk.it/Tx3ySc",weather,7,4,0.6994,0,silver,0,0
BmMFVoBO2_U,il_gazzettino,"Ladri in villa, l'imprenditore tenuto in ostaggio da tre malviventi nel cuore della notte....","TREVISO - Le parole dell'imprenditore in pensione Colombo, tenuto in ostaggio nella notte tra venerdì e sabato da tre malviventi nella propria abitazione di Selvana (Treviso). La rapina si è svolta nel giro di 40 minuti all'1.30 di notte. A rimanere ferita dopo l'incontro con i rapinatori è stata la figlia, aggredita dopo aver gridato nel trovarseli davanti rientrando a casa. La banda, trasfertisti con accento dell'est, è fuggita con gioielli e orologi.

(Video di Luca Vecellio) 
 
Per approfondimenti: https://l-nk.it/PgmdaB","crime, law and justice",0,0,0.0,0,silver,0,1
C7GFU0L_p5A,il_gazzettino,"Venezia, notte di trionfo e festa l'invasione di campo dei tifosi dopo la vittoria contro il Palermo","Grande festa al Penzo, il Venezia batte il Palermo 1 a 0 e vince il titolo di Serie B, oltre alla promozione ottenuta già la scorsa settimana. I tifosi scatenati invadono il campo per festeggiare

Per approfondimenti: https://l-nk.it/za0xS8",sport,2,0,0.0,0,silver,0,0
CE0vQj5IFck,il_gazzettino,Grandine e maltempo: strade imbiancate e viabilità a rilento. Si temono danni,"Una perturbazione rapidissima ma molto violenta ha attraversato nel pomeriggio di oggi, lunedì 11 maggio, la fascia del Veneto Orientale, lasciando dietro di sé una scia di danni che preoccupa residenti e associazioni di categoria


Per approfondimenti: https://l-nk.it/ENzYtT","disaster, accident and emergency incident",3,1,0.2048,0,silver,0,0
CckGOwgk-IA,il_gazzettino,"Alice D’Amato, cittadinanza onoraria alla campionessa olimpica «Che emozione»","Alice D'Amato cittadina onoraria: la premiazione conferita all'atleta delle Fiamme Oro e campionessa olimpica in ginnastica artistica femminile si è svolta nella giornata di oggi, sabato 9 maggio, nel PalaFabbri di via Mira (video di Andrea Berton) 

Per approfondimenti: https://l-nk.it/3PIhrp",sport,2,0,0.0,0,silver,0,0
En2UHmLjhhY,il_gazzettino,"Andrea Pinarello, condannati due medici per la morte dell'imprenditore: 1,3 milioni ai familiari",La Corte d’Appello: «Certificato d’idoneità rilasciato senza i dovuti approfondimenti»,"crime, law and justice",2,0,0.0,0,silver,0,1
F2bPS1BRJ6U,il_gazzettino,Calligaris scagionato dopo 18 anni ma in Friuli resta il mistero: «Chi ha ucciso Tatiana?»,Per approfondimenti: https://l-nk.it/37zLcQ,"crime, law and justice",1,1,0.5,0,silver,0,1
FYKewQOzPrI,il_gazzettino,"Biennale, Salvini accolto nel padiglione russo con un canto siberiano","Un canto siberiano: così il padiglione russo ha accolto il ministro delle Infrastrutture e dei Trasporti, Matteo Salvini, arrivato oggi, venerdì 8 maggio, alla Biennale (video di Alda Vanzan) 

Per approfondimenti: https://l-nk.it/6ibA9T","arts, culture, entertainment and media",39,28,0.8459,1,silver,1,1
FuMhcvEkbUY,il_gazzettino,"Luca Signorelli, il passante eroe che ha braccato l'investitore: la lite e le coltellate","Si chiama Luca Signorelli, uno dei passanti eroi che hanno neutralizzato il 31enne italiano di origini marocchine che nel pomeriggio di oggi ha investito a Modena, in zona Porta Bologna, almeno 7 persone prima di essere fermato da una volante della polizia di Stato.
Per quanto riguarda le persone ferite, quattro di queste sono gravi e per due è stato necessario il trasporto in elicottero a Bologna.
Signorelli è stato accoltellato dall'uomo che, sceso dall'auto che ha falciato i passanti, ha agitato il coltello contro chiunque gli venisse incontro. «Mentre tento di soccorrere la signora con le gambe amputate - spiega Signorelli ai cronisti, la testa ancora grondante di sangue - lui (l'investitore, ndr) scappa».

 
Per approfondimenti: https://l-nk.it/bYjNvX","disaster, accident and emergency incident",1,1,0.5,0,silver,0,1
GNxlYA48KJI,il_gazzettino,"Cortina, indagini sulla cabinovia Apollonio-Socrepes: la variante dell'Alemagna trema",Per approfondimenti: https://l-nk.it/rHogQ7,"disaster, accident and emergency incident",0,0,0.0,0,silver,0,1
Glhefta9I7Y,il_gazzettino,"Pestaggi, rapine, bullismo: nuovo daspo per la 16enne che terrorizzava il Piovese","Ripetute aggressioni brutali nei confronti di coetanee e coetanei, ma anche di adulti e titolari di locali. Addirittura di un venditore ambulante di rose invalido, ferocemente picchiato per due volte in una sera. Una spietatezza che nemmeno il fatto che la vittima fosse senza le braccia ha potuto frenare. Sono molteplici gli episodi contestati una 16enne, cittadina marocchina, colpita da un doppio daspo Willy e che per tre anni le vieta di frequentare tutti i locali e negozi della zona stazione, corso del Popolo e Piazze di Padova. La giovane è ritenuta socialmente pericolosa a fronte di molteplici denunce e arresti per atti di bullismo, pestaggi, rapine e furti commessi prima nel Piovese e più di recente a Padova insieme a coetanei, in taluni casi formando delle baby gang con decine di individui.","crime, law and justice",9,8,0.7931,1,silver,1,1
HHUwkFNcbv0,il_gazzettino,"Nicolò Danesin, il medico da Scorzé a Boston per combattere il tumore",Per approfondimenti: https://l-nk.it/1x9RkX,health,3,2,0.5963,0,silver,0,0
JjtZcdmf4VQ,il_gazzettino,Lucas De March investito e ucciso dal muletto. Folla al funerale. La mamma: «Nato per dare amore»,"Dentro una chiesa gremita, nel silenzio irreale di oltre duemila persone, gli occhi erano tutti rivolti verso quella piccola bara accompagnata lungo la navata dal papà Gabriele. È stato lì che si è scritto l'ultimo capitolo della tragedia che appena una settimana fa ha sconvolto un'intera comunità. Ieri non c'era spazio sufficiente per contenere tutto il dolore accumulato per Lucas De March, il bambino di 6 anni schiacciato da un muletto lo scorso venerdì 8 maggio.","disaster, accident and emergency incident",17,1,0.0374,0,silver,0,0
MBO-Hu1rTAw,il_gazzettino,"Elena Fornasier muore dopo 30 anni di agonia, il grave incidente quando era una ragazza","Nella foto dell’epigrafe era una ragazza. Ed è così che gli amici ricordano Elena Fornasier, cittadina di Rauscedo morta a soli 49 anni. Era come se il tempo si fosse già fermato quasi trent’anni fa, in quel drammatico giorno dell’incidente. Elena era rimasta coinvolta in un sinistro in cui un’altra giovane aveva perso la vita e lei era rimasta in stato vegetativo

Per ulteriori approfondimenti: https://l-nk.it/3xXSrO","disaster, accident and emergency incident",8,0,0.0,0,silver,0,0
N6ZDU3BPjFE,il_gazzettino,Gelateria Panciera compie 90 anni all'insegna di tradizione e dolcezza,"C’erano Valentino Panciera, Rocco Pradel e Lorenzo Sommariva. Venivano dalle montagne, con un bagaglio pieno di tradizione, quella dei maestri gelatieri della Val di Zoldo. Ne è passato di tempo ma una di quelle pepite è ancora lì, dal 1936 a oggi, affacciata com’è nella piazza simbolo della città di Padova.
La gelateria Panciera di Prato della Valle compie 90 anni. Novant’anni di dolcezza e di tradizione tramandata, prima di padre in figlio e poi dal titolare ai tre dipendenti prediletti. È la magia di un lavoro che, più che altro, è un mestiere. E allora eccoli lì, tutti e tre sorridenti.",lifestyle and leisure,5,1,0.1257,0,silver,0,0
NrsOQsfaYYw,il_gazzettino,"Precipita dal secondo piano dell'hotel durante la gita del liceo, 18enne muore dopo 10 giorni","La speranza si è spenta nella serata di ieri nel reparto di rianimazione dell’ospedale di Udine. Non ce l’ha fatta il diciottenne di Monopoli che lo scorso 3 maggio era precipitato dal secondo piano di un hotel a Lignano Sabbiadoro, durante la gita di quinta superiore con il Polo Liceale della sua città.","disaster, accident and emergency incident",30,6,0.7038,1,gold,1,0
NsZlYKpnmlQ,il_gazzettino,"Pietro Nocera, scoperta l'identità del 31enne morto carbonizzato nell'incidente sulla Pontebbana","È stata finalmente scoperta l'identità del giovane morto carbonizzato nella Toyota Yaris che domenica sera si è schiantata in un fosso a bordo strada sulla Pontebbana. Si tratta di Pietro Nocera, originario di Modena e da due anni viveva a Treviso per lavoro nel settore dell'energia.

I familiari, che avevano fatto denuncia di scomparsa, si sono recati ieri sera all'obitorio per reclamare il corpo. L’identificazione è ancora non confermata ufficialmente dalla Procura per le condizioni della salma, ma i genitori hanno confermato le corrispondenze con gli oggetti personali. Adesso andrà comunque fatto l’esame del dna.","disaster, accident and emergency incident",0,0,0.0,0,silver,0,0
O0OL3nvuFBA,il_gazzettino,"Assunzioni di infermieri pediatrici, l'avviso va deserto: «Ecco perché non hanno aderito»","L’avviso per l’assunzione a tempo determinato di infermieri pediatrici nella provincia di Pordenone è andato deserto: zero i candidati che hanno aderito al bando. A comunicarlo l’Azienda sanitaria con un decreto. Si tratta di un risultato che va ad aggravare una situazione di pesante carenza di personale (di Emiliana Costa)

Per approfondimenti: https://l-nk.it/mrdlDb",labour,4,3,0.6843,0,silver,0,1
O3zMNWXM6ZU,il_gazzettino,"Coppia scappa senza pagare il conto alla pizzeria Spaccanapoli, la scusa della sigaretta e la...","«Usciamo a fumare una sigaretta» e non rientrano più a saldare il conto. È accaduto nella serata di domenica 10 maggio alla pizzeria Spaccanapoli di Vicenza. Tra le tante persone presenti nel locale per festeggiare la festa della mamma, anche la coppia che, una volta terminata la cena, ha approfittato del caos e della confusione per dileguarsi senza pagare il conto da poco più di 30 euro.


Per approfondimenti: https://l-nk.it/OPwhxQ","crime, law and justice",51,28,0.8395,1,silver,1,1
PjHWbV-iDsI,il_gazzettino,"Rissa allo stadio tra ragazzini, genitori e tifosi alla Festa dello Sport","Dal «Fair Play» al «Farsi male» è un attimo, quando gli animi si surriscaldano troppo. È quello che è accaduto domenica allo stadio XXV Aprile di Sacile. Doveva essere la Festa dello Sport, ma quello che si è visto tra il campo e gli spalti è stato esattamente il contrario. Una zuffa breve ma molto violenta, tra giovani e adulti, sicuramente alcuni genitori dei ragazzi in campo che sono passati dalle parole ai fatti menando colpi senza ritegno

Per ulteriori approfondimenti: https://l-nk.it/oilBgM",sport,0,0,0.0,0,silver,0,1
R8MJwa9LuQ8,il_gazzettino,"Gatto Rossini, una mostra per ricordare il simbolo della città","Sembra ancora di vederlo passare, con il suo passo felpato e silenzioso, tra le strade del centro storico. Viene quasi spontaneo cercarlo nei suoi angoli preferiti: davanti alle vetrine dei negozi, sui balconi assolati, sotto l'arco del municipio o accoccolato in qualche angolo tranquillo di piazza Vittorio Emanuele. Per molti rodigini Rossini non era soltanto un gatto, ma una presenza familiare, discreta e rassicurante, capace di entrare nella quotidianità della città fino a diventarne un simbolo autentico.","arts, culture, entertainment and media",0,0,0.0,0,silver,0,0
T1dU6C4LZ4E,il_gazzettino,Incendio nella fabbrica di componenti elettronici Haiki electrics: aveva preso fuoco un mese fa,"Incendio nei pressi di una fabbrica di smaltimento di componenti elettronici, la Haiki electrics, nella zona industriale di Fossò, nel pomeriggio di oggi domenica 17 maggio


Per approfondimenti: https://l-nk.it/D5K7NS","disaster, accident and emergency incident",1,0,0.0,0,silver,0,0
TDfmmv4ikm8,il_gazzettino,Alessandro perde la vista e diventa campione di golf: «Seguo la pallina con il suono del colpo»,"Chiudete gli occhi. Provate a infilare la chiave nella toppa di casa al buio, con qualcuno alle spalle che vi dice: un po’ più a destra, alza, sinistra, ferma. Difficile, vero? Ora pensate di doverlo fare a centocinquanta metri di distanza, con un ferro 7 in mano, e di non poter mai vedere dove finisce la pallina. Solo sentirla, dal suono del colpo.
Benvenuti nel mondo di Alessandro Fava, 51 anni di Vittorio Veneto, da febbraio scorso unico azzurro nella categoria Blind della Squadra Nazionale Paralimpica della Federazione Italiana Golf (di Paolo Colombo) 

Per approfondimenti: https://l-nk.it/gIJuaL",sport,0,0,0.0,0,silver,0,0
TkZYgJs2s4w,il_gazzettino,"Sparatoria vicino alla Casa Bianca, giornalista si butta a terra durante la diretta","Attimi di forte tensione a Washington nei pressi della Casa Bianca, dove un uomo armato ha aperto il fuoco contro gli agenti del Secret Service in un checkpoint di sicurezza situato lungo il perimetro dell’edificio presidenziale. L’episodio si è verificato mentre Donald Trump trascorreva la giornata lavorando con i suoi più stretti collaboratori sul dossier legato ai rapporti con l’Iran.
Secondo le prime ricostruzioni, gli agenti hanno risposto immediatamente al fuoco colpendo l’aggressore per neutralizzare la minaccia. L’uomo è stato successivamente trasportato in ospedale, dove è deceduto a causa delle ferite riportate.
L’area è stata rapidamente messa in sicurezza dal Secret Service, che ha isolato il checkpoint e avviato le procedure di emergenza previste in casi di attacco armato nei pressi della Casa Bianca. Non risultano feriti tra gli agenti coinvolti.
L’episodio ha riportato l’attenzione sulle misure di sicurezza attorno alla residenza presidenziale e sull’elevato livello di allerta costante nella capitale statunitense. I controlli nei pressi del perimetro della Casa Bianca rappresentano uno dei sistemi di sicurezza più rigorosi al mondo, con presidi armati e verifiche continue 24 ore su 24.
Le autorità stanno ora indagando per ricostruire con precisione la dinamica dell’accaduto e comprendere le motivazioni dell’aggressore. Al momento non sono stati diffusi ulteriori dettagli sulla sua identità.

 

Per approfondimenti: https://l-nk.it/AexkMs","crime, law and justice",2,2,0.6604,0,silver,0,1
UAeK9aAWb5w,il_gazzettino,"Giuliano Costalunga, prete omosessuale scomunicato dal vescovo: «Mobbing sociale»","Dopo la dimissione dallo stato clericale ora arriva anche la scomunica per Giuliano Costalunga, l’ex parroco di Selva di Progno che nel 2018 lasciò il paesino sui monti Lessini per raggiungere le Canarie e sposare il compagno Paolo. Ma dopo otto anni all’estero Costalunga è tornato nel suo Veneto e, sempre nella provincia veronese, a Campiano, ha aperto una realtà parrocchiale con la Chiesa Vetero Cattolica Riformata. Il 26 aprile scorso ha celebrato un funerale e la Chiesa di Verona non l’ha presa proprio bene.",religion,14,6,0.7306,1,silver,1,1
V71pst7L4nw,il_gazzettino,"Antonio Sacco Taz muore dopo 2 settimane di agonia, fatale l'incidente con la Yahama","Il malore, gli occhi che si chiudono, il tentativo vano di rianimazione. È morta così Veronica Zanette. Aveva 25 anni ed era di Auronzo, ma il decesso è avvenuto ieri mattina in una casa di Pelos (Vigo di Cadore) dove si trovava come ospite. Sul caso sono in corso approfondimenti dei carabinieri, intervenuti sul posto. Perché le circostanze in cui la ragazza è morta sono tutte da chiarire

Per ulteriori approfondimenti: https://l-nk.it/5rIxLb","disaster, accident and emergency incident",6,0,0.0,0,silver,0,1
VCwqO9o8mLc,il_gazzettino,Rapina a villa Colombo. Il bandito alla vittima: «Nascondi la fede prima che il mio capo la veda»,"«Indossa la fede, così il capo non se ne accorge». Nella villa di via degli Alpini, a Selvana di Treviso, uno dei banditi ha mostrato pietà nei confronti della famiglia. E non è successo in una sola occasione. Mentre Priscilla Mazzoli, settantunenne, supplicava i ladri di non prendere tutti i suoi ricordi e soprattutto di non fare male al marito, il predone col volto coperto dal passamontagna che frugava nei suoi cassetti in cerca di oggetti preziosi si è fermato per qualche secondo, l’ha guardata e le ha lasciato tra le mani un anello, una fede nuziale. «Mettila al dito, così lui non la vedrà» le ha detto, riferendosi al suo complice poco distante. Da questo dettaglio si deduce che la banda non era del tutto uniforme e che esisteva una gerarchia precisa nel loro operare: da una parte un leader spietato, cinico e forse più esperto in azioni criminali, dall’altra almeno uno dei due gregari col cuore tenero e la volontà di non far male più del necessario.","crime, law and justice",22,4,0.6386,0,gold,0,0
VjOQ8WR5W6o,il_gazzettino,"Francesco Saviane e lo scandalo abusi, don Contarini si dimette: «Ma non ho coperto nessuno»",Per approfondimenti: https://l-nk.it/L4bXBz,"crime, law and justice",3,2,0.5963,0,silver,0,1
Vpa2mtmRxsA,il_gazzettino,Anziani intrappolati nella casa in fiamme salvati dal poliziotto: «Potevano essere i miei genitori»,"Devono la vita a Geremia Manuel Domingo, un poliziotto della questura di Padova, i due coniugi ottantenni la cui abitazione è stata teatro di un incendio nella mattinata di venerdì 22 maggio a Torri di Quartesolo (Vicenza). L'assistente capo coordinatore in servizio all’Ufficio di Gabinetto sabato mattina è stato ricevuto dal questore Marco Odorisio che gli ha espresso gratitudine e riconoscimento. (video: Simone Piccirilli/NuoveTecniche)","disaster, accident and emergency incident",1,0,0.0,0,silver,0,0
VsCoGOJMB0I,il_gazzettino,"Cantiere notturno per la fibra fa troppo rumore: protesta dei residenti, arrivano i carabinieri","A Vittorio veneto hanno fatto discutere i lavori di posa della fibra ottica eseguiti la notte scorsa dalla Telebit in via Lioni, zona Frati, all'altezza del cinema Verdi. «I lavori di scavo ci hanno tenuti svegli tutta la notte» protestano alcuni residenti di via Lioni, strada rimasta chiusa dalle 20 del 21 maggio alle 9 del 22 maggio come da ordinanza della polizia locale.","disaster, accident and emergency incident",14,4,0.6569,0,silver,0,0
WO_EFaLdW3E,il_gazzettino,"Cristina trovata morta, il marito: «Mi ha chiesto di andare a prendere i figli a scuola, era stanca»","È venuta a mancare improvvisamente martedì pomeriggio, a seguito di un malore che l'ha sorpresa pochi istanti dopo essere rientrata a casa. «Cristina era appena rincasata dal lavoro, poco dopo le 13 - racconta il marito, Matteo -. Mi aveva detto che si sentiva molto stanca e mi ha chiesto di andare io a prendere i figli a scuola. Le ho detto di riposarsi, di stendersi sul divano. Quando sono tornato con i nostri figli, l'ho trovata lì, immobile: non dormiva, era già volata via» (di Mauro De Lazzari) 


Per approfondimenti: https://l-nk.it/Z9IOKP",health,11,3,0.5989,0,silver,0,0
XIvL7O4-APo,il_gazzettino,"Affitti brevi, Arrigo Cipriani: «Il morbo che sta uccidendo l’anima di Venezia»","I cittadini di tutte le città del mondo si identificano dal nome della loro città. In alcune il nome dell’abitante acquista una forza particolare che non ne ricorda solo il nome, ma la sua identità e la sua storia: è qualcosa di più di un’etichetta, è il suo carattere, il suo modo di esistere, che vogliono dire qualche cosa di più.
Molti sono i nomi che vengono in mente. In Italia, ad esempio, Napoli, Roma, Firenze e tanti altri. Sono le città in cui il cittadino, e non per niente si chiama così, è nato e vive, città che lo identificano e che allo stesso tempo in lui identifica sé stessa. La chiamerei “anima”",society,4,2,0.5559,0,silver,0,1
ZUzLwAEbBa8,il_gazzettino,"Ventimila api morte, sterminata un'intera arnia: «Avvelenate da insetticidi»","Oltre 20mila api morte. La scena che si è aperta davanti all’arnia è stata quella di uno sterminio: una distesa di insetti impollinatori a terra, tra l’erba, senza più vita. Il sospetto è che possano essere stati avvelenati dai prodotti usati in alcuni trattamenti agricoli eseguiti sui filari di vite presenti nella zona. È quanto successo venerdì a Osigo, frazione di Fregona. 

Per ulteriori approfondimenti: https://l-nk.it/6ZTqhM",environment,7,3,0.6309,0,silver,0,1
_-y0oRQx4pA,il_gazzettino,"Aggredito a 14 anni dal branco, ora è campione di boxe: «Si è pugili solo in palestra»",Per approfondimenti: https://l-nk.it/GcYUaV,sport,0,0,0.0,0,silver,0,1
_Hpx18OoQUU,il_gazzettino,Marisa Barchi e Antonio Gobbato 40 anni donarono il cuore della figlia Francesca: «Salvato due vite»,Per approfondimenti: https://l-nk.it/XbE4Fs,human interest,5,1,0.1257,0,silver,0,0
_NaIfzA7oPg,il_gazzettino,"Jesolo, piovono le disdette dei turisti: diversi hotel rinviano l'apertura","Maltempo e temperature autunnali: piovono disdette in città. Ascensione da dimenticare a Jesolo che ha iniziato la stagione senza la classica ""invasione"" teutonica.
La pioggia dei giorni scorsi non ha favorito le grandi presenze del passato e chi immaginava di ripetere i record del ponte del Primo maggio è rimasto deluso.",lifestyle and leisure,3,2,0.5963,0,silver,0,0
a8wzgiJ8C9o,il_gazzettino,"Faida tra bande di tunisini a colpi di machete, 5 Sakka in carcere per tentato omicidio e lesioni","Dopo l'episodio choc della faida tra bande di tunisini a colpi di machete nel centro storico di Venezia, dove sabato notte alle Zattere sono stati feriti due componenti della famiglia Mallat, un 32enne e un 22enne, ora scattano gli arresti. Il blitz di polizia e carabinieri è in corso dalle prime ore di questa mattina, mercoledì 20 maggio, a seguito delle indagini coordinate dalla Procura della Repubblica lagunare

Per ulteriori approfondimenti: https://l-nk.it/dkH8A3","crime, law and justice",2,2,0.6604,0,silver,0,1
aS0qzMy9uAk,il_gazzettino,"Scuolabus finisce nel fossato, attimi di paura sulla Pontebbana","SUSEGANA (TREVISO) - Scuolabus sbanda su via Pontebbana. Paura alle otto di mattina, quando sulla principale, all’altezza del Barco tra Susegana e Ponte della Priula, uno scuolabus fortunatamente vuoto è finito fuori strada nel fosso.

Stando alla prima ricostruzione, l’autista ha avuto un malore al volante.

I soccorsi

Sul posto Suem e vigili del fuoco. L’autista, rimasto incastrato nell’abitacolo, è stato soccorso dalle squadre dei vigili del fuoco, intervenute per liberarlo...

Per approfondimenti: https://l-nk.it/yjp5hl","disaster, accident and emergency incident",0,0,0.0,0,silver,0,0
b-w8pA42s5c,il_gazzettino,Cerbiatto sull'uscio di casa: «La mamma l'ha portato per proteggerlo dalla pioggia»,"Da oltre 24 ore un cerbiatto dal tipico manto puntinato è accovacciato sull'uscio di una casa a Villalago, borgo montano d'Abruzzo noto per la convivenza tra cervi e abitanti. Incurante della presenza dei proprietari, l'animale ha trovato riparo da pioggia e maltempo. 
«Quando dobbiamo entrare o uscire lo scavalchiamo e lui resta lì tranquillo, senza mostrare paura», racconta Franco Mancini, residente del paese da 490 abitanti, autore delle immagini del cucciolo che sono immediatamente diventate virali sul web.
«Pensiamo che qui ci siano più cervi che persone», spiega. «Vediamo la madre avvicinarsi ogni tanto per allattarlo e portarlo a fare una passeggiata - racconta la famiglia - ma quando ricomincia a piovere lo riaccompagna sotto la nostra pensilina». Nel centro abitato non è raro imbattersi in femmine e piccoli tra vicoli e piazzette, così come nei maschi dai grandi palchi ramificati durante la stagione degli amori. Decine di turisti e fotografi raggiungono apposta il borgo per immortalare gli animali e la particolare convivenza con gli abitanti.
Stavolta, però, la sorpresa per la famiglia è stata ritrovarsi il piccolo cervo davanti alla porta di casa al rientro dal lavoro e poi nuovamente al risveglio del mattino successivo. Villalago era già diventato noto negli anni scorsi per le frequenti incursioni dell'orsa Amarena insieme ai suoi cuccioli, prima dell'uccisione dell'animale a San Benedetto dei Marsi, vicenda sulla quale è in corso un processo. «Stanno diventando quasi animali di famiglia - aggiunge Mancini - anche se continuiamo a rispettarli come animali selvatici: non diamo loro cibo, non li tocchiamo e convivono tranquillamente con noi».

 
Per approfondimenti: https://l-nk.it/2v1cuk",society,1,0,0.0,0,silver,0,0
b31YHAp61wM,il_gazzettino,"Garlasco, i bigliettini misteriosi di Sempio","Nei confronti di Andrea Sempio, accusato dell'omicidio aggravato di Chiara Poggi, la Procura di Pavia ritiene di avere raccolto «solidi elementi»","crime, law and justice",1,1,0.5,0,silver,0,1
b4KlnxMHp2Q,il_gazzettino,Un coniglio e un riccio chiusi in auto sotto al sole: salvati dopo le segnalazioni dei residenti,"I vigili urbani salvano un coniglio e un riccio lasciati in auto sotto il sole. Lo scorso 17 aprile le Guardie Zoofile Oipa hanno chiesto l’intervento del Nucleo Tutela Animali della polizia locale di Padova poiché un riccio e un coniglio, a seguito di segnalazioni dei residenti, pareva vivessero da giorni all’interno di un’auto con targa straniera in condizioni estreme, sia per quel che riguarda l’igiene che per la temperatura elevata (di Al.Rod.)


Per approfondimenti: https://l-nk.it/KDReTU","disaster, accident and emergency incident",3,2,0.5963,0,silver,0,0
cieQTOuddZw,il_gazzettino,Travolge un 16enne con la bicicletta elettrica e scappa. La mamma: «L'ha lasciato lì a sanguinare»,"«Ha tagliato la strada a mio figlio, l'ha fatto cadere a terra e poi l'ha lasciato lì a sanguinare». È l'accusa che una mamma di Oderzo muove nei confronti di uno straniero, secondo lei uno degli occupanti dell'ex area Zanusso, che ieri ha travolto suo figlio sedicenne con una bicicletta elettrica nelle vicinanze del supermercato Coop


Per approfondimenti: https://l-nk.it/Vg3XEf","disaster, accident and emergency incident",0,0,0.0,0,silver,0,1
co7cT93lKDQ,il_gazzettino,"Caritas, operatore aggredito e ferito al volto col taglierino: stop al servizio","Armato di taglierino, ha ferito al volto un operatore della Caritas che voleva impedirgli di accedere alla mensa della Casa dell'accoglienza. Poi si è allontanato di corsa. Il 30enne moldavo è stato soccorso dai colleghi, dal 118 e dagli agenti delle volanti. È successo lunedì sera, alle 17.45, al centro di via Venier, di fronte al parcheggio Dal Negro. Un'aggressione deliberata e brutale compiuta da un 29enne camerunense già noto alle forze dell'ordine e agli stessi operatori per i suoi comportamenti violenti tanto da essere temuto anche dagli ospiti della struttura diocesana. La Caritas, nella giornata di ieri, ha deciso di sospendere temporaneamente, fino a lunedì, i servizi di ascolto, mensa, docce, lavanderia e servizi igienici fino a lunedì prossimo.","crime, law and justice",32,26,0.8466,1,gold,1,1
dInka8SPF6Y,il_gazzettino,A 11 anni picchiato con la cintura e costretto a lavorare in stalla. Genitori a processo,"«Hai fatto gli auguri a papà?». Una domanda all’apparenza innocua, rivolta a un ragazzino di soli 11 anni dalla sua insegnante di sostegno il giorno della festa del papà dell’anno scorso. Ma che ha scoperchiato il vaso di pandora: «Papà è cattivo, mi picchia» ha risposto il bambino. Da lì è emerso, secondo quanto raccontato dal bimbo alla docente e in audizione protetta e documentato dalle indagini della polizia giudiziaria tramite intercettazioni, un quadro drammatico di vessazioni quotidiane per le quali sono finiti alla sbarra, accusati di maltrattamenti, i due genitori.","crime, law and justice",20,8,0.7559,1,gold,1,1
dPo4OHX9zFo,il_gazzettino,"Mattia Restuccia travolto e ucciso mentre è in bici con la mamma, la scuola lo ricorda con il murale","Non un semplice dipinto colorato, ma un gesto d'amore destinato a rimanere nel tempo. Alla scuola primaria Giovanni Pascoli dell'istituto comprensivo Adria Uno, è stato realizzato un murale dedicato alla memoria del piccolo Mattia Restuccia morto a sei anni travolto da un'auto mentre era in bici con la madre. Un ricordo ancora vivo nel cuore della comunità scolastica.
L'opera rappresenta un grande arcobaleno, un sole sorridente, fiori, libri e colori vivaci che parlano di speranza, crescita e futuro. In mezzo a questo scenario pieno di vita compare anche il nome di Mattia, inserito con delicatezza come simbolo di un ricordo che continuerà ad accompagnare i passi dei più piccoli tra le aule e il cortile della scuola. Il progetto è nato dalla collaborazione tra docenti, alunni e famiglie, trasformandosi in un'esperienza educativa oltre che artistica.",human interest,14,2,0.4433,0,silver,0,0
eN1CzF_PIhM,il_gazzettino,Tenta di oltrepassare il passaggio a livello chiuso e resta incastrato tra le rotaie,"Un cittadino di nazionalità argentina è stato denunciato dai carabinieri di Bassano del Grappa per interruzione di pubblico servizio perché domenica 10 maggio è rimasto bloccato tra i binari della linea Bassano del Grappa-Trento. È successo a San Nazario, una frazione di Valbrenta, in provincia di Vicenza.","disaster, accident and emergency incident",3,1,0.2048,0,silver,0,1
fiaUrS54c7Q,il_gazzettino,Robert F. Kennedy lotta con due serpenti e viene morso,"Il segretario alla Salute americano Robert F. Kennedy Jr. non smette di stupire. Martedì 26 maggio ha condiviso sui social un video in cui afferra a mani nude due serpenti nel giardino di una villa a Palm Beach, in Florida e finisce per essere morso da uno di loro. 

Sul patio di casa Oz

Le immagini, accompagnate dalla voce della moglie Cheryl Hines che gli raccomanda prudenza, mostrano Kennedy in camicia blu e cravatta mentre maneggia con disinvoltura i due rettili, tenendoli stretti lontano dalle teste. A un certo punto, però, uno dei serpenti si rizza verso l'alto e lo morde alla mano sinistra: Kennedy si ritrae di scatto.

Nella didascalia del post si precisa che si tratta di due esemplari di black racer la specie più diffusa in Florida, non velenosa e nota per la rapidità dei movimenti e che il video è stato girato sul patio della villa sul lungofiume di Mehmet Oz, il celebre medico televisivo oggi a capo dei Centers for Medicare and Medicaid Services nell'amministrazione Trump. Non è chiaro quando sia stata registrata la clip né cosa sia stato fatto dei due serpenti.

I precedenti

Non è la prima volta che Kennedy finisce al centro di episodi bizzarri legati alla fauna selvatica: in passato aveva ammesso di aver abbandonato la carcassa di un cucciolo d'orso a Central Park e gli era stato attribuito un altro inquietante episodio con un procione investito da un'auto.

Per approfondimenti: https://l-nk.it/pRaP0X",human interest,1,0,0.0,0,silver,0,1
fnj2VTVnCDU,il_gazzettino,Ladro entra in cortile e ruba i panni dallo stendino: incastrato dalle telecamere,"Ruba dallo stendino i panni stesi: incastrato dalle telecamere. La scena, indubbiamente assurda, è stata immortalata attorno alle 5 del mattino, fra lunedì e martedì, in via Tronconi, non lontano dal centro Luna di piazza Vienna. Qui, in una graziosa villetta, è stato immortalato in due diverse riprese un individuo che entra nella proprietà e prende dallo stendino in giardino vari panni stesi. Una scelta indubbiamente ragionata, effettuata censendo accuratamente gli oggetti da asportare.","crime, law and justice",2,1,0.2952,0,silver,0,0
fv4c2w2MdA4,il_gazzettino,"Barchini 'maranza' in Canal Grande, velocità e musica a tutto volume","Cofani elaborati, “armati” di subwoofer e “sparati” a tutta velocità tra rii e canali del centro storico, che oltre a mettere in pericolo chi li comanda e chi li incontra, impediscono ai residenti di dormire. Sono loro la ragione per cui un gruppo sempre più nutrito di veneziani ha deciso di rivolgersi agli avvocati Daniele Vianello e Caterina Dal Mas; per chiedere loro di stendere un’istanza da presentare al nuovo sindaco di Venezia non appena verrà eletto

Per ulteriori approfondimenti: https://l-nk.it/CVl1NA","crime, law and justice",12,10,0.8035,1,silver,1,1
hzd4siOMohc,il_gazzettino,Anziano muore nell'incendio in casa: l'allarme lanciato dai parenti che hanno tentato di salvarlo,"Tragedia nella mattinata di venerdì 15 maggio a Galzignano, dove nell'incendio di un'abitazione è morto un anziano di 86 anni.","disaster, accident and emergency incident",0,0,0.0,0,silver,0,0
iOoQUpAmfHI,il_gazzettino,"Bivacchi dei tossicodipendenti, residenti esasperati: «Mettete i dissuasori»","Da quando sono andati a parlare con la dirigente del commissariato di Mestre hanno visto più pattuglie. Polizia, vigili, carabinieri e militari di ""Strade sicuri"" ormai passano più volte al giorno in quell'angolo finale di via Felisati che, da anni, è diventato un ritrovo di tossicodipendenti che bivaccano e consumano sostanze in strada, al massimo ""protetti"" dalle auto in sosta. Ma gli sbandati sono sempre di più e, non appena le forze dell'ordine svoltano verso via Piave, ecco che ritornano tutti, come e più di prima.",society,56,44,0.8629,1,silver,1,1
iRfaVdEIZho,il_gazzettino,Si dà fuoco e muore dopo una lite con la compagna,"Si è dato fuoco in preda alla disperazione dopo aver litigato con la compagna ed è morto carbonizzato. L'uomo aveva anche tentato di dare alle fiamme la palazzina a due piani dove viveva, senza tuttavia riuscirci. Il drammatico gesto è avvenuto stamani, intorno alle 9.30 in un'abitazione a Vetrego di Mirano.


Per approfondimenti: https://l-nk.it/idBGaj","disaster, accident and emergency incident",6,4,0.7114,1,silver,1,1
j9sjS1RZR9M,il_gazzettino,"Felice Maniero, tre processi sospesi: serve la perizia psichiatrica","La perizia è già stata scritta, ma non è stata ancora consegnata ai tribunali e così anche il processo che vede Felice Maniero accusato di lesioni personali aggravate nei confronti di un poliziotto e di un medico, è stato “congelato”. Ed è il terzo procedimento che si ferma, in attesa del deposito della perizia della dottoressa Paola Ognibene, che ha visitato Faccia d’angelo un mesetto fa.

Per ulteriori approfondimenti: https://l-nk.it/8vV5pJ","crime, law and justice",1,1,0.5,0,silver,0,1
jre2ReB7Mi0,il_gazzettino,"Tossicodipendenti e siringhe nelle aree verdi, residenti del 'supercondominio' esasperati","Piove sempre sul bagnato, anche col sereno, sui quattro palazzi del ""supercondominio"" San Marco, nel cuore di Mestre in Corso del Popolo. Interessati dal crack economico della Lubi Immobiliare Srl di Ciampino, che nel passaggio di proprietà di diversi appartamenti non ha pagato i debiti, arrivando a una voragine da 1,2 milioni di euro che un nuovo amministratore e i proprietari stanno ripianando, da circa un anno anche i piccoli spazi verdi del Comune, adiacenti alla proprietà, sono oggetto di degrado: quello che affaccia sulla via principale accoglie solo resti di bagordi notturni, ma quello interno è diventato ritrovo di spacciatori e consumatori di sostanze e anche di qualche senzatetto.

Per ulteriori approfondimenti: https://l-nk.it/kVLliQ",society,2,2,0.6604,0,silver,0,1
m7nf8qRMqeA,il_gazzettino,"«È uscito in fiamme, poi è tornato in casa a morire», il racconto choc dei vicini","Sono sconvolti gli inquilini della palazzina in via Sartori a Vetrego di Mirano in cui viveva il 49enne Iurie, il padre di famiglia moldavo che ieri mattina attorno alle 9.30 ha cosparso il proprio appartamento di benzina e si è lasciato inghiottire dalle fiamme","disaster, accident and emergency incident",3,1,0.2048,0,silver,0,1
mBnhYtZedXk,il_gazzettino,Perde il controllo della moto e muore a 29 anni nello schianto contro il palo,"Grave incidente nella serata di domenica 17 maggio 2026 a Codognè: morto Sbiha David, centauro di 29 anni. Il giovane ha perso, infatti, il controllo della moto finendo fuori strada in via Roma e schiantandosi poi contro un palo. Il centauro, residente a Gaiarine ma originario di Foggia, ha perso la vita dopo essere stato trasportato in ospedale

Per ulteriori approfondimenti: https://l-nk.it/dBz9Yx","disaster, accident and emergency incident",1,0,0.0,0,silver,0,0
mb3IIXvmTn4,il_gazzettino,"Anziana dorme in auto, l'assessora: «Ha rifiutato la struttura. Ha 87 anni, serve una soluzione»","Ha suscitato scalpore la vicenda di Laura, la donna che martedì prossimo compirà 87 anni e da giorni vive e dorme nella sua auto in un parcheggio del quartiere Arcella (di L.M.) 

Per approfondimenti: https://l-nk.it/BA0yea",society,12,4,0.6647,0,silver,0,1
nvNO7MQnJmE,il_gazzettino,"Casa distrutta dai vicini, la proprietaria: «Hanno rattoppato le tubature con lo scotch»","Da nove mesi non può vivere nel proprio appartamento a Mestre, cioè da quando - il 17 agosto scorso, una data che ha scolpita nella mente come una ferita che non si rimargina - è tornata dalle ferie trovandolo devastato, sommerso dall’acqua piovuta dal piano di sopra (di Fulvio Fenzo) 

Per approfondimenti: https://l-nk.it/JnuhNM","disaster, accident and emergency incident",0,0,0.0,0,silver,0,1
oHBK1ttqw28,il_gazzettino,Ex prof di religione del Barbarigo arrestato per violenza sessuale: «Ha abusato di sette minorenni»,"Francesco Saviane ha 36 anni ed è stato docente di religione all’Istituto Barbarigo di Padova. Ma anche animatore in alcune parrocchie del Piovese e dell’Alta padovana e collaboratore di una realtà sportiva nella cintura urbana di Padova. Era stato anche seminarista ma il suo percorso ecclesiastico era stato interrotto per lo stesso volere della Diocesi di Padova (di Nicola Munaro)


Per approfondimenti: https://l-nk.it/8SReOo","crime, law and justice",4,4,0.7474,1,silver,1,1
pLM6BogjDkY,il_gazzettino,Sergente eroe si accorge dell'incidente e salva la vita al motociclista. «Mi ero appena addestrato»,"È accaduto il 20 aprile scorso nei pressi della Base di Aviano, dove il sergente tecnico dell’aeronautica militare statunitense Joseph Dixon è intervenuto con sangue freddo, riuscendo a stabilizzare il ferito in attesa dei soccorsi","disaster, accident and emergency incident",2,0,0.0,0,silver,0,0
pSKv_OPoWUs,il_gazzettino,"La sinti chiede la restituzione della Ferrari Gtc4 (da 200mila euro), la Cassazione gliela nega","Due Ferrari da 200mila e rotti euro, ottenute senza pagare un centesimo, ma attraverso un girotondo di truffe e cambi di intestatari. Nel mirino del giudice è finita una famiglia sinti del Veneziano - anzi, tecnicamente due: lui Levak, lei Hudorovic, e se i due cognomi spesso arrivano a farsi la guerra, in questo caso invece erano uniti sotto il simbolo del cavallino rampante.","crime, law and justice",5,3,0.6613,0,silver,0,1
pxYAwn3ZL_I,il_gazzettino,Maria Rossetto al seggio a 103 anni: «Primo voto nel '46 per la monarchia»,"La prima volta che ha votato non la dimenticherà mai. Era il 2 giugno 1946 e ha votato nella sua Venezia. «Mio marito avrebbe voluto che votassi per la repubblica, ma io volevo esprimermi per la monarchia e così ho fatto!». A parlare Maria Rossetto, classe 1923, nata in laguna, vicino al Ponte degli Scalzi e trasferita, per seguire il marito, a Marghera nel 1970

Per ulteriori approfondimenti: https://l-nk.it/or0qKf",human interest,2,0,0.0,0,silver,0,0
qq8l9OMCx9A,il_gazzettino,"Federico Benetello muore a 34 anni nel giorno del compleanno, la mamma lo ha trovato nel letto","«Sabato abbiamo cenato tutti assieme, poi è andato da alcuni amici ed è rientrato pochi minuti dopo la mezzanotte. Ci siamo salutati e poi è andato a dormire. Era tranquillo, nulla che facesse pensare a quello che è accaduto». Così i familiari di Federico Benetello, cittadellese, mancato nel sonno domenica scorso, giorno del suo trentaquattresimo compleanno. Alle spalle un passato a tratti difficile, ma nulla che facesse presagire la tragedia.",human interest,13,5,0.7041,1,silver,1,0
rs5YH1rwqWE,il_gazzettino,"Vogalonga, al via la competizione con 2.282 imbarcazioni e oltre 9.800 atleti","La Vogalonga dei record, quella del cinquantenario e in concomitanza con le elezioni comunali, quella in cui rischiavano di star fuori proprio i veneziani con le barche tipiche, è partita: oggi, domenica 24 maggio, alle 9 l'appuntamento in bacino San Marco sarà un colpo d'occhio con 2.282 imbarcazioni per la bellezza di 9.802 vogatori (video di Luigi Costantini)

Per approfondimenti: https://l-nk.it/zQ1Cic",sport,0,0,0.0,0,silver,0,0
rwSdg33_45g,il_gazzettino,Giuli licenzia i vertici del suo staff dopo i fondi negati al docufilm su Giulio Regeni,"Terremoto al ministero della Cultura, dove il titolare del dicastero Alessandro Giuli ha azzerato i vertici dello staff. Decreti di revoca per Emanuele Merlino, responsabile della segreteria tecnica e uomo di fiducia del sottosegretario Giovanbattista Fazzolari, e per Elena Proietti, a capo della segreteria personale del ministro. Il primo non avrebbe vigilato sul documentario su Giulio Regeni, a cui il ministero ha negato i finanziamenti. La seconda non si sarebbe presentata in aeroporto e non avrebbe quindi partecipato alla missione del ministro a New York il mese scorso. Secondo l'opposizione, però, dietro ci sarebbe qualcosa in più: un regolamento di conti all'interno di Fratelli d'Italia, che fa il paio con le divisioni sulla presenza della Russia alla Biennale e il licenziamento di Beatrice Venezi da direttrice della Fenice.",politics and government,15,10,0.7932,1,silver,1,1
ryvEnDxPsdU,il_gazzettino,Donatella Zambon stroncata dalla malattia a 65 anni: «Era andata in pensione da un mese»,"Ha combattuto con coraggio contro la malattia per quasi tre anni, aggrappandosi fino all'ultimo alle speranze che le cure avevano inizialmente acceso. Sacile e Caneva piangono Donatella Zambon, scomparsa a 65 anni dopo un lungo calvario affrontato con grande forza e discrezione accanto ai familiari.",health,3,0,0.0,0,silver,0,0
tsujaU5QB_k,il_gazzettino,Giuseppe Battiston presenta la seconda stagione di 'Stucky',"(Video di Paolo Trevisan)

«È un vero piacere tornare sulla scena del crimine», lo ha detto l'attore Giuseppe Battiston che ha presentato, a Treviso, la seconda stagione della serie tv ""Stucky"", prodotta da Rai Fiction con Rosamont e Rai Com e ispirata ai romanzi di Fulvio Ervas. Le riprese sono in corso proprio a Treviso. Battiston è il protagonista ma il cast vanta i nomi di Barbora Bobulova, Diego Ribon, Laura Cravedi e Alessio Praticò e regia di Ivano De Matteo.
Il cast è stato presentato oggi in un incontro con il sindaco Mario Conte, l'assessore regionale alla Cultura Valeria Mantovan e con il presidente della Veneto Film Commission, Luigi Bacialli. Battiston ha detto: «Penso che il successo di ""Stucky"" dipenda anche e soprattutto dal luogo in cui è ambientato. Sono felice di poter raccontare di nuovo questa terra che ci ha ancora una volta accolto a braccia aperte.
«È con particolare soddisfazione - ha commentato Mantovan - che saluto lo svolgersi delle riprese della nuova stagione di Stucky, serie sostenuta dalla Regione del Veneto attraverso i contributi del Pr Fesr 2021-2027. Al regista Ivano De Matteo, agli autori, al protagonista e a tutte le maestranze impegnate per oltre trenta giorni sul nostro territorio rivolgo il mio più sincero augurio di buon lavoro. Siamo orgogliosi di accogliere nuovamente questa produzione a Treviso, città che si conferma set ideale e protagonista d'eccezione, capace di raccontare attraverso le immagini l'identità, l'atmosfera e il fascino del Veneto. La nostra regione continua a distinguersi come terra di grande cinema e fiction di qualità, grazie al prezioso lavoro della Veneto Film Commission e grazie agli investimenti regionali che valorizzano il talento delle nostre maestranze e lo straordinario patrimonio paesaggistico-culturale».
Il sindaco Mario Conte ha detto: «Il ritorno di ""Stucky"" rappresenta un motivo di grandissimo orgoglio e conferma il grande successo della prima stagione, che ha saputo conquistare pubblico e critica creando un legame autentico fra Treviso, i trevigiani e questo personaggio così originale e umano. In tanti si sono riconosciuti nelle atmosfere, nei luoghi e nell'identità raccontata dalla serie, che ha valorizzato la nostra città facendola conoscere e apprezzare anche ben oltre i confini del Veneto».

 

 Per approfondimenti: https://l-nk.it/Zm0Pie","arts, culture, entertainment and media",0,0,0.0,0,silver,0,0
uTYlQ0iVLD0,il_gazzettino,"Transessuale violentata in questura, il poliziotto: «Vi tolgo la denuncia». Arrestato","«Posso far sparire la denuncia, farvi uscire come se niente fosse, se accettate di fare una cosa a tre con me». La proposta, avanzata nell’ufficio della questura riservato alle fotosegnalazioni, sarebbe stata già abbastanza. Ma le cose sono ulteriormente precipitate. Davanti al rifiuto delle due ragazze, infatti, il poliziotto ha deciso di usare la forza: ne ha seguita una nei bagni, ha preteso che lei gli praticasse sesso orale proprio lì, e quando la giovane transessuale si è opposta lui l’ha costretta con la forza. In termini di codice penale si parla di tentata induzione indebita a dare o promettere utilità e, ovviamente, violenza sessuale aggravata.","crime, law and justice",3,1,0.2048,0,silver,0,1
ugfbEOE2c10,il_gazzettino,Gianluca Benedetti muore durante un'immersione alle Maldive. La mamma: «Dolore straziante»,"«Ho saputo la notizia dall'ambasciata, non ce la faccio a dire proprio niente e potete solo immaginare il dolore. Ora sono con la sua compagna». Una sofferenza composta ma devastante quella di mamma Paola dietro la tragedia che ha colpito la sua famiglia e la comunità di via Facciolati, dove Gianluca era cresciuto. Suo figlio, Gianluca Benedetti, padovano di 44 anni, è una delle cinque vittime della drammatica immersione di ieri nell'atollo di Vaavu, alle Maldive. Una telefonata ufficiale ha spento per sempre la voce di una madre e i progetti di vita che l'uomo coltivava insieme alla compagna Silvia, con cui viveva a San Vito di Vigonza.","disaster, accident and emergency incident",14,3,0.5856,0,silver,0,0
upVdNA1cwlg,il_gazzettino,"Fiocina nel petto nel parcheggio del supermercato, il video","Un uomo è stato colpito con il dardo di una fiocina nel parcheggio del supermercato Iperal di Carvico nel pomeriggio di domenica 25 maggio. La vittima, un 60enne residente a Montevecchia, in provincia di Lecco, si trovava nei pressi del centro commerciale insieme alla moglie quando è stata raggiunta all'addome dal proiettile, esploso da un uomo a bordo di una Fiat Punto che si è subito dileguata. Nel giro di poche ore, i militari dell'Aliquota Operativa della Compagnia di Zogno hanno rintracciato il presunto responsabile a Sarnico, in provincia di Bergamo, intorno alle 21.30. Si tratta di un 59enne residente a Terno d'Isola, riconosciuto anche dalla moglie della vittima.
Per approfondimenti: https://l-nk.it/nyebt5","crime, law and justice",0,0,0.0,0,silver,0,1
uqlyEAhGj64,il_gazzettino,"Maltempo, violenta grandinata tra Venezia e Treviso: veicoli bloccati nella tempesta","Non si arresta l'ondata di maltempo nel Veneto. Una mattinata di paura quella vissuta oggi, martedì 12 maggio, nel comprensorio del Portogruarese. Mentre al largo della costa tra Caorle e Bibione ieri si stagliava una imponente tromba marina, visibile distintamente dal litorale, l'entroterra oggi è stato investito da una cella temporalesca di rara intensità

Per ulteriori approfondimenti: https://l-nk.it/Tx3ySc",weather,9,5,0.7245,1,silver,1,0
usSbAkTzV24,il_gazzettino,Giampaolo Prosdocimi muore dopo tre settimane di agonia. Non si era mai ripreso dall'incidente,"Dopo tre settimane di agonia, a seguito delle conseguenze dell’incidente stradale che gli è capitato la sera di domenica 3 maggio in via Soligo a Rustega, sabato pomeriggio è morto Giampaolo Prosdicimi, 60 anni, titolare dell’azienda Fungaia di via Fossalta a Rustega di Camposampiero. In queste tre settimane Giampaolo ha subito tre infarti e non si è mai ripreso dalla morte cerebrale diagnostica dai medici.

Per ulteriori approfondimenti: https://l-nk.it/1uHak5","disaster, accident and emergency incident",4,0,0.0,0,silver,0,0
vIs7fywxbuI,il_gazzettino,"Volontario aggredito alla mensa della Caritas, don Bruno: «Servizio sospeso per una...","TREVISO - Un volontario di 35 anni impegnato nella mensa a favore di persone fragili gestita dalla Caritas di Treviso è stato aggredito da un ex frequentatore, riportando ferite lievi, e il fatto ha determinato la decisione di sospendere il servizio per una settimana. È necessario, ha spiegato il direttore, don Bruno Baratto, «riflettere su come garantire maggior sicurezza a operatori e volontari. Ma, soprattutto, per capire come continuare ad offrire servizi che fanno il bene non solo di chi ne usufruisce, ma dell'intera comunità».
Alla mensa della Caritas sono accolte circa 100 persone ogni sera, in grande maggioranza corrette e rispettose, con una piccola quota, però, di soggetti con alterazioni psichiche dovute a fattori di varia natura. Nel frattempo la sede Caritas rimarrà aperta solo per l'accoglienza notturna, «a condizioni - è precisato - stabilite assieme agli ospiti».

(video Nuove Tecniche)

Per approfondimenti: https://l-nk.it/QvARg6",society,0,0,0.0,0,silver,0,1
vnVVltbZEAE,il_gazzettino,Professore arrestato per violenza sessuale su sette minorenni: anche la società sportiva lo licenzia,Francesco Saviane è stato responsabile organizzativo e delegato alla tutela dei minori dell’Academy di Noventa Padovana (oltre che insegnante di religione in una scuola privata e animatore parrocchiale). Valandro: «Sconvolti»,"crime, law and justice",7,4,0.6994,0,silver,0,1
vqRCOo_ITNI,il_gazzettino,"Passeggero morde l'assistente di volo, atterraggio d'emergenza in Polinesia","Attimi di panico a bordo di un volo Quantas, partito da Melbourne con destinazione Dallas-Fort Worth in Texas. Un viaggio complessivo di quasi 18 ore, interrotto però quando ne mancavano ancora 11 all'arrivo. Il pilota del QF21 è stato infatti costretto a cambiare rotta e a procedere con un atterraggio d'emergenza a Papeete, nella Polinesia francese.
Per approfondimenti: https://l-nk.it/L69Xz1","disaster, accident and emergency incident",0,0,0.0,0,silver,0,1
wyi_LrpMAVk,il_gazzettino,"Prof Francesco Saviane arrestato per violenza sessuale, l'ex alunna: «Commenti sui seni»","C'è chi, già nel 2023, aveva deciso di parlare. Di mettere insieme racconti, testimonianze, episodi considerati ormai troppo pesanti per restare semplici ""voci di corridoio"". Tra questi anche un'ex studentessa del Barbarigo che, insieme ad altri ragazzi, ad alcune ragazze, tra cui una delle giovani che poi ha denunciato in Procura, e a una parte del corpo docente, contribuì a portare all'attenzione del preside Giovanni Ponchio i comportamenti dell'allora professore di religione Francesco Saviane.","crime, law and justice",5,4,0.7269,1,silver,1,1
yD4OLh9CVhc,il_gazzettino,"Incidente sul lavoro, precipita col trattore e muore a 35 anni: trovato la mattina dopo nel bosco",Per approfondimenti: https://l-nk.it/gafyev,"disaster, accident and emergency incident",4,1,0.156,0,silver,0,0
yMsXKEEVjZo,il_gazzettino,Elisa Ciannillo: «La festa della mamma senza mia figlia Chiara ma lei è sempre qui con me»,"«La maternità, per me, non finisce con la perdita di una figlia». Sono le parole drammatiche ma piene di speranza di Elisa Ciannillo, personal trailer e modella, mamma di Chiara Zardo, morta a 18 anni nel suo letto, improvvisamente e senza spiegazioni, a ottobre dello scorso anno. Una storia, la sua, che ha fatto piangere un intero paese. E mentre in genere in casi come questo i genitori si chiudono nel silenzio, per Elisa parlare di sua figlia significa stare ancora con lei. Così, nel giorno della festa della mamma, le dedica un altro profondo ricordo: «Avrò per sempre il privilegio di essere tua mamma».",human interest,6,1,0.1051,0,silver,0,0
yVR7WzoVWyg,il_gazzettino,"​Cinema sordo, l'unico festival in Italia al via al Museo M9","MESTRE - Tre giorni di proiezioni, performance e laboratori al Museo M9 di Mestre, dove venerdì 22 prenderà il via l’unico festival itinerante di Cinema Sordo d’Italia. Un’occasione per tutti gli appassionati di cinema per conoscere e immergersi nella cultura sorda.

 


Per approfondimenti: https://l-nk.it/qfYi4d","arts, culture, entertainment and media",0,0,0.0,0,silver,0,0
z9wE_HgI3Wo,il_gazzettino,Scritte macabre sui muri e incursioni notturne e una tavola Ouija nella Casa della Fanciulla,"“Vendetta” in stampatello con la vernice rossa e altre scritte come “Ave” usata spesso in contesti rituali, come del resto “Ouija”, la classica tavoletta che si utilizza durante le sedute spiritiche per comunicare con il soprannaturale, i defunti",religion,3,3,0.7169,1,silver,1,1
zA5a7TCZ4D8,il_gazzettino,"Gita scolastica tra i migranti, è scontro: ispettori in arrivo","Mercoledì 13 maggio due classi quinte della scuola primaria ""Arpalice Cuman Pertile"" di Marostica partecipano a una delle serate di ""Fornelli Resistenti"" nell'ambito di una gita scolastica di due giorni a Trieste. Il progetto “Fornelli Resistenti”, nato tre anni fa e promosso dall’associazione “Linea d’ombra”, si occupa di fornire pasti e assistenza alle persone - soprattutto afghane, irachene, curde - che, arrivate in Italia, attendono di presentare la domanda di protezione internazionale. Non clandestini, dunque, ma gente che attende in strada che la questura accetti la domanda di protezione internazionale. Nei giorni scorsi, assieme ai Fornelli resistenti di Bassano del Grappa e alla Fattoria sociale Conca d'oro, hanno partecipato anche gli scolari. E nell'occasione hanno raccontato alcune esperienze fatte a scuola per comprendere il fenomeno migratorio: una serie di esercizi, bendati e senza scarpe, per provare a immedesimarsi nelle persone che attraverso la rotta balcanica giungono in Italia affrontando ostacoli e insidie

Per ulteriori approfondimenti: https://l-nk.it/tcmOfC",society,2,1,0.2952,0,silver,0,1
ziamKdMMXTA,il_gazzettino,Ragazzina pestata da 3 bulle di origine nordafricana per il fidanzatino. Svenuta al parco,"Picchiata nel parco fino a perdere i sensi da tre ragazzine di origine nordafricane: è quanto successo a una studentessa minorenne lo scorso 8 maggio, nel parco Maddalena, nel quartiere Commenda di Rovigo.","crime, law and justice",27,21,0.8371,1,gold,1,1
-S50o9FMOLQ,ilmessaggero,"Marco Basoccu, chi è il tifoso ferito nel derby Torino-Juventus","Resta ricoverato in prognosi riservata nel reparto di Terapia intensiva dell'ospedale Molinette di Torino, il tifoso juventino rimasto gravemente ferito nei disordini scoppiati ieri prima del derby della Mole tra Torino e Juventus.  Il ferito si chiama Marco Leonardo Basoccu, di professione commercialista.

L'uomo, di 36 anni, nato a Torino e residente a Milano, ha riportato un trauma cranico giudicato severo dai sanitari, provocato da un oggetto contundente, verosimilmente una bottiglia di vetro.

Ieri è stato sottoposto a un intervento neurochirurgico all'ospedale Molinette di Torino.  Mentre i medici mantengono la prognosi riservata nel reparto di terapia intensiva dell'ospedale Molinette, la città e il mondo del tifo si interrogano su una dinamica drammatica che ha trasformato una normale domenica di sport in tragedia.

Marco Leonardo Basoccu ha 36 anni, vive a Milano ed è un commercialista affermato. Una vita quadrata, scandita dal lavoro nel capoluogo lombardo, che trova però una valvola di sfogo nella passione viscerale per la Juventus.

Per seguire i bianconeri, Basoccu si muove spesso con i Viking di Milano, uno dei gruppi storici della curva juventina. Come riporta La Repubblica, nonostante la residenza in Lombardia, le sue radici sono in Piemonte: i genitori, Pierluigi e Maria Teresa, vivono infatti a Casale Monferrato. Ed è stata proprio la vicinanza geografica a spingere il trentaseienne a seguire la squadra in questa trasferta a Torino. 

Mentre si trovava in strada insieme agli altri tifosi, il trentaseienne è stato centrato in pieno, crollando a terra privo di sensi. Un amico che camminava al suo fianco ha raccontato di aver sentito un forte botto e di averlo visto cadere subito dopo a faccia in avanti, in una pozza di sangue.

Trasferito d'urgenza inizialmente al Mauriziano e poi alle Molinette a causa della gravità del quadro clinico, Basoccu è stato sottoposto nella notte a un delicato intervento neurochirurgico per la rimozione di un vasto ematoma causato da un severo trauma cranico. Attualmente si trova in coma farmacologico; le sue condizioni sono stabili e i medici lo stanno monitorando con Tac di controllo.

#IlMessaggero #torinojuve",sport,31,22,0.8362,1,silver,1,1
0gOuz12RUjU,ilmessaggero,"Rapina in villa, il calciatore Giorgio Locanto e altri tre ragazzi in ostaggio","MONTEMARCIANO - Hanno rubato tutto: un bottino di quasi 300mila euro tra collezioni di orologi di marca, gioielli, monili d’oro, soldi e argenteria. E’ stata una notte da incubo quella vissuta tra venerdì e ieri nella villa della famiglia Locanto, in via della Marina, a Montemarciano. In casa all’una e mezza di notte c’era Giorgio Locanto, 19enne studente universitario e calciatore del Chieti con un suo amico e due ragazze: i quattro avevano trascorso in compagnia la serata ed erano da poco entrati in camera a riposare.

La ricostruzione
Non c’era Diego, padre di Giorgio, ex pallavolista, pilota e imprenditore: era impegnato al circuito di Vallelunga nella sua passione di sempre per le gare automobilistiche (oggi gestisce una scuderia di Lamborghini e Ferrari da corsa). Cinque persone incappucciate e armate di pistole sono entrate nella villa, aprendosi un varco nella recinzione posteriore e forzando una porta laterale. Hanno raggiunto le stanze superiori, intimando ai 4 giovani di non muoversi. Hanno radunato i 4 ragazzi in una sola camera mentre uno dei banditi, con due pistole in pugno, puntate verso di loro, controllava che i ragazzi non reagissero. 

Un altro, sempre armato, ha intimato a Giorgio di indicargli dove fosse la cassaforte di famiglia, ma il ragazzo all’inizio si è rifiutato e non ha aperto bocca. Per tutta risposta uno dei rapinatori lo ha colpito con un pugno. Il giovane, dopo aver cercato di sviare l’attenzione dei malviventi e dopo essere stato percosso, ha anche cercato di reagire, ma i ladri gli hanno mostrato i caricatori pieni delle loro pistole e lo hanno invitato ad accompagnarli alla cassaforte.

Una volta aperto il forziere, per i malviventi è stato in gioco da ragazzi arraffare tutto il bottino. «Ci hanno portato via tutto - racconta Diego Locanto, il padre del 19enne calciatore del Chieti - tutta la mia collezione di orologi preziosissimi, Rolex, Audemars Piguet e molti altri, tanti gioielli, oro e anche denaro, oltre all’argenteria. I rapinatori erano in contatto tramite ricetrasmittenti con altri di loro che erano all’esterno della villa e che facevano da pali». I carabinieri di Senigallia, guidati dal capitano Felicia Basilicata, stanno indagando sull’episodio anche se la casa non è provvista di telecamere. Si tratterebbe di una banda di stranieri, forse romeni. Locanto ha 53 anni, è un noto imprenditore ora impegnato nella gestione del reparto corse della scuderia che porta le sue iniziali, la DL. E’ stato un pallavolista professionista (ha giocato in A2 con Loreto e Grottazzolina) e come pilota ha vinto il campionato italiano endurance.

#ilmessaggero #rapina #villa #cronaca","crime, law and justice",26,17,0.8222,1,silver,1,1
0paspwjsZmE,ilmessaggero,"Caldo record, temperature come a fine luglio: ecco dove e quanto durerà. Le previsioni","Dopo una prima metà di maggio all'insegna del freddo e delle improvvise precipitazioni, la seconda parte del mese ci sta riservando un caldo decisamente anomalo per il periodo. Stando ai modelli di 3BMeteo, nel weekend che stiamo vivendo e nei giorni seguenti, avremo temperature da 8 fino a 12°C sopra media al Nord, da 4 a 8°C sopra media al Centro e dai 2 ai 4°C sopra media al Sud.

Quest'impennata comporterà che al Nord potranno essere registrati picchi di 35/36°C, fino a 30/32°C al Centro e fino a 28/30°C al Sud. Per capire la straordinarietà dell'evento, basi pensare che queste temperature in Pianura Padana si vedono a partire dalla fine di luglio e durante il mese d'agosto. 

L'improvviso aumento delle temperature potrebbe essere il preludio di El Niño, un evento climatico di portanza imponente, che, secondo quanto riportato dalla US National Oceanic and Atmospheric Administration (NOAA), porterà quest'estate le medie globali a innalzarsi mediamente di 3°C, rendendo così il 2026 il secondo anno più caldo mai registrato subito dietro al 2024.

El Niño (""il bambino"" in spagnolo) è un fenomeno climatico periodico che provoca un forte riscaldamento delle acque superficiali dell'Oceano Pacifico Centro-Meridionale (quello che bagna l'America del Sud) nei mesi di dicembre e gennaio in media ogni cinque anni. Questo fenomeno di riscaldamento nel Pacifico tropicale influenza gli schemi meteorologici globali e può innescare siccità, inondazioni e ondate di calore marine in tutto il mondo. 

#ilmessaggero #caldo #meteo #record",weather,29,8,0.7444,1,gold,1,0
2OdCVeqI-JM,ilmessaggero,«I figli ci chiedono se perderemo il lavoro». La lettera dei dipendenti del Castello delle Cerimonie,"«Non dormiamo la notte, i nostri figli ci chiedono se perderemo il lavoro. Non abbiamo colpe, vogliamo solo lavorare». È il grido d'aiuto dei dipendenti dell’Hotel La Sonrisa, il celebre Castello delle Cerimonie di Real Time, contenuto in una lettera aperta indirizzata alle istituzioni e pubblicata dalla testata Anteprima24.it.
La struttura di Sant'Antonio Abate è al centro di una complessa vicenda giudiziaria per abusivismo edilizio iniziata nel 2011. Lo scorso febbraio la Corte di Cassazione ha disposto la confisca definitiva dell'immobile, ma nei giorni scorsi la famiglia Polese ha ottenuto dal Consiglio di Stato la sospensione della chiusura dell'hotel, ordinata dal Tar della Campania, almeno fino al prossimo 4 giugno. Mentre i titolari combattono la battaglia legale, le centinaia di lavoratori diretti e dell'indotto vivono in un limbo drammatico. Nella missiva, il personale sottolinea la totale estraneità ai fatti contestati: «Chi prepara i banchetti non ha costruito muri abusivi. Chi lava i pavimenti non ha scritto sentenze. Eppure rischiamo di pagare il prezzo più alto».

L'udienza collegiale in camera di consiglio è fissata per il prossimo 4 giugno. Una provvedimento che, secondo l'avvocato Dario Vannetiello, legale di donna Imma Polese, proprietaria della struttura, significa solo una cosa. E cioè che «l'autorità amministrativa dovrebbe attendere l'esito delle istanze e dei ricorsi che sono ancora pendenti». «Anche questa decisione assunta dall'autorità giudiziaria ci fa comprendere come in una situazione del genere, evidenti ragioni di opportunità suggeriscono di non accelerare gli effetti della precedente sentenza di condanna che è attualmente oggetto di revisione», sottolinea Vannetiello. «Faccio riferimento soprattutto ai ricorsi pendenti in sede penale - spiega - Presentai una prima richiesta di revisione la quale fu disattesa dalla Corte di appello di Roma ma avverso la quale ho proposto ricorso per Cassazione che deve essere deciso il prossimo 9 luglio. Non solo, ho depositato  una seconda richiesta di revisione fondata su otto prove nuove, diverse da quelle indicate in precedenza e poste a base della prima richiesta di revisione.",labour,21,10,0.7801,1,silver,1,1
2v1F8SJGsRU,ilmessaggero,"Russia, le banche di Mosca potranno abbattere i droni ucraini: «Armatevi e difendetevi da sole»","Il governo russo ha intimato alle principali banche, inclusa la Federal Reserve, di abbattere direttamente i droni ucraini, facendosi carico anche dei costi. Questo avviene mentre Mosca fatica a difendere siti strategici sul suo vasto territorio dagli attacchi ucraini, che hanno costretto la Russia a concentrare la propria difesa aerea in alcune aree, tra cui Mosca, lasciandola dispersa o addirittura assente altrove.

Le forze di Kiev hanno preso di mira infrastrutture e attrezzature in Russia utilizzate per condurre o finanziare la guerra: da navi, aerei e aeroporti a raffinerie, depositi e oleodotti, reti di gas naturale e fabbriche di elettronica militare ed esplosivi.

Reuters riferisce che il parlamento russo ha approvato una legge che consente alle banche, tra cui la più grande del paese, Sberbank , e ad altri istituti finanziari di utilizzare sistemi di difesa e armare il personale contro i droni senza il coinvolgimento di forze speciali.

I costi sarebbero a carico delle banche stesse, ha dichiarato Anatoly Aksakov, presidente della commissione finanze della Duma di Stato, citato dall'agenzia di stampa RBC. Alexander Shokhin, a capo della più potente lobby imprenditoriale russa, ha dichiarato lunedì a Vladimir Putin che le aziende sono pronte ad acquistare armi più potenti e sistemi elettronici per difendersi dagli attacchi dei droni.","conflict, war and peace",7,4,0.6994,0,silver,0,1
2zQ2rvy0DZo,ilmessaggero,"«Un frigorifero da 270 chili mi è caduto addosso, ho pensato di morire davanti ai miei figli»","Un enorme frigorifero a doppia porta in acciaio inossidabile da quasi 270 chili si è staccato improvvisamente dalla parete, travolgendola e intrappolandola contro l'isola della cucina senza lasciarle margini di movimento. Un incidente drammatico avvenuto in casa, sotto gli occhi dei figli di 5 e 7 anni, e che non ha avuto conseguenze ancor più gravi grazie all'intervento di tre vigili del fuoco che hanno liberato la donna prima di trasportarla d'urgenza in ospedale. 

Protagonista della terribile disavventura è Laura Clery, 39 anni, una vera e propria stella del web negli Stati Uniti che vanta quasi 25 milioni di follower tra TikTok, Youtube e Instagram grazie ai suoi sketch comici e al racconto quotidiano della sua vita da mamma single. Il suo nome in Italia non è ancora particolarmente conosciuto, ma il racconto dettagliato del suo salvataggio sta facendo il giro della rete.

L'incidente è iniziato quando il figlio maggiore, Alfie, ha tentato di arrampicarsi sull'elettrodomestico. Notando un leggero e anomalo spostamento del frigorifero, Laura è intervenuta immediatamente nel tentativo di spingerlo al suo posto, ma invano: il frigo le è precipitato addosso. La creatrice di contenuti ha affidato ai suoi canali social e alla piattaforma Patreon il resoconto di quella che ha definito come la notte più «spaventosa» della sua vita da mamma single: «Tutto il peso mi ha scaraventata all'indietro contro l'isola della cucina, bloccandomi la parte bassa della schiena e i fianchi. Non riuscivo a muovermi. 

#ilmessaggero #usa #influencer #frigo #cronaca","disaster, accident and emergency incident",92,38,0.8459,1,silver,1,0
3APB0guJKrw,ilmessaggero,"Maldive, l’Università di Genova cancella anche il profilo di Muriel Oddenino","Oltre al profilo della professoressa associata del Distav, Monica Montefalcone, anche quello dell'assegnista di ricerca Muriel Oddenino non risulta più attivo sulla rubrica del sito dell'Università di Genova, dove compare la scritta: «La persona che stai cercando non collabora più con l'Università». Nessun commento in merito dall'Università di Genova, contattata dall'Adnkronos. «Non voglio sottolineare che hanno già cancellato la sua presenza dal sito dell'università, con una fretta che io non comprendo», aveva detto qualche giorno fa il marito di Montefalcone, Carlo Sommacal.

Intanto, proseguono gli accertamenti della squadra mobile di Genova, su delega della procura di Roma, per fare chiarezza sulla morte di Montefalcone e gli altri quattro sub. Gli investigatori stanno passando al setaccio le mail che la docente si era scambiata con il Distav, il Dipartimento di Scienze della Terra, dell'Ambiente e della Vita. In quelle missive dell'università, ipotizzano gli inquirenti, potrebbero esserci i dettagli di quanto avrebbe fatto Montefalcone ogni giorno e le eventuali autorizzazioni alle varie attività scientifiche. Oltre alle mail sarebbe stato acquisito anche il «documento di missione» contenente gli indirizzi di ricerca. Se dovessero emergere i via libera, è sempre una ipotesi investigativa, la morte della dottoressa e dell'assegnista Muriel Oddenino potrebbe essere inquadrata come infortunio sul lavoro.

L'ateneo genovese, sin dal primo giorno, ha sempre sottolineato che «l'attività di immersione subacquea non rientrava in alcun modo nelle attività previste dalla missione scientifica, ma è stata svolta a titolo personale». A chiarire cosa abbia autorizzato l'Università, potrebbero essere le parole della professoressa Elisabetta Rampone, direttrice del Dipartimento, sentita dagli agenti della mobile. Oltre a lei, in questi giorni, gli inquirenti stanno ascoltando le altre 20 persone che erano a bordo della Duke of York, la nave della spedizione alle Maldive mentre nei prossimi giorni gli agenti potrebbero acquisire tutto il materiale cartaceo e informatico custodito al Distav.

#Maldive #MurielOddenino #MonicaMontefalcone #Università",education,39,15,0.8009,1,silver,1,1
3VlhooAUxEI,ilmessaggero,"Auto sulla folla a Modena, le parole di El Koudri all'avvocato: «Io sono nato qui, sono italiano»","Salim El Koudri, il 31enne che sabato pomeriggio ha investito sette persone in centro a Modena, non ha dubbi su un punto. «Mi ha detto: 'Io in Italia sono nato, è il mio Paese, io sono italiano'. Che sia italiano - spiega l'avvocato Fausto Gianelli che lo ha incontrato in carcere - lo dice come sappiamo già la sua cittadinanza. Ma Salim ha aggiunto una cosa che mi ha fatto riflettere, ha detto: 'Io sono italiano e i miei genitori hanno fatto tanti sacrifici per farmi studiare e io dovevo fare qualcosa, realizzarmi perché loro hanno fatto sacrifici, perché loro sono stranieri, lo sai?'"".","crime, law and justice",46,35,0.8551,1,silver,1,1
3XMYNr4hpYA,ilmessaggero,"Metro A, niente treni per tutta la giornata di sabato 23 maggio per lavori: ecco quando riapre","Metro A di Roma ferma per tutta la giornata di oggi, sabato 23 maggio. La chiusura è scattata dalle 21 di venerdì: il servizio della linea rossa della capitale si ferma una giornata intera per consentire lavori di rinnovo dell’infrastruttura ferroviaria.

La linea interrotta è sostituita con due linee di bus MA1 (Battistini-Arco di Travertino) e MA2 ( Flaminio-Anagnina).

Prima e ultima corsa delle navette da Battistini alle 5,30 del mattino e all’1,30 di notte, mentre da Anagnina saranno alle 5,45 del mattino e all’1,30 di notte. Il servizio tornerà regolare domenica. Circolazione dei treni regolare per le metro B-B1 e C.

#Roma #MetroA #bus","disaster, accident and emergency incident",0,0,0.0,0,silver,0,1
41Q3Nm3A6Co,ilmessaggero,"Mahmood testimone al processo contro Riccardo Tisci. «Lui mi portò da bere, c'era droga nel drink»","Il cantante Mahmood avrebbe rifiutato di presentarsi spontaneamente in tribunale per rendere la propria deposizione nel processo per stupro in cui è imputato l’amico e stilista Riccardo Tisci. Lo scrive Fanpage. L’ex direttore creativo di Givenchy e Burberry è accusato di violenza sessuale dal trentacinquenne Patrick Cooper. Nel memorandum depositato dalla difesa si legge: «Il Convenuto ha chiesto a Mahmoud di comparire volontariamente per una deposizione, ma egli ha rifiutato. Pertanto, non vi è altra alternativa che procedere con una Lettera di Richiesta affinché venga esaminato in Italia da un tribunale italiano». I legali dello stilista hanno quindi attivato la Convenzione dell’Aia, allegando 64 domande da sottoporre al cantante, che nel frattempo si è trasferito in Spagna e per ora non ha rilasciato dichiarazioni ufficiali.

Secondo gli atti citati da MowMag, Patrick Cooper sostiene che il cantante gli avrebbe consegnato l’unico drink bevuto quella notte e ipotizza che contenesse una sostanza che gli avrebbe provocato un blackout. Cooper afferma inoltre di non aver mai avuto intenzione di avere rapporti sessuali con Tisci.  Repubblica riporta poi le parole di Cooper tratte dagli atti: «È stato Mahmood ad avermi portato l’unico drink che ho bevuto, credo ci fosse qualche tipo di droga dentro perché non ci possono essere altre spiegazioni per il mio blackout. Io con Tisci non avevo alcuna intenzione di fare sesso». Secondo l’ipotesi accusatoria, la sostanza sarebbe stata aggiunta da Tisci oppure da «Mahmoud agendo su istruzione del Convenuto».

La notte in un locale di Harlem
La denuncia riguarda fatti che sarebbero avvenuti durante il Pride del 2024 a New York. Cooper racconta di aver incontrato Tisci e Mahmood in un locale di Harlem insieme all’amico Michael Alexander e di aver poi perso conoscenza dopo aver bevuto. Dice di essersi risvegliato nudo nell’appartamento dello stilista, senza ricordare come ci fosse arrivato.

Tisci respinge ogni accusa
Tisci ha respinto ogni accusa, definendola falsa, e sostiene che dimostrerà la propria innocenza in tribunale. Al momento non esistono decisioni definitive della giustizia e le ricostruzioni diffuse derivano dagli atti presentati dalle parti coinvolte nel procedimento.

I capi d’imputazione
Secondo il resoconto di MowMag, i capi d’accusa a carico di Tisci comprendono aggressione, percosse, sequestro di persona, inflizione intenzionale di sofferenza emotiva e violazione della legge dello Stato di New York contro la violenza di genere.

#Mahmood #RiccardoTisci #processo","crime, law and justice",13,8,0.7738,1,silver,1,1
4qItDsr6glA,ilmessaggero,"Rocco, caduto dal balcone a 12 anni. «Ora è tornato a scuola»","Quando ha sentito la voce del figlio, dopo mesi di silenzi, non è riuscita a trattenere le lacrime per la gioia. «Un'emozione fortissima nel sentirsi chiamare di nuovo ""mamma""», ricorda commossa Santina, la madre di Rocco, il 12enne precipitato lo scorso 21 ottobre dal balcone di un palazzo al Tiburtino. «Una caduta di 12 metri dalla quale nessuno pensava si sarebbe salvato e invece il miracolo è stato compiuto. Mercoledì è addirittura tornato a scuola».

Iniziamo dal momento più duro. Cosa ricorda lei di quel 21 ottobre?

«Era un giorno di festa, ci stavamo preparando per andare alla laurea di mio fratello per la quale, dalla Calabria, eravamo venuti a Roma. Rocco era l'unico ancora in pigiama. Per farlo sbrigare gli ho detto ""vai a fare la doccia, ché tua sorella è già uscita"". La bimba si era avviata con mio cognato».

Rocco infatti si è affacciato al balcone proprio per la sorella...

«Sì. Appena gli ho detto così, lui ha lasciato il mio braccio ed è corso sul balcone della cucina. Era scalzo, forse è scivolato. Non so come sia caduto giù».

L'intervista di Luisa Urbani su www.ilmessaggero.it / #Roma #Rocco",human interest,15,2,0.4397,0,silver,0,0
52Fr3hFeR2s,ilmessaggero,I carabinieri bloccano la festa con Mick Jagger a Stromboli: «Musica vietata il mercoledì»,"La musica il mercoledì a Stromboli, nelle Eolie, è vietata e alla festa privata organizzata per la fine delle riprese di «Three Incestuous Sisters», cui partecipava anche Mick Jagger, è stata interrotta dall'arrivo dei carabinieri intervenuti per far rispettare l'ordinanza sindacale. Così il party organizzato in un locale con attori e troupe del film diretto dalla regista Alice Rohrwacher, è stato interrotto. Alla festa oltre al fondatore e frontman dei Rolling Stones, che nel film ha interpretato la parte del guardiano, e alla regista erano presenti anche gli attori Dakota Johnson, Saoirse Ronan, Jessie Buckley, Josh O'Connor, Isabella Rossellini. L'interruzione ha creato perplessità, mista ad ilarità, ma, seppure a malincuore, è stata rispettata. La musica «incriminata» era diffusa da una piccola cassa e ad un volume accettabile dicono alcuni testimoni. La troupe, oggi ha lasciato l'isola con i mezzi di linea, Jagger con un elicottero privato. A stigmatizzare l'accaduto è intervenuta la presidente della Pro Loco Amo Stromboli, Rosa Oliva: ""È l'ennesimo segnale - afferma - di un territorio che, anziché essere valorizzato e supportato dopo un inverno di gravi carenze e abbandono, si ritrova penalizzato anche nei suoi momenti di aggregazione e visibilità. Un'isola dalla rilevanza internazionale come la nostra merita una gestione amministrativa all'altezza, capace di prevenire i problemi e di far dialogare le realtà locali, anziché ridursi a interventi tardivi o punitivi». «Dal sindaco di Lipari, Riccardo Gullo - aggiunge - invece, ci si sarebbe aspettato un benvenuto agli ospiti, o almeno un saluto e un ringraziamento per l'apporto determinante all'economia delle Eolie e alla loro visibilità. Si vive di turismo nelle nostre isole».","crime, law and justice",30,8,0.7435,1,silver,1,0
6DifgCjsqVQ,ilmessaggero,"Stati Uniti, si dimette la direttrice degli 007 Tulsi Gabbard. «Sosterrà il marito malato il cancro»","La direttrice della National Intelligence americana Tulsi Gabbard si è dimessa. La decisione è legata alle condizoni di salute del marito, recentemente colpito da una forma estremamente rara di tumore osseo. Lo riferisce Fox News, secondo cui Gabbard ha informato il presidente durante un incontro nello Studio Ovale e ha poi formalizzato la decisione in una lettera, in cui ha scritto di essere «profondamente grata per la fiducia accordatale» e ha confermato che le dimissioni saranno effettive dal 30 giugno.

Nella lettera, Gabbard ha affermato che il marito «affronterà sfide importanti nelle prossime settimane e nei prossimi mesi» e ha spiegato di dover «lasciare temporaneamente il servizio pubblico per stargli accanto e sostenerlo pienamente in questa battaglia».

Ha aggiunto che il coniuge «è stato la mia roccia per tutti i nostri undici anni di matrimonio», sostenendola durante missioni militari, campagne elettorali e l'attuale incarico, e che la sua «forza e il suo amore hanno sostenuto ogni mia sfida».

Tulsi Gabbard «ha fatto un lavoro incredibile e ci mancherà». Lo ha detto Donald Trump annunciando che il posto di Gabbard sarà preso ad interim dal suo numero due Aaron Lukas.",politics and government,20,18,0.8358,1,silver,1,1
6K_bqkjdX8w,ilmessaggero,"Napoli, 12enne accoltellato in casa. Il padre tenta il suicidio. «L'aggressione dopo una lite»","Un 12enne di Napoli è stato portato al pronto soccorso dell'ospedale Vecchio Pellegrini per ferite da arma da taglio al torace. Il minore è stato trafitto con due coltellate al polmone sinistro in via Vergini, nella sua abitazione. 

In ospedale è stato trasportato anche il padre del ragazzino anche lui con ferite da taglio all'altezza della gola. Sul posto sono intervenute le forze dell'ordine che indagano sulla possibilità di un'aggressione domestica. Non si esclude che le coltellate siano state inferte dal padre. Quest’ultimo avrebbe poi tentato di togliersi la vita colpendosi con il coltello alla gola e al volto. Ferita anche la madre alla mano. L’uomo avrebbe aggredito anche un’infermiera del 118. Padre e figlio sono ricoverati al Pellegrini in prognosi riservata.

di Melina Chiapparino

#IlMessaggero #napoli","crime, law and justice",11,5,0.7128,1,silver,1,1
6qP__CMW5j8,ilmessaggero,"Garlasco, Sempio intercettato: «Magistrati stra-corrotti»","Ad Andrea Sempio restano tre giorni, poi dovrà dare una risposta alla Procura di Pavia che aspetta di sapere se potrà interrogarlo. Nel caso in cui accettasse, si ritroverebbe davanti il pm Napoleone e l'aggiunto Civardi, che l'indagato definiva «stra-corrotti» in una confessione a un'amica. Dichiarazione, risalente al 21 marzo 2025, intercettata e finita agli atti.  

Quello che diceva è ora nei brogliacci dei carabinieri di Milano, depositati dopo la chiusura delle indagini e resi noti da La Repubblica: i magistrati che lo indagano per l'omicidio di Chiara Poggi sarebbero «stra-corrotti», il processo sarebbe già «pilotato», e dietro le quinte si muoverebbero «cose strane» che lui non riesce a spiegarsi fino in fondo. 

Il commesso di 38 anni, indagato per il delitto del 13 agosto 2007 a Garlasco, nomina esplicitamente i due nomi citati in precedenza: «Napoleone, Civardi… sono tutti stra-corrotti».

 Il giudizio è netto, pronunciato con la disinvoltura di chi si crede al sicuro.  Il quadro che emerge dalle conversazioni non è quello di un uomo che si difende con sicurezza, ma di qualcuno che ha già scritto mentalmente il finale. «Le persone sotto sono corrotte», dice Sempio all'amica. «Quindi io mi aspetto il peggio possibile da tutto questo».

Il riferimento ai tempi dell'udienza suona come un test della sua stessa teoria: «Se lo fanno lunedì vuol dire che proprio sotto sono… son tutti pagati e via… E vediamo». Un ragionamento circolare, in cui qualsiasi mossa degli inquirenti conferma il sospetto originario. 

#ilmessaggero #garlasco #andreasempio #cronaca","crime, law and justice",63,45,0.8614,1,silver,1,1
7llrt4puUhA,ilmessaggero,Papa Leone XIV commissaria l'ospedale di Padre Pio che naufraga nei debiti (oltre 200 milioni),"Intervento diretto del Papa sulla Fondazione “Casa Sollievo della Sofferenza”, per salvare l’ospedale voluto da Padre Pio a San Giovanni Rotondo che naufraga nei debiti. Si parla di oltre duecento milioni di euro.  Il Chirografo pubblicato da Leone XIV non utilizza mai parole come “crisi”, “deficit” o “commissariamento”, ma il contenuto del documento lascia pochi dubbi: il Vaticano ritiene che la situazione sia sufficientemente delicata da richiedere poteri straordinari e una governance sostitutiva. 

Il dato più rilevante è proprio questo: la Santa Sede non si limita a chiedere una verifica amministrativa, ma crea una Commissione con poteri eccezionali, autorizzata persino a sostituirsi agli organi statutari della Fondazione, ad approvare modifiche dello statuto, a compiere atti di ordinaria e straordinaria amministrazione e a intervenire senza dover richiedere ulteriori autorizzazioni. È un passaggio molto forte dal punto di vista istituzionale, perché indica che Prevost considera non più sufficiente il normale sistema di controllo interno.

Il rescritto odierno modifica inoltre l’impianto deciso da Papa Francesco sulla governance dell’ospedale. Il cambiamento più evidente riguarderebbe proprio la catena di comando vaticana: non figura più il cardinale Pietro Parolin, finora referente diretto della Fondazione e figura centrale nella supervisione della sanità vaticana. All'interno è stato nominato membro il nuovo Sostituto della Segreteria di Stato, monsignor Paolo Rudelli.

articolo completo su IlMessaggero.it .

di Franca Giansoldati 

#IlMessaggero #vaticano",health,24,9,0.7639,1,gold,1,1
8JZ_sSCFScc,ilmessaggero,"Attacco Usa in Iran, colpito sito di missili e navi. Khamenei: Medio Oriente, stop scudo a basi Usa","Gli Stati Uniti hanno dichiarato di aver lanciato nuovi attacchi contro l'Iran meridionale, prendendo di mira siti missilistici iraniani e imbarcazioni che tentavano di posizionare mine. Gli attacchi sono stati effettuati per «autodifesa» e sono stati concepiti «per proteggere le nostre truppe dalle minacce poste dalle forze iraniane», ha dichiarato il Comando Centrale degli Stati Uniti in un comunicato. Il portavoce del Comando Centrale, il capitano Tim Hawkins, ha dichiarato che le forze armate statunitensi «continuano a difendere le proprie truppe, pur mantenendo la moderazione durante il cessate il fuoco in corso» tra i due Paesi.

La risposta iraniana è arrivata per voce di Abolfazl Shekarchi, portavoce di alto livello delle Forze Armate iraniane, ha dichiarato che qualsiasi nuova aggressione contro l'Iran riceverà una risposta «molto più severa» che si estenderà oltre i confini della regione.

Intanto la Guida Suprema Mojtaba Khamenei nel suo messaggio per l'Hajj, riportato dall'agenzia iraniana Tasnim, ha dichiarato che «L'ago della lancetta del tempo non torna indietro e le nazioni e i territori della regione non saranno più uno scudo per le basi americane. L'America non avrà più un punto sicuro per le sue malefatte e per l'installazione di basi militari nella regione».

#IlMessaggero #iran #usa","conflict, war and peace",3,3,0.7169,1,silver,1,1
8OOnTV00PSc,ilmessaggero,"Il cardinale Ruini in condizioni critiche, nuova crisi legata all’età","Sono ore di apprensione per il cardinale Camillo Ruini, che ha compiuto da poco novantacinque anni ed è oggi uno dei membri più autorevoli e longevi del Collegio cardinalizio. Nelle ultime ore le sue condizioni di salute hanno destato nuova preoccupazione a causa di una crisi legata soprattutto all’età avanzata e alle fragilità fisiche che da tempo lo accompagnano. Chi ha potuto incontrarlo ieri, tuttavia, racconta di averlo trovato ancora lucidissimo, vigile, perfettamente presente. Pur facendo uso di ossigeno per agevolare la respirazione, non avrebbe rinunciato nemmeno questa volta a una delle sue abitudini più radicate: leggere i giornali, gesto quotidiano che continua a mantenere con disciplina quasi ostinata.

Non si tratterebbe del primo episodio recente. Già un mese fa il cardinale aveva attraversato una crisi simile, affrontata con cure domiciliari e l’assistenza costante di medici e infermieri, lo stesso schema che si starebbe seguendo anche adesso. La notizia delle sue condizioni, diffusa dall’Ansa, ha immediatamente suscitato apprensione non soltanto nel mondo ecclesiale, ma anche in quello culturale e politico, dove la figura di Ruini continua a esercitare un peso significativo nonostante il ritiro dalla vita pubblica.
Da anni ormai vive in modo estremamente sobrio nel seminario minore romano, assistito dalla storica Pierina, collaboratrice fedelissima che lo accompagna fin dai tempi di Reggio Emilia. La sua esistenza si è progressivamente raccolta attorno agli studi di filosofia e teologia, passioni mai abbandonate, e a una rete discreta ma ancora viva di rapporti con il mondo accademico e politico. Riceve raramente, ma continua a seguire con attenzione il dibattito pubblico italiano.


L'impegno politico
Anche negli ultimi anni, nonostante la carrozzina, la sordità sempre più marcata e i problemi articolari, Ruini non ha smesso di intervenire su questioni civili e istituzionali. Una delle sue ultime interviste, concessa a Il Giornale alla vigilia del referendum sulla giustizia, aveva fatto molto discutere: l’ex presidente della CEI aveva annunciato che avrebbe votato convintamente “Sì”, sostenendo che il sistema giudiziario italiano attraversa da tempo una crisi profonda e che la separazione delle carriere rappresenterebbe almeno un primo passo verso una riforma necessaria.

L’anno scorso era stato ricoverato al Policlinico Gemelli, dove aveva trascorso diverse settimane dopo un passaggio in terapia intensiva. I medici erano rimasti colpiti dalla sua straordinaria resistenza fisica nonostante i vecchi bypass cardiaci, l’artrite invalidante e le difficoltà respiratorie. Una fibra che, ancora oggi, sembra sorprendere chi gli sta accanto.

Per molti, dentro e fuori la Chiesa italiana, Camillo Ruini continua a rappresentare un pezzo importante di storia ecclesiale e culturale del Paese: l’uomo che per anni ha interpretato il ruolo pubblico della Chiesa con un’autorità capace di influenzare non soltanto il cattolicesimo italiano, ma anche il rapporto stesso tra Roma e la politica nazionale.

#CardinaleRuini #Ruini #Vaticano",health,20,15,0.8208,1,silver,1,0
9eeKVRKGRk0,ilmessaggero,Jerry Calà: «Mara Venier? A Roma rosicavano che stava con un milanese»,"Jerry Calà non si ferma mai. Nemmeno a 75 anni (il prossimo 28 giugno). Continua a fare serata (dice 120 all'anno), a cantare e soprattutto a divertirsi... Canta di tutto. Da Lucio Battisti ai Ricchi e Poveri, ma anche gli Abba, Gino Paoli, Maurizio Vandelli e Maracaibo di Lu Colombo. 

Calogero Alessandro Augusto Calà, questo il vero nome di Jerry è un senatore dello spettacolo italiano. E dalla sua posizione di può permettere di dire che «c’è confusione: dicono di essere dello spettacolo personaggi che sono di altri mondi. Vedo gente da social, influencer, altri che escono dai reality. Pensano di fare spettacolo, qualcuno magari guadagna bene, ma l’arte non c’è. Ragazzini, piano: ridimensioniamo. L’è minga spetàcul, chél lì: non è spettacolo quello, direbbero a Milano». E a proposito di confusione, al settimanale Gente confida che «vorrei depositare la mia voce e questa faccia per potermi tutelare, come fanno in America per combattare l'AI».

Nato e cresciuto con i Gatti di Vicolo Miracoli fino alla separazione. «Secondo me però furono artisticamente al top quando non c’ero più io».

La salute
Rimpianti? «Quello di non essermi voluto troppo bene. Tra l’incidente in d’auto del ‘94 e un infarto pochi anni fa, avrei dovuto curare di più la mia salute. Ma ora lo sto facendo. Artisticamente, mi sono vergognato di un solo film, ma non voglio parlarne», confessa ancora a Gente.

Dopo aver fatto ""pace"" con Aurelio De Laurentiis ora è nuovamente pronto per il cinema. «Mi sento addosso una certa maturità artistica e ho un paio di progetti nel cassetto che giocano fra drammatico e agrodolce.

Spero di poterli realizzare prima di morire». E a proposito di cinema: «Checco Zalone è il numero uno. Solo gli invidiosi del cinema italiano ai David di Donatello possano dare premi minori a uno che ha fatto 75 milioni di incassi. Dovrebbero fargli un monumento. Sai quanti altri film ci finanzi se un produttore poi investe bene?».
La lite con Smaila
E a proposito di separazione, ci fu anche quella artistica con Umberto Smaila: «Sarà stato al massimo un anno e mezzo, poi la riappacificazione. Credo che abbia vissuto male la mia uscita dal gruppo per andare a fare cinema, in quanto avevamo già in programma di fare qualcosa noi due da soli, visto che la formula a quattro iniziava a languire».

Mara Venier
Al settimanale diretto da Umberto Brindani parla anche del suo matrimonio, durato tre anni, con Mara Venier. Un rapporto finito «sicuramente per via del caratterino di Mara, ma anch’io fui molto stronzetto. Pensi che la trovo più bella oggi di allora, ma all’epoca ricordo l’invidia dei romani: “Arriva ‘sto fetente da Milano e ce la porta via”».

#JerryCalà #MaraVenier #cinema","arts, culture, entertainment and media",53,34,0.8501,1,silver,1,1
ATFkDahYKDY,ilmessaggero,"Ebola, dottoressa italiana in quarantena allo Spallanzani: è rientrata dal Congo","Rientro in sicurezza in Italia dalla Repubblica Democratica del Congo per una dottoressa italiana entrata in contatto con pazienti contagiati dal virus Ebola. Lo rende noto il ministero della Salute. Il medico, una donna chirurgo di Medici Senza Frontiere, non ha sintomi e in giornata «arriverà a Roma», dove all'Istituto Spallanzani sarà accompagnata per «la necessaria quarantena e la sorveglianza attiva». Nell'ambito della sua attività, nel centro di salute di Salamat (Bunia- Ituri), il chirurgo è entrato in contatto il 16 maggio con pazienti risultati poi positivi. Si tratta quindi, rileva il ministero, di un caso di contatto diretto.

 Il 18 maggio scorso, si legge nella nota del ministero, il medico ha anche eseguito un intervento chirurgico salvavita d'urgenza su un bambino vittima dell'esplosione di una granata. Il bambino è un caso sospetto di Ebola il cui test non è ancora disponibile. Il ministero della Salute ricorda inoltre che «non ci sono casi di Ebola al momento in Italia», che» l'allarme è molto basso nel nostro Paese». Il ministero, perosegue la nota, che ""è attivo sin dal primo momento per tutte le attività di preparazione e sorveglianza» e sta proseguendo il monitoraggio dell'evoluzione del quadro epidemiologico in raccordo con i territori e con le autorità sanitarie nazionale e locali». 

Arriverà a breve all'Istituto Spallanzani di Roma la dottoressa di Medici senza frontiere proveniente dal Congo, dove lavora sull'emergenza Ebola, rimpatriata per misure strettamente caautelari. La volontaria, infatti, è asintomatica e serena, a quanto apprende l'Adnkronos Salaute. L'organizzazione umanitaria non aggiunge particolari alla vicenda, spiegando che Medici senza frontiere ""è a conoscenza delle notizie riguardanti una persona del proprio staff a Bunia (Ituri, Repubblica Democratica del Congo), dove l'organizzazione è impegnata nella risposta all'attuale epidemia di Ebola. La persona dello staff, che non presenta alcun sintomo, è sotto monitoraggio medico e, a titolo precauzionale, sarà evacuata per motivi sanitari nel proprio Paese d'origine, l'Italia», sottolineano dal Msf. «In ottemperanza alla rigorosa riservatezza medica», la ong «non può condividere ulteriori informazioni in questo momento e continua a seguire protocolli rigorosi per proteggere il proprio personale e i pazienti».",health,10,9,0.8012,1,silver,1,1
Asw6roWe4aU,ilmessaggero,"Pirata della strada ubriaco e drogato investe due sorelle sulle strisce a Milano, una è morta","Un pirata della strada, che guidava ubriaco, ha investito due anziane sorelle di 75 e 70 anni che attraversavano sulle strisce, la scorsa notte, in via Carnia, a Milano, uccidendone una. L'altra è grave.

L'uomo, un 39enne, che non si è fermato a prestare i soccorsi, si è costituito poco dopo agli agenti della Polizia Locale. Dai primi test aveva 4 volte il tasso alcolico consentito.

L'uomo è risultato positivo al narcotest. Era già risultato positivo al pre-test alcolemico, superando di ben quattro volte il limite consentito dal Codice della strada. L'uomo è stato arrestato per omicidio stradale e omissione di soccorso, con l'aggravante dello stato di ebbrezza e dell'assunzione di stupefacenti.

Stavano attraversando sulle strisce pedonali l'incrocio tra via Carnia e via Deruta le due sorelle che ieri sera a Milano sono state travolte da un pirata della strada.

La Smart nera guidata dal 38enne arrivava a tutta velocità da piazza Udine, quando alle 21.35 ha centrato le due donne: la 71enne è stata sbalzata a destra, la sorella maggiore è finita sul parabrezza dell'auto, per poi venire proiettata in avanti di oltre 25 metri. Un volo fatale: nonostante il trasporto d'urgenza all'ospedale San Raffaele, la 75enne è stata dichiarata morta meno di un'ora dopo l'incidente.
Davanti a quattro testimoni, con le luci dell'incrocio assolutamente funzionanti, il 38enne dopo l'urto non si è fermato ed è fuggito verso via Palmanova. Quaranta minuti più tardi è stata la madre dell'automobilista ad avvertire i carabinieri, che a loro volta hanno allertato la Polizia locale: l'uomo, insieme alla Smart nera con i danni ben visibili causati dall'incidente, si è fatto trovare nel parcheggio di un supermercato in via Ornato. Sottoposto all'alcoltest, aveva un tasso di quasi due grammi per litro. E' risultato positivo anche alla cocaina.

#IlMessaggero #milano","crime, law and justice",63,50,0.8667,1,silver,1,1
Bwaf2lXf-XU,ilmessaggero,Francesca Pascale: «Investo il patrimonio di Silvio Berlusconi in affitti e turismo di lusso»,"Aspettando di tornare in politica, la vita di Francesca Pascale si divide tra Roma, Fregene e Fiesole dove sta svolgendo la sua attività immobiliare. Al Corriere della Sera svela che «cinque anni fa ho cominciato a investire in immobili il patrimonio che mi ha lasciato Berlusconi. Affitti di lusso e turismo di lusso. Ne parlavamo con Silvio e io cercavo di assorbire come una spugna tutti i suggerimenti che mi dava». Suggerimenti che ora le fruttano molti soldi. Soldi che continua a investire.

Al Corsera si fa chiarezza anche sulle voci relative un b&b di lusso nel centro storico della capitale che l'ex compagna di Silvio Berlusconi starebbe affittando. «Ma io non lo sto affittando. È fermo. L’ho ristrutturato e l’impegno economico è stato notevole. Ma non intendo farci un b&b, lo affitterò per lunghi periodi, a uomini e donne d’affari, a politici. È piccolo, ma a Fontanella Borghese». Un piccolo appartamento acquistato dopo che il ministero della Cultura guidato da Alessandro Giuli decidesse di non esercitare la prelazione.

Ma lei chiarisce che «io neppure lo conosco il ministro. Non c’è stato alcun intervento suo, sono semplicemente trascorsi i mesi per il silenzio-assenso, e ho potuto acquistare e ristrutturare».

Ma non sono gli unci, come detto. «A Fiesole ho due b&b di lusso e ne ho uno anche a Fregene. Sempre a Fiesole sto lavorando a qualcosa di ancora più impegnativo. Sta nascendo un resort di lusso abbastanza grande».

Rimane una sua passione ma dice che non pensa a candidarsi. Intanto «il 15 giugno in sala Stampa a Montecitorio presenterò il primo disegno di legge contro l’omolesbotransfobia di area liberale e conservatrice, un ddl “anti Zan”. E in quell’occasione farò un appello a Forza Italia perché lo appoggi. Vorrei entrare in FI per lavorare per i diritti civili, mi piacerebbe molto».

#FrancescaPascale #Berlusconi","economy, business and finance",3,3,0.7169,1,silver,1,1
CLlbSu5oS-8,ilmessaggero,"Mamma e figlia avvelenate con la ricina, convocata in Questura la zia 90enne","Mamma e figlia morte avvelenate a Pietracatella, si apre una nuova pista ne paese del Molise dove Antonella Di Ielsi, 50 anni, e la figlia Sara Di Vita, 15 anni, sono morte tra il 27 e il 28 dicembre per un sospetto avvelenamento da ricina. Secondo quanto riportato dall’inviato de La Vita in Diretta, gli investigatori hanno convocato in Questura Isuccia, anziana zia (90 anni) di Gianni Di Vita, per chiarire alcuni passaggi legati alle ore precedenti alla tragedia. 

Al centro degli accertamenti ci sarebbe anche un dettaglio preciso: la donna avrebbe preparato una torta portata in famiglia la sera del 24 dicembre, durante la vigilia di Natale. Tuttavia, secondo la ricostruzione emersa, non era presente alla cena in cui il dolce sarebbe stato consumato. Un elemento che gli inquirenti stanno analizzando per ricostruire con precisione la catena degli eventi e verificare chi abbia avuto accesso agli alimenti nei giorni immediatamente precedenti ai decessi.
La Procura di Larino continua a muoversi su più fronti, senza escludere alcuna ipotesi. L’attenzione resta concentrata sia sulle dinamiche familiari sia su eventuali responsabilità esterne, mentre proseguono gli accertamenti tecnici sui reperti biologici per confermare la presenza e la modalità di ingestione della ricina. Intanto i tempi dell’inchiesta si allungano: gli esiti definitivi delle autopsie sono stati rinviati al 30 giugno, dopo ulteriori proroghe, segno della complessità del quadro investigativo. 

#ilmessaggero #ricina #natale #madre #cronaca","crime, law and justice",16,6,0.7247,1,silver,1,1
D1mfvmqFRJY,ilmessaggero,L'ex principe Andrea indagato per presunti reati sessuali. Una donna denuncia: «Mi portò a Windsor»,"«Sono stata portata a Windsor per scopi sessuali». La nuova denuncia di una donna scuote ancora una volta la famiglia reale inglese e aggrava la posizione dell'ex principe Andrea, che sarebbe ora indagato anche per reati sessuali nell'ambito delle indagini della polizia britannica sulle sue frequentazioni con il defunto faccendiere pedofilo americano Jeffrey Epstein.

Stando a Sky News Uk, il figlio terzogenito della regina Elisabetta e fratello minore di re Carlo è ora oggetto di un'indagine preliminare anche per sospetti reati sessuali in seguito alla denuncia di una donna. Gli investigatori cercano inoltre testimonianze da altre potenziali vittime di Epstein. Finora Andrea è stato indagato in relazione allo scandalo Epstein solo per il sospetto di cattiva condotta in un ufficio pubblico

Lo riporta il quotidiano britannico The Times che scrive che «gli investigatori intendono parlare con una donna che sostiene di essere stata portata nella sua abitazione di Windsor “per scopi sessuali” e lancia un appello a potenziali vittime e testimoni affinché si facciano avanti dopo le perquisizioni nelle case di Andrew Mountbatten-Windsor».

L’ex principe era stato arrestato all’inizio di quest’anno con l’accusa di presunta condotta illecita nell’esercizio di una funzione pubblica, dopo la pubblicazione dei file Epstein. L’uomo, che in passato ha negato qualsiasi illecito, resta sotto indagine e respinge con forza ogni accusa.

 Al momento Andrea, che ha sempre negato ogni illecito, resta formalmente sotto indagine - dopo essere stato clamorosamente arrestato per qualche ore e poi rilasciato nel giorno del suo 66esimo compleanno - per l'ipotesi di cattiva condotta in un ufficio pubblico. Fattispecie che fa riferimento alle informazioni riservate da lui condivise con Epstein quando rivestiva il ruolo di rappresentanza di emissario internazionale britannico per i commerci fra il 2001 e il 2011. Ruolo conferitogli dal governo di Tony Blair su forte raccomandazione di sua madre, Elisabetta II, secondo quanto certificato anche da un memo reso pubblico giusto ieri dall'attuale governo di Londra su sollecitazione del Parlamento dopo l'esplosione dello scandalo.

#IlMessaggero","crime, law and justice",8,7,0.7831,1,silver,1,1
DX3RGd2t0xM,ilmessaggero,«Non sono bastate le vostre malelingue». Antonino Monteleone: cosa è successo al giornalista Rai,"Antonino Monteleone è stato ricoverato in ospedale. A renderlo noto è stato lo stesso giornalista Rai, che ha pubblicato sui social una foto dal letto di un nosocomio, rassicurando però i suoi follower sulle sue condizioni di salute.

«I piccoli acciacchi capitano a tutti, specialmente quando si conduce una vita piena, intensa, sempre con l’acceleratore premuto», ha scritto Monteleone in un post pubblicato su Facebook. Il giornalista ha poi voluto ringraziare chi si è preso cura di lui durante il ricovero: «Un ringraziamento sincero a tutto il personale medico e sanitario che mi ha assistito in questo piccolo “tagliando” di manutenzione».

Monteleone ha rassicurato il pubblico, spiegando che il momento più delicato è ormai alle spalle: «Ne siamo usciti, e ne siamo usciti bene. E a chi sperava diversamente, non sono bastate le vostre “malelingue”.

Munitevi di un cannone, che è meglio». L’obiettivo, ora, è tornare al lavoro il prima possibile. «Il lavoro viene prima di tutto. Per questo lunedì cercherò di essere regolarmente in onda su Rai play, per me che sono ancora vivo e vegeto e per gli spettatori a cui devo tutto. Non si molla di un millimetro!», ha aggiunto.

Antonino Monteleone ha debuttato in televisione nel 2010 come inviato di Exit – Uscita di sicurezza, programma in onda su La7. L’anno successivo è entrato in Rai, lavorando per Report fino al 2013. In seguito è tornato a La7, dove ha collaborato con Piazzapulita fino al 2017. Dal 2017 al 2025 ha lavorato a Mediaset come inviato de Le Iene. Successivamente è rientrato in Rai, dove ha condotto il talk L’altra Italia. Attualmente porta avanti su RaiPlay i programmi Linea di confine e Vite sulla linea di confine.

#AntoninoMonteleone #ospedale #ricoverato",health,18,2,0.4312,0,silver,0,1
E_hrUfs868k,ilmessaggero,«C'è qualcosa che non dovremmo avere nella stiva». L'aereo per Londra dirottato a Roma Fiumicino,"Un volo EasyJet diretto a Londra è stato dirottato a Roma dopo che erano sorti dubbi sulla presenza di un dispositivo nel bagaglio di un passeggero. La compagnia aerea ha dichiarato a Sky News di aver effettuato l'atterraggio per «precauzione» dopo che un passeggero aveva informato l'equipaggio della situazione.

Il volo EZY2618 è decollato da Hurghada, in Egitto, martedì sera e sarebbe dovuto atterrare all'aeroporto di Luton nelle prime ore di mercoledì. Ma il volo è stato dirottato a Roma Fiumicino e riprogrammato per la mattina successiva, dopo che l'equipaggio è stato informato che un un telefono era in carica con un powerbank nel bagagliaio in stiva.

L'incidente ha scatenato il panico tra i 180 passeggeri a bordo dopo che il comandante ha annunciato: «C'è qualcosa che non dovremmo avere nella stiva».

 Erano infatti emerse preoccupazioni in merito al rischio di incendio legato alle batterie al litio. «Il comandante ha quindi deciso di deviare la rotta per precauzione, in conformità con le norme di sicurezza», ha dichiarato un portavoce. «L'aereo è atterrato in sicurezza e i passeggeri sono sbarcati regolarmente; abbiamo fornito alloggio in hotel e pasti laddove possibile. Ad alcuni clienti che sono rimasti in aeroporto sono stati offerti dei rinfreschi. La sicurezza dei suoi passeggeri e dell'equipaggio è la massima priorità di easyJet, che gestisce la propria flotta di aeromobili nel rigoroso rispetto di tutte le linee guida dei produttori. Ci scusiamo con tutti i passeggeri per gli eventuali disagi causati dalla deviazione e dal conseguente ritardo». 

#ilmessaggero #aereo #volo #londra","disaster, accident and emergency incident",27,14,0.8047,1,silver,1,1
EqTMfJ8Sshg,ilmessaggero,Il Centrodestra riconquista dopo 12 anni Reggio Calabria con Cannizzaro,"«Francesco Cannizzaro, segretario regionale di Forza Italia in Calabria, è il nuovo sindaco di Reggio Calabria. Elezioni stravinte grazie ai cittadini che hanno scelto il buongoverno del centro-destra. Siamo certi che Ciccio farà un ottimo lavoro anche come amministratore». Lo scrivono sui social di Forza Italia. 

#ilmessaggero #cannizzaro #reggiocalabria",politics and government,28,16,0.815,1,silver,1,1
Eu0pibvBVjo,ilmessaggero,"Kevin Warsh giura, è il nuovo presidente della Fed","Kevin Warsh è il nuovo presidente della Federal Reserve. Durante il giuramento, avvenuto alla Casa Bianca in presenza del presidente Donald Trump, il numero uno della Fed assicura che guiderà la banca «orientata alle riforme». «Per adempiere a questa missione, guiderò una Federal Reserve orientata alle riforme, imparando dai successi e dagli errori del passato, abbandonando schemi e modelli statici e mantenendo chiari standard di integrità e performance», aggiunge poco dopo il giuramento. Rivolgendosi ai banchieri centrali li ha esortati a perseguire i propri obiettivi «con saggezza e chiarezza, indipendenza e determinazione», aggiungendo che «l'inflazione può essere più bassa, la crescita più forte, i salari reali più alti e l'America può essere più prospera» se agiranno in tal senso. Warsh entrerà in carica mentre la guerra in Medio Oriente pesa sull'economia statunitense e globale e alimenta l'inflazione. È stata la prima volta, dai tempi di Ronald Reagan, che il nuovo presidente della Fed presta giuramento alla Casa Bianca, alla presenza del presidente degli Stati Uniti.","economy, business and finance",12,6,0.7381,1,silver,1,1
FlMckNQOasA,ilmessaggero,"Finge un sintomo per anticipare gli esami, poi la scoperta choc: cancro al colon a 27 anni","Per anni ha convissuto con dolori addominali, stitichezza alternata a diarrea e forti crampi, convinta di soffrire di semplici problemi intestinali. Sydney Stoner, oggi 32enne americana dell’Arkansas, ha scoperto invece di avere un tumore al colon al quarto stadio quando aveva appena 27 anni.

La malattia

La donna aveva consultato diversi medici, provato diete senza glutine, latticini e zuccheri, pensando insieme agli specialisti che potesse trattarsi di sindrome dell’intestino irritabile. Ma i sintomi continuavano a peggiorare, fino a diventare invalidanti. «Sentivo come se gli organi si contorcessero», ha raccontato. Quando il dolore è diventato insopportabile, Sydney ha deciso di rivolgersi a un centro gastroenterologico. Per ottenere più rapidamente una colonscopia, ha detto al telefono di avere sangue nelle feci, uno dei segnali più comuni del tumore al colon. Poco dopo è arrivata la diagnosi: durante l’esame i medici non riuscivano nemmeno a far avanzare il colonscopio a causa di una massa che ostruiva l’intestino.
Le terapie

Inizialmente il cancro era stato classificato come stadio 3B, ma successivi controlli hanno mostrato metastasi ai polmoni e al fegato, facendo salire la diagnosi a stadio 4. Da allora la giovane ha affrontato interventi chirurgici, radioterapia e numerosi cicli di chemioterapia, con effetti collaterali pesanti tra nausea, vertigini e forte sensibilità al freddo. Oggi Sydney continua le cure con una terapia di mantenimento e racconta di convivere ogni giorno con il peso della malattia: «Ti svegli e senti di dover elaborare il lutto della tua vita precedente». Negli ultimi anni ha iniziato anche a fare sensibilizzazione sul tumore al colon, soprattutto tra i più giovani. 

#tumore #colon #tumorecolon",health,5,1,0.1257,0,silver,0,0
GG1Ts0F8rwg,ilmessaggero,"Garlasco, la madre di Sempio: «Non si può escludere che Stasi sia innocente»","«Da come vedo le cose adesso, io ti dico sinceramente, non lo posso escludere. Non posso dire adesso che sicuramente Stasi è colpevole. Io mi auguro che si arrivi finalmente a una verità definitiva». Lo ha detto Daniela Ferrari, madre di Andrea Sempio, unico indagato nel nuovo filone d'inchiesta aperto dalla Procura della Repubblica di Pavia sull'omicidio di Chiara Poggi, in merito all'idea che ci possa essere «un innocente in carcere». L'intervista, realizzata da Martina Maltagliati, che torna sul caso di Garlasco, andrà in onda integralmente questa sera, intorno alle 21.30 a “Quarto Grado”, su Retequattro.

Nel corso del colloquio, si è tornati in particolare sui “soliloqui” di Sempio in auto, registrati dagli ambientali degli investigatori. «I soliloqui di tuo figlio Andrea, intercettati, possono essere ammissioni di colpevolezza, confessioni?», chiede la giornalista. «No! No! No! - Risponde Daniela Ferrari con decisione - Perché mio figlio è uscito alle 10 meno 10, è rientrato a casa prima di mezzogiorno con gli stessi vestiti che aveva, completamente pulito, e di sicuro non era uno che era appena andato a commettere un omicidio». Intanto, dopo la discovery delle accuse con la chiusura dell'inchiesta lo scorso 7 maggio, è ora il momento del contrattacco della difesa di Sempio.

Sono infatti sostanzialmente pronte, e verranno depositate all'inizio della prossima settimana, le sei consulenze richieste dagli avvocati Liborio Cataliotti e Angela Taccia, entro i termini di 20 giorni dalla notifica dell'avviso di conclusione dell'indagine, come prevede il codice. E al vaglio c'è anche un'eventuale istanza di interrogatorio, dato che il loro assistito da sempre si dichiara estraneo ai fatti contestati. Tra le consulenze, oltre a quella personologica, ce ne sono una medico-legale sulle cause e i tempi del decesso, una antropometrica per verificare se le impronte possono collimare con quelle lasciate dalle scarpe dell'assassino, e una fonica sui 'soliloqui' di Sempio in auto (un'operazione tecnica di ripulitura dell'audio). Le relazioni saranno corredate da una memoria dei difensori che punta a smontare il capo di imputazione. Tutti atti di parte, ovviamente, il cui valore probatorio, al di là della risonanza mediatica che probabilmente susciteranno, dovrà poi essere dimostrato in dibattimento.

#Garlasco #AndreaSempio #AlbertoStasi","crime, law and justice",48,36,0.8556,1,silver,1,1
GqBSKuf3j9c,ilmessaggero,"«Io pendolare ogni giorno da Caserta a Roma per fare l’insegnante, mi sveglio alle 4.30»","Per Daniela la giornata comincia quando fuori è ancora buio. La sveglia suona ogni mattina alle 4.30 e da quel momento inizia una lunga corsa verso Roma, dove lavora come supplente negli asili nido e nelle scuole dell’infanzia comunali. La sua storia è stata raccontata da Fanpage.

L’insegnante vive in un piccolo comune della provincia di Caserta e da anni affronta ogni giorno ore di viaggio per raggiungere la Capitale. «Arrivo a Termini intorno alle 6.30 e poi devo ancora spostarmi verso la scuola in cui è richiesta la mia presenza», racconta. A seconda del municipio assegnato, il tragitto può allungarsi ulteriormente, soprattutto nelle zone meno collegate della città.

Secondo quanto riportato da Fanpage Daniela è iscritta alle graduatorie di Roma e Napoli, ma finora soltanto dalla Capitale sono arrivate chiamate per lavorare.

Nel suo territorio, invece, le opportunità nel settore scolastico sarebbero molto limitate. «L’unica alternativa sarebbe cambiare lavoro», spiega.

Le giornate sono scandite da treni regionali, metropolitana e autobus, con il rischio costante di ritardi e guasti. Una difficoltà ancora più pesante per chi lavora come insegnante «messa a disposizione», chiamata spesso all’ultimo momento per coprire assenze e carenze di personale.

«Non posso permettermi di arrivare tardi», sottolinea la docente, spiegando come gli spostamenti incidano pesantemente sulla vita quotidiana. Se tutto procede senza problemi, il rientro a casa avviene in serata, dopo molte ore trascorse tra scuola e mezzi pubblici.

Negli ultimi giorni il tema delle supplenze è tornato al centro dell’attenzione dopo le proteste organizzate contro il nuovo sistema di graduatorie per le scuole dell’infanzia comunali di Roma, che potrebbe escludere molte insegnanti Mad. Daniela avrebbe voluto partecipare ai presìdi organizzati in Campidoglio, ma gli orari dei treni non glielo hanno consentito.

Per molte lavoratrici precarie, il timore è che il nuovo sistema renda ancora più difficile continuare a lavorare nelle scuole comunali. «Da anni copriamo le falle lasciate dal sistema scolastico», afferma Daniela, convinta che senza il contributo delle supplenti sarà complicato garantire tutte le sostituzioni necessarie.",education,65,32,0.8425,1,silver,1,0
Hw0x0yyN-Pg,ilmessaggero,"Hormuz, l'allarme degli scienziati sul ""santuario marino""","Mentre i radar della geopolitica globale sono costantemente puntati sullo Stretto di Hormuz per monitorare il transito cruciale dell'oro nero e le fiammate di tensione tra Iran, Israele e Stati Uniti, sotto la superficie di quella stessa lingua d'acqua si consuma un conflitto parallelo, silenzioso e dagli effetti devastanti. Hormuz non è solo uno dei corridoi energetici più strategici e militarizzati del pianeta, ma è anche un ecosistema di straordinaria complessità e fragilità biologica, dove specie rare e maestose stanno perdendo la loro battaglia per la sopravvivenza.

Il braccio di ferro geopolitico e il viavai incessante di superpetroliere hanno trasformato questo delicato bacino in un laboratorio di crisi ecologica permanente, dove giganti del mare come lo squalo balena, i dugonghi e le ultime megattere arabe si trovano intrappolati in un fuoco incrociato invisibile fatto di inquinamento acustico, sversamenti chimici ed esplosioni subacquee.

Tra le presenze più spettacolari e a rischio del Golfo Persico spicca lo squalo balena. Questo gigante pacifico utilizza lo Stretto come una vera e propria autostrada migratoria stagionale, concentrandosi nel Golfo durante i mesi estivi per poi spostarsi verso il Golfo di Oman quando le temperature si irrigidiscono.

Questo perfetto sincronismo biologico è oggi drammaticamente minacciato. L'intensificazione delle rotte commerciali e la presenza massiccia di navi da guerra aumentano esponenzialmente il rischio di collisioni fatali. Lo squalo balena, che nuota spesso vicino alla superficie per nutrirsi di plancton, si ritrova indifeso di fronte alle enormi eliche delle navi. Inoltre, lo Stretto di Hormuz soffre di un ricambio idrico lentissimo: le sue acque impiegano anni per rinnovarsi completamente, il che significa che ogni sversamento di carburante o solvente chimico persiste per mesi nell'ambiente, intossicando la catena alimentare dei grandi filtratori.

L'impatto più subdolo e distruttivo della militarizzazione del canale è senza dubbio l'inquinamento acustico subacqueo. I cetacei, a partire dalle rarissime megattere arabe, una popolazione isolata e già ridotta a pochissime decine di individui, dipendono interamente dall'udito per comunicare, accoppiarsi e cacciare.

Il rombo costante dei motori delle petroliere e l'uso massiccio dei sonar militari ad alta frequenza saturano lo spazio acustico sottomarino, provocando nei mammiferi una vera e propria ""cecità sonora"".

Più vicino al fondale, la crisi ecologica colpisce i dugonghi e le praterie di Posidonia oceanica. I dugonghi sono mammiferi erbivori che dipendono esclusivamente dalla presenza di questi pascoli sottomarini. Tuttavia, il dragaggio dei fondali, il movimento continuo delle grandi ancore e l'inquinamento chimico sollevano sedimenti che rendono l'acqua torbida, impedendo alla luce del sole di filtrare e decretando la morte della vegetazione. Senza cibo, i dugonghi sono destinati a scomparire.

In questo scenario drammatico, anche le barriere coralline del Golfo, storicamente note per essere tra le più resistenti al mondo agli sbalzi termici, stanno mostrando i primi segni di cedimento sotto il peso combinato di stress fisici e sversamenti di greggio. Hormuz vive così un paradosso intollerabile: mentre il mondo trema per il controllo del corridoio petrolifero superficiale, il santuario biologico sottostante si spegne giorno dopo giorno nel silenzio generale.

#Hormuz #balene #cetacei",environment,30,25,0.846,1,silver,1,0
I9I1XjsZoeY,ilmessaggero,"Iran, Rubio: «Presto un accordo, forse già oggi»","Accordo vicino tra Usa e Iran. Il segretario di Stato americano Marco Rubio ritiene che ci sia ""una possibilità"" che l'Iran accetti un accordo per porre fine alla guerra già oggi. ""È possibile che più tardi oggi, domani o tra qualche giorno, avremo informazioni da condividere"", ha detto Rubio ai giornalisti a Nuova Delhi, aggiungendo di sperare in ""buone notizie"".

E una conferma viene anche dalla tv di stato iraniana che parla di ""riavvicinamento"" tra le parti con Teheran che afferma di essere nelle ""fasi finali"" di un memorandum d'intesa con gli Stati Uniti.

#Iran #StatiUniti #Rubio",politics and government,32,25,0.844,1,silver,1,1
IEEWcJseEu4,ilmessaggero,"«Re Carlo è morto», ma era un falso allarme: imbarazzo per una radio britannica","«È morto Re Carlo III». L'annuncio è stato dato per errore da una radio britannica, che si è scusata oggi «per il disagio causato». A diffondere per sbaglio la falsa notizia è stata Radio Caroline, storica emittente del Regno Unito, che ha attribuito l’episodio a un problema tecnico verificatosi nello studio principale di Maldon, nell’Essex. Secondo quanto chiarito dalla stessa radio sui social, sarebbe stata attivata accidentalmente la procedura prevista per la morte di un sovrano, un protocollo che tutte le emittenti britanniche tengono pronto «pur sperando di non doverla mai utilizzare».

Dopo la trasmissione dell’annuncio, la radio ha interrotto temporaneamente la programmazione, come previsto dalle procedure ufficiali, prima di tornare in onda e chiarire l’errore. Il direttore Peter Moore si è quindi «scusato con Sua Maestà il Re e con i nostri ascoltatori per qualsiasi disagio causato». L’episodio si è verificato mentre re Carlo III e la regina Camilla erano impegnati in una visita nell’Irlanda del Nord, dove hanno assistito anche a un’esibizione di musica folk irlandese. Non è stato precisato per quanto tempo la falsa notizia sia rimasta in onda prima di essere corretta. Tuttavia, secondo quanto riportato dalla Press Association, alcune registrazioni della fascia oraria interessata non risultavano più disponibili sul sito dell’emittente. Fondata negli anni Sessanta come radio pirata per sfidare il monopolio della Bbc, Radio Caroline è diventata nel tempo una delle emittenti più note della storia radiofonica britannica.

#IlMessagero #regnounito #recarlo",human interest,9,8,0.7931,1,silver,1,0
IFgbOLDf1TU,ilmessaggero,"Al Bano compie 83 anni: «Ho scelto Lourdes per festeggiare, mi auguro la salute»","Sono giornate all’insegna della spiritualità per Al Bano Carrisi. Il cantante ha pubblicato “Madre”, il nuovo singolo dedicato alla Madre celeste, e ha scelto di trascorrere il suo compleanno a Lourdes insieme alla compagna Loredana Lecciso e ai figli Jasmine e Albano Junior. Un compleanno speciale, vissuto tra fede, famiglia e bilanci personali, in un momento in cui l’artista guarda al futuro senza dimenticare le difficoltà affrontate nel corso della sua vita.

Madre è una canzone che porta nel mondo la visione spirituale e la fede di Al Bano, raccontate non come una dichiarazione solenne, ma come una confidenza.

Una preghiera intima, affidata a una melodia pensata per arrivare a tutti, credenti e non. Il brano parla del legame con la madre, terrena e celeste, come radice profonda dell’esistenza. È una canzone intensa, scritta e interpretata con la maturità di chi non ha più bisogno di dimostrare nulla e può cantare ciò che porta dentro da sempre.

Al Bano ha trascorso il suo “Al Bano day” a Lourdes, visitando anche la Grotta dove Bernadette vide la Madonna. «Ho provato un’emozione fortissima perché è un luogo magnifico», ha raccontato al Corriere della Sera. «Non c’ero mai stato. Ogni tanto è importante seguire la spiritualità, altrimenti si corre il rischio di diventare aridi». Per il suo compleanno sono arrivati tantissimi messaggi di auguri, troppi per riuscire a leggerli e rispondere a tutti. Tra quelli più belli, racconta, ci sono stati quelli di Fiorello a La pennicanza: «Sulle note di Nel sole mi ha definito un ragazzo». Poi la telefonata di Gianni Morandi: «Mi ha chiamato al mattino, la nostra è un’amicizia nata nel 1977». E un pensiero speciale per Sophia Loren: «La sento anche quando non la sento». Sull’età, Al Bano scherza: «Mi piace dire quattro volte venti con un bonus di tre». Il regalo più emozionante, però, è arrivato dalle figlie Romina e Cristèl: «Mi hanno scaldato il cuore scrivendomi una bellissima poesia». Quanto ai desideri, il cantante non ha dubbi: «Salute, salute e salute. Grazie a Dio sto bene. Ma negli anni ho avuto i miei guai: sono passato dal tumore alla prostata all’infarto, dall’infarto all’ischemia. E ho avuto problemi alle corde vocali. Ma tutto è passato. E oggi ci rido sopra».

Al Bano guarda avanti con energia. «Sono strapieno di progetti, ma preferisco parlare di ciò che ho già fatto. Altrimenti non li porto a termine», spiega. Tra i desideri resta anche quello di tornare al Festival di Sanremo per chiudere simbolicamente la sua carriera sanremese: «Non ho fatto piani, vorrei andarci per chiudere la mia carriera sanremese. Se mi invitano, ci sono». Non manca una stoccata ad Amadeus e Carlo Conti: «Si sono comportati male: il primo con una promessa non mantenuta, l’altro ha ascoltato ben tre mie canzoni per poi tirarsi indietro». Sulla possibilità di fermarsi, però, Al Bano lascia intendere che sarà lui a decidere tempi e modi: «Lo deciderò io. Intanto va a gonfie vele: 400mila spettatori a San Pietroburgo, sold out in tutte le città russe. Questo ragazzo è davvero bravo».

#AlBano #Lourdes #Sanremo",human interest,25,13,0.8004,1,silver,1,0
IOc96tHTLmw,ilmessaggero,"Iran, media Teheran: «Pronta bozza d'intesa con gli Usa»","L'emittente statale iraniana afferma di aver ottenuto un documento preliminare che delinea un quadro di riferimento per un potenziale memorandum d'intesa con gli Stati Uniti. L'accordo prevede il ritiro delle forze statunitensi dalle vicinanze dell'Iran, mentre l'Iran consentirebbe il ritorno del transito commerciale attraverso lo Stretto di Hormuz ai livelli prebellici entro 30 giorni.

Tuttavia, secondo quanto riportato dai media iraniani, le navi militari statunitensi non sarebbero incluse nell'accordo preliminare per Hormuz, dove il traffico navale sarebbe gestito dall'Iran in coordinamento con l'Oman. Ha inoltre sottolineato che il quadro di riferimento non è ancora definitivo e che l'Iran non procederà senza una «verifica tangibile».

#IlMessaggero #iran #usa",politics and government,2,2,0.6604,0,silver,0,1
Jn6nFJyjhLI,ilmessaggero,"Comprano la casa ma c’è un pozzo, in Cassazione (dopo più di 20 anni) vincono gli acquirenti","La Corte di Cassazione ha riconosciuto il consumatore quale parte debole del rapporto nel contenzioso che da anni sta vedendo protagonista una coppia di San Benedetto che aveva acquistato un immobile dalla Soledil srl poi rivelatosi inadeguato. Nei giorni scorsi si è tenuta l’udienza del ricorso promosso nel 2019 dalla coppia di contro Soledilsrl in concordato. 

Il dibattimento
 
La vicenda seguita dalla Lesding Case, caso guida nell’ambito della tutela del consumatore dopo il rinvio pregiudiziale, dalla stessa sezione e dopo che lo scorso 18 dicembre la Corte di Lussemburgo aveva accolto le ragioni dei coniugi sambenedettesi, patrocinati dall’avvocato Jacopo Severo Bartolomei. Nella sentenza sia il procuratore generale che il giudice hanno emesso un sentenza favorevole, come dice l’avvocato Bartolomei che ha patrocinato l’udienza che si è tenutasa in Cassazione. «E’ stata riconosciuta la rilevabilità d’ufficio in ogni fase e stato del processo di cognizione- afferma - quindi pure in sede di rinvio della nullità di protezione del consumatore, parte debole del rapporto contrattuale. La sentenza completa delle motivazioni è attesa entro 60 giorni e costituirà una pietra miliare nella materia, uniformando anche l’ordinamento nazionale al grado di tutela del consumatore previsto dalla Direttiva europea, ora trasfusa nel codice del consumatore».

L'acconto
 
La vicenda risale al 1998 quando venne stipulato un contratto preliminare di compravendita immobiliare, in virtù del quale la coppia versò un acconto pari a 72.870 euro, ma in seguito venne a conoscenza di un pozzo che avrebbe potuto compromettere o comunque rendere difficile la vivibilità della dimora, da qui la revoca del contratto. Secondo la legge in caso di inadempimento da parte degli acquirenti, tale somma doveva essere trattenuta dal venditore. Di conseguenza il contratto definitivo non è mai stato stipulato e la controversia è approdata a un complesso iter giudiziario arrivato fino in Cassazione.

#pozzo #casa #compravendita","crime, law and justice",13,4,0.6605,0,silver,0,0
K6XtSG4sox4,ilmessaggero,"Carmine Perrone, il sergente stroncato dal tumore a 55 anni: il figlio era morto di leucemia","SESTO AL REGHENA (Pordeone) - Aveva supportato fino all'ultimo il figlio Renato, mancato nell'ottobre del 2023 a causa di una leucemia a soli 22 anni. E dopo cinque anni di fatiche, su e giù per le cure da Padova a Roma (da cui era nato il libro ""Le farfalle vivono un giorno solo"", scritto dal giovane), e un dolore immenso, era cominciato un altro calvario. È morto domenica Carmine Perrone, militare di 55 anni. Sergente maggiore aiutante, aveva lottato per circa un anno e mezzo contro una malattia oncologica.

Perrone, nato il 4 agosto 1970, era originario di Sant'Antimo, città che si trova nella provincia di Napoli. Si era diplomato all'istituto tecnico per geometri G.B. Della Porta nel capoluogo campano e aveva poi intrapreso la carriera militare. E intanto aveva incontrato e sposato la sua Stefania. La famiglia si era allargata, con la nascita di Armando e Renato. Quando i ragazzi erano piccoli, si erano trasferiti tutti a Sesto al Reghena. Perrone aveva lavorato a lungo in una caserma del pordenonese. Una vita dedicata alla carriera, ma soprattutto alla famiglia. E nei momenti liberi, lo sport, in particolare il ciclismo, e i viaggi. Negli ultimi anni si era trovato ad affrontare periodi difficilissimi, tra la malattia del figlio e la sua, ma cercava di non farli pesare a nessuno. «Anche nei momenti più brutti - racconta un'amica della famiglia - lui, così come la moglie, hanno sempre cercato di dire una parola positiva, non si sono mai lamentati». Sempre discreto e riservato, Perrone si era fatto volere bene da tutte le persone che l'avevano conosciuto.

Sono tanti i messaggi a lui dedicati comparsi sui social, alcuni corredati da foto per ricordare i momenti felici. «Ho avuto il privilegio di conoscerti - scrive un amico sul profilo Facebook di Perrone - e ho avuto nello stesso tempo la fortuna e la sfortuna di non poterti frequentare quotidianamente per la distanza che ci divideva. Ma come ben sai, due tre volte l'anno facciamo tappa a casa tua, è immancabile. Dopo tanta sofferenza per la dipartita di Renato, ci lasci anche tu, attoniti e costernati da tanto dolore e da tanta rabbia, perché la vita a volte diventa così crudele. Caro Carmine posso solo dirti che persone di qualità, di valori, di principi, di educazione, di rispetto come te ce ne sono veramente poche ed oggi il mondo perde un uomo che avrebbe potuto dare ancora tanto». «In tanti, troppi, siamo profondamente rattristati per la tua dipartita - scrive un altro amico -, ma altrettanto siamo fieri ed orgogliosi per averti conosciuto, Gigante Buono. Mi stringo al dolore che ha colpito la tua già provata famiglia».
Domani, alle 10.30, gli amici si stringeranno a Stefania e Armando per dare l'ultimo saluto a Carmine nell'abbazia di Sesto.

#ilmessaggero #carmineperrone #sergente #cronaca",health,23,0,0.0,0,gold,0,0
KCSSJyllUHE,ilmessaggero,Selvaggia Lucarelli lascia la Rai per l'Isola dei Famosi: Ballando con le stelle nel caos,"Un vero e proprio scossone di mercato destinato a ridisegnare gli equilibri della prossima stagione televisiva autunnale e primaverile. Selvaggia Lucarelli lascia la Rai e passa a Mediaset: sarà lei la nuova conduttrice della prossima edizione de L'Isola dei Famosi. Il celebre reality show, portato al successo storico su Rai 2 da Simona Ventura, si appresta così a vivere un'edizione totalmente rinnovata e rivoluzionata nel linguaggio e nelle dinamiche, puntando tutto sul piglio ironico, giornalistico e senza sconti della scrittrice.

Il clamoroso trasferimento ""dall'altra parte del Tevere"" è stato frutto di una scelta personale della stessa Lucarelli, attratta probabilmente da un'azienda che oggi appare economicamente più redditizia e dotata di meccanismi, apparentemente, ma magari non effettivamente, meno machiavellici rispetto a quelli della televisione pubblica. Basti pensare alle recenti parole al miele che Pier Silvio Berlusconi ha riservato a Maria De Filippi dopo la finale di Amici, un attestato di stima e protezione aziendale difficilmente riscontrabile nei corridoi di Viale Mazzini.

Se Cologno Monzese festeggia il grande colpo, a Saxa Rubra l'addio della Lucarelli provoca un inevitabile effetto domino. La giornalista era infatti la giurata più apprezzata, temuta e agguerrita di Ballando con le stelle. Milly Carlucci, che l'ha sempre voluta, difesa a spada tratta in ogni singola polemica e ritenuta fondamentale per l'economia dello show del sabato sera di Rai 1, ha dovuto prendere atto della decisione, consapevole che sostituire una fuoriclasse della provocazione non sarà affatto semplice.
Vero è che l'ammiraglia Rai conserva un allure istituzionale e una cassa di risonanza mediatica che Mediaset non sempre riesce a garantire, se a Ballando un giurato starnutisce o va in bagno, i siti web ne parlano per una settimana, ma la sfida dell'Isola ha evidentemente avuto la meglio.

Con la poltrona di Selvaggia ufficialmente vuota, per Milly Carlucci si apre adesso un bivio strategico cruciale per il destino del programma. Le strade percorribili sono due: quella della sostituzione parziale e secca con il nuovo giurato, lasciando intoccati gli altri 4; oppure quella del rimpasto totale e ampio dove cambiano 3 elementi su 5, lasciando inamovibili solo Smith e Mariotto.

Al momento, le quotazioni interne pendono decisamente verso la seconda opzione per un 60% contro il 40%: un forte vento di rinnovamento che salverebbe soltanto i due pilastri considerati storicamente inamovibili, ovvero, come detto, la presidente di giuria Carolyn Smith e il vulcanico Guillermo Mariotto. Gli altri tre posti verrebbero completamente azzerati.

I telefoni degli agenti televisivi sono caldissimi e la lista dei candidati (o degli auto-proposti) si allunga di ora in ora. Tra i nomi più altisonanti che circolano nei corridoi Rai spicca quello di Francesca Fagnani: la conduttrice di Belve sarebbe perfetta per non far rimpiangere le domande ficcanti della Lucarelli, ma al momento pare stia tentennando.
In lizza ci sono anche il vulcanico Luca Barbareschi, la veterana dei reality Simona Ventura, la conduttrice Diletta Leotta e l'immancabile ombra di Barbara D'Urso, da tempo accostata allo show.

Nessuna decisione definitiva verrà presa prima del mese di luglio. Nel frattempo, gli operai sono già al lavoro a Saxa Rubra per costruire il nuovo studio dell'edizione 2026: una scenografia monumentale progettata a immagine e somiglianza dello storico e mitico teatro dell'Auditorium del Foro Italico, che ospiterà la gara comprensivo del suo iconico, immenso lampadario.

#SelvaggiaLucarelli #IsolaDeiFamosi #BallandoConLeStelle","arts, culture, entertainment and media",27,19,0.8297,1,silver,1,1
LYvh0ext_w4,ilmessaggero,"Lecco, augura a Schlein di essere investita come i pedoni di Modena: sospesa consigliera leghista","Bufera a Lecco per il commento social della segretaria e consigliera comunale di Barzanò, e ormai ex esponente della Lega Debora Piazza, contro la segretaria del Partito democratico, Elly Schlein. Sotto la diretta su Facebook del comizio della leader dem a sostegno del candidato sindaco del centrosinistra, Piazza scrive in un chiaro e inequivocabile riferimento a quanto successo a Modena sabato pomeriggio: «Non abbiamo qualcuno che guida con problemi di depressione disoccupato che offende i cristiani che passa di lì e ci fa un favore». Frasi che le costano la sospensione immediata dal Carroccio.

«Come Lega Lombarda e Lega lecchese prendiamo totalmente le distanze, in maniera netta e inequivocabile, dalle inaccettabili e assurde frasi scritte in un commento sui social da Debora Piazza, che abbiamo già provveduto immediatamente a sospendere da ogni nostra carica interna e per cui valutiamo ulteriori provvedimenti disciplinari, da assumere nelle sedi competenti. Naturalmente esprimiamo la nostra solidarietà a Elly Schlein per quanto accaduto», spiegano il segretario regionale della Lega Lombarda e capogruppo del Carroccio in Senato, Massimiliano Romeo, e il segretario provinciale leghista di Lecco, Daniele Butti.

Solidarietà a Schlein arriva anche dalla presidente del Consiglio, Giorgia Meloni. Per la premier quelle della consigliera sono «parole inaccettabili, che superano ogni limite e che non possono trovare alcuna giustificazione nel confronto politico. La Lega ha fatto bene a intervenire immediatamente, sospendendo la responsabile dai suoi incarichi. È stata una decisione giusta, netta e senza ambiguità. La violenza, anche solo evocata, non può mai diventare linguaggio politico. Su questo non devono esistere esitazioni».

#DeboraPiazza #EllyShlein #Lega #Modena",politics and government,229,180,0.8945,1,silver,1,1
N_XHotYlw8s,ilmessaggero,"​Rita Dalla Chiesa e l'auto (regalo di Fabrizio Frizzi) rubata, preso il ladro","Prima le ruba l'auto, poi la riconsegna. Commettendo però un errore fatale: dimenticare all'interno del mezzo la sua bottiglia d'acqua. È grazie a quell'oggetto che i carabinieri sono riusciti a risalire al ladro della Micra rossa di Rita Dalla Chiesa, quella macchina «tanto amata» perché «un regalo di Fabrizio Frizzi».

E ora, a distanza di un anno dal colpo, è stata disposta la custodia cautelare in carcere per l'autore del furto: un 41enne filippino, già noto alle forze dell'ordine per numerosi precedenti.

I fatti risalgono allo scorso maggio. Rita Dalla Chiesa, conduttrice televisiva e deputata, non trovando più l'auto nel box, sporge denuncia ai carabinieri. Ma prima ancora che i militari individuino il responsabile, la conduttrice trova la Micra sotto casa, a Vigna Clara.

Una notizia che l'aveva resa felice a tal punto da diffondere la storia anche sui social. Nonostante il lieto fine, i carabinieri proseguono con le indagini. Grazie alle videocamere della zona, riescono a individuare il 41enne che, nella notte tra il 2 e il 3 maggio, entra a piedi nel condominio per poi uscire un'ora dopo a bordo dell'auto. Lo stesso uomo viene ripreso due giorni dopo, quando riconsegna la Micra. Ma anche in questo caso non è possibile identificarlo: troppo bassa la qualità delle immagini.

I militari però analizzano l'auto, alla ricerca di materiale biologico utile. Ed ecco che notano la bottiglia dalla quale prelevano del Dna. È su quell'oggetto che i Ris isolano un profilo genetico maschile. Inizialmente, l'inserimento nelle banche dati non dà alcun riscontro.

Ma ad agosto il dipartimento della pubblica sicurezza comunica che «il profilo Dna corrisponde» a un filippino già ai domiciliari al quale era stato anche sequestrato il cellulare. Dispositivo da cui i militari estrapolano ulteriori elementi per collegarlo al furto.

Tra le foto compaiono anche i pneumatici rubati alla vicina di Rita Dalla Chiesa, spariti nella stessa notte e per i quali la donna aveva sporto denuncia.

di Luisa Urbani","crime, law and justice",37,22,0.8313,1,silver,1,0
Nqwdg6tePSA,ilmessaggero,"La rivincita generazionale di Zerocalcare, il primo fumettista ad essersi preso il Circo Massimo","Non ha mai vinto un Mondiale, o uno scudetto, e non è un cantante. Ma Michele Rech, in arte Zerocalcare, c’è riuscito comunque, e si è preso il Circo Massimo. Con il concerto di Coez e Giancane, e la presentazione della nuova serie animata Netflix “Due Spicci” il fumettista romano ha intrattenuto più di diecimila persone nel luogo di celebrazione più iconico della Capitale, anche durante la partita della Roma. Durante l’evento, il pubblico ha giocato su centinaia di postazioni arcade in una grande partita collettiva, immergendosi al tempo stesso in altre attività ludiche e photo opportunity tematizzate. I fan hanno fatto squadra e si sono cimentati nel retro gaming nel corso della giornata, tra titoli classici degli anni ‘80 e ‘90 e un videogioco realizzato appositamente per l’occasione con i personaggi e le ambientazioni della Roma di Zerocalcare, fino ad accumulare, checkpoint dopo checkpoint, 1 miliardo di punti per sbloccare l’obiettivo finale: la proiezione in anteprima dei primi tre episodi della nuova serie Netflix, in arrivo in streaming dal 27 maggio. (Servizio a cura di Eva Carducci)","arts, culture, entertainment and media",1,1,0.5,0,silver,0,0
P13g8os-7JM,ilmessaggero,"Diesel a 20 centesimi per errore, code a un distributore in Alto Adige","Un guasto elettronico in una stazione di servizio ad Avelengo ha causato uno sconto involontario sul diesel, provocando scene di autentico caos. Lo riporta la Neue Südtiroler Tageszeitung. Secondo quanto emerso, per diverse ore il diesel è stato erogato in un distributore di Avelengo al prezzo di 19,9 centesimi al litro. Un' 'offerta speciale' che molti automobilisti non si sono lasciati sfuggire. Come confermato alla Neue Südtiroler Tageszeitung dalla sindaca Anna Plank, si sono verificate scene caotiche: si sono formate lunghe code di auto e alcuni clienti si sono presentati persino con delle taniche. La 'magia' è durata fino all'esaurimento delle scorte di carburante. «Cose del genere accadono molto raramente», afferma Walter Soppera, presidente dei gestori delle stazioni di servizio dell'Alto Adige. La causa dell'involontario sconto sul carburante ad Avelengo è stata un errore elettronico. «La stazione di servizio in questione è una cosiddetta 'ghost-station' (stazione fantasma)"", spiega Soppera. Si tratta di distributori self-service in cui non è presente alcun gestore o dipendente. Nelle stazioni fantasma, l'aggiornamento dei prezzi sui tabelloni elettronici avviene tramite teleassistenza direttamente da parte dei fornitori di carburante. Nel caso di Avelengo, durante l'aggiornamento si è verificato un errore elettronico nella sede centrale di Milano: invece di 1,999 euro, è stato inserito 0,199, causando al gestore un danno di circa 10.000 euro. «Dato che però non è stata colpa sua, spetterà probabilmente alla sede centrale di Milano risarcire il danno», afferma Soppera. Nella stazione di servizio sono presenti telecamere di sorveglianza, ma secondo Soppera i clienti non possono essere perseguiti: «Non hanno fatto nulla di illecito, il prezzo esposto era effettivamente quello più basso». 

#diesel #benzina #guasto","economy, business and finance",43,18,0.8132,1,silver,1,0
PJ6OrEAjTZY,ilmessaggero,"Marios Oikonomou, incidente in moto in Grecia: è gravissimo","Marios Oikonomou, trentatreenne ex calciatore  con un lungo trascorso nei campionati italiani, si trova ricoverato in gravi condizioni a Giannina, la sua città natale in Grecia a seguito di un incidente è avvenuto nella mattinata di sabato 23 maggio. 

La moto di Oikonomou si è scontrata con la vettura di un automobilista di 63 anni. L'impatto si è verificato proprio nei pressi dell'ospedale locale, dove il personale sanitario è intervenuto immediatamente riscontrando serie lesioni cranio-encefaliche. Oikonomou è stato sottoposto a un'operazione chirurgica d'urgenza ed è attualmente monitorato nel reparto di rianimazione.

La notizia ha trovato rapida eco sia in Grecia sia in Italia, dove il giocatore classe 1992 ha vissuto una parte significativa della propria carriera professionistica. Arrivato nel calcio italiano, ha vestito le maglie di Cagliari, Bologna, Spal, Bari e Sampdoria. Tra i momenti più rilevanti della sua esperienza nel Paese c'è stata la stagione 2014-2015, quando ha contribuito da protagonista alla promozione del Bologna dalla Serie B alla massima serie. 

#oikonomou #grecia #incidente","disaster, accident and emergency incident",15,2,0.4397,0,silver,0,0
PUNX_r7RRtQ,ilmessaggero,"Garlasco, il giudice che scagionò Stasi: «L'ho assolto per i troppi dubbi»","Le aspettative di giustizia che provengono dall’opinione pubblica possono far vivere l’assoluzione per ragionevole dubbio come una sconfitta. Invece è la vittoria di uno Stato liberal democratico, di un ordinamento verifica attentamente gli indizi e animato dal dubbio finale preferisce correre il rischio di avere un colpevole fuori, che un innocente dentro al carcere». Stefano Vitelli è il magistrato che il 17 dicembre 2009, nella veste di gup del Tribunale di Vigevano, assolse in primo grado Alberto Stasi dall’accusa di omicidio, basandosi sul principio del ragionevole dubbio che ha ispirato il libro scritto con il giornalista Giuseppe Legato: “Il ragionevole dubbio di Garlasco”.

Perché questo caso appassiona tanto l’opinione pubblica? Si sono create delle tifoserie quasi da stadio tra Stasi e Andrea Sempio, tra colpevolisti e innocentisti.

«Affascina un po’ tutti perché c’erano le indagini sul “biondino dagli occhi di ghiaccio”, l’alibi che prima viene ritenuto falso e poi si scopre che è vero, le assoluzioni, poi le condanne e quindi dopo anni, con Stasi in carcere, una prima riapertura delle indagini. Poi questa ultima inchiesta, con l'emersione di un nuovo indagato. Il caso Garlasco però non è solo un processo mediatico, l’ossessiva ricerca di soluzioni all’enigma di questo misterioso delitto. Rappresenta un formidabile esempio di come il ragionevole dubbio non sia un principio astratto, un tecnicismo accademico, ma una garanzia reale che riguarda la vita di tutti noi».

Si è passati da Stasi definito il biondino dagli occhi di ghiaccio, a Sempio dipinto come un solitario represso. Quanto questa narrazione può influire su un processo in cui c’è stata o ci sarà una giuria popolare?

«In Stasi c’era sicuramente anche questa narrazione più semplificante, alimentata per esempio dalla telefonata al 118: secondo molti la sua voce distaccata e i termini usati erano sintomo di una sospetta freddezza; veniva giudicata negativamente la circostanza che non si fosse sincerato delle condizioni della fidanzata ma fosse scappato e avesse chiamato i soccorsi solo vicino alla caserma dei carabinieri. Ha giocato un ruolo forte nel processo mediatico, con possibili riflessi sul processo reale, anche la questione della pornografia. Penso che fra le ragioni per cui la difesa di Stasi abbia scelto il rito abbreviato si volesse evitare un giudizio “morale” da parte dei giudici popolari». 

Quanto ha influito nella sua decisione la testimonianza della vicina di casa Franca Bermani che con sicurezza in aula disse che la bici nera appoggiata al muro davanti alla villetta dei Poggi alle 9,10 del 13 agosto 2007 “non era quella di Stasi”?

«Questo è stato un momento saliente, ma in realtà tutto il processo ha avuto questa particolarità: quando pensavi di essere arrivato a un elemento indiziario forte, si squagliava, perdeva forza una volta che lo approfondivi. La testimone descrive una bicicletta diversa da quella di Stasi e lì si pone un buco nero rispetto alla questione di chi fosse quella bicicletta. La sua impronta sul dispenser del sapone in bagno, nel momento in cui è stata approfondita ha perso forza perché il perito disse che dubitava fortemente che l’assassino si fosse lavato in quel lavandino. L’alibi informatico da un elemento indiziario forte contro di lui, divenne una prova a suo favore molto forte».

Nel libro spiega che un alibi che si rivela falso è un indizio grave a carico dell'indagato. Non le chiederò dell'alibi dello scontrino di Sempio ritenuto appunto falso dai pm di Pavia, ma il fatto che nella prima inchiesta si era pensato che Stasi mentisse, quando diceva che era al pc, ha portato a non indagare in altre direzioni? 

«È una forte anomalia avere scoperto l’alibi vero a distanza di due anni, perché normalmente una delle prime verifiche che si fa nei confronti di un sospettato è chiedere: a quell'ora dov'eri?». E sulla base della verifica di quella risposta orienti le indagini. A volte la pressione mediatica porta gli inquirenti alla cosiddetta “visione a tunnel”, cioè prendi una strada e difficilmente la cambi, anche se si verificano non coerenti con la tua ipotesi».

Il movente che ruolo gioca in un processo?

«È un collante fra gli elementi indiziari raccolti, che può avere un significato rafforzativo dell'impianto indiziario. Nella valutazione mia e della prima Corte d’appello è stato privilegiato un approccio volto a selezionare il singolo indizio e valutare se avesse un’autonoma forza, e se non ce l'aveva andava eliminato. Invece l’approccio dei giudici che hanno portato alle condanne di Stasi è stato più olistico: si è guardato alla quantità e alla convergenza di plurimi indizi che, anche se con singole criticità, si sono sommati e rafforzati. Ultimamente si tende a preferire il primo approccio».

#AlbertoStasi #Garlasco #ChiaraPoggi","crime, law and justice",41,14,0.7939,1,silver,1,1
P_vphIRGy3c,ilmessaggero,"Roma, ha un infarto in strada: salvato da due medici. «Grazie al defibrillatore»","È crollato a terra, il battito si è fermato. Ma non il destino, che ha scelto mani sapienti e occhi attenti rimasti impigliati in un totem di speranza: un defibrillatore installato mesi prima in strada, in piazza dei Gerani, nel cuore di Centocelle. L’ultimo fotogramma della storia è una folla di abitanti che esplode in un applauso non appena capisce che il cuore di quell’uomo, un settantenne, ha ricominciato a battere. Il primo, è un’auto che si ferma in via dei Castani: il guidatore apre la portiera, scende e perde i sensi. Ha capito che si stava sentendo male, è riuscito a frenare. A bordo i due figli, che gridano, chiedono aiuto. La Roma solidale della periferia risponde, immediatamente. 

GLI ANGELI SENZA ALI
«Alcuni residenti sono corsi nello studio dei medici di famiglia che dista solo pochi passi» racconta Simone, il gestore del vicino chiosco di fiori. La prima a uscire è stata la dottoressa Tiziana Rea, poi è arrivato il suo collega, Mina Mikhail, 39 anni, di origini egiziane, che per sei anni è stato anche medico del 118. «Tiziana ha iniziato subito a praticare la respirazione cardiopolmonare - racconta il medico - poi abbiamo coordinato insieme il salvataggio, c’era anche un mio amico infermiere». La dottoressa Rea non ha mai interrotto il massaggio cardiaco e spiega: «Quell’uomo non era cosciente, non c’era polso, non respirava, ho effettuato la respirazione cardiopolmonare, chiesto di chiamare 118 e di portarmi il defibrillatore».

Rea ha svolto anche diversi corsi di primo soccorso: «Fondamentali per controllare l’emotività». «Abbiamo mantenuto la calma - aggiunge il suo collega - siamo rimasti lucidi, tutta Centocelle si è trasformata in una unica squadra. La responsabile del vicino centro di analisi ci ha chiesto cosa servisse: “una maschera con l’ossigeno e una cannula per mantenere aperte le vie aeree” abbiamo risposto. Ho dato una scarica, solo una, ha ricominciato a respirare: era andato in arresto cardiocircolatorio, un minuto in più e non ce l’avrebbe fatta».

«Poi - aggiunge Rea - abbiamo continuato in sinergia a lavorare con il massaggio e la respirazione bocca a bocca fino a quando non è arrivata l’ambulanza del 118». Per diversi minuti gli angeli senza ali di Centocelle hanno continuato a soccorrere l’uomo. «Era già cosciente durante il trasporto in ospedale - raccontano - il defibrillatore gli ha salvato la vita». «Abbiamo fatto il nostro dovere - sottolinea Rea - noi medici di famiglia non firmiamo solo ricette, crediamo nel nostro lavoro». Una vita salva grazie ai due camici bianchi e al quartiere che lo scorso anno ha avuto l’idea di trasformare via dei Castani nella prima strada cardioprotetta della Capitale.

«Come Rete Imprese Castani abbiamo vinto il bando della Regione Lazio “Le strade del commercio” - spiega la presidente Monica Paba - fondi per 100 mila euro: abbiamo investito 15 mila euro per l’acquisto di cinque defibrillatori installati in piazza di San Felice di Cantalice, piazza dei Mirti, piazza Teofrasto, via dei Castani e a piazza dei Gerani, quello utilizzato dai due medici». Non solo. «Abbiamo sottoscritto un protocollo d’intesa con la Clinica Guarnieri che ha pagato il corso Blsd (Basic Life Support and Defibrillation) ai docenti delle scuole Artemisia Gentileschi e di via dei Sesami, ma anche a 40 commercianti di via dei Castani. Sono davvero felice che i nostri defibrillatori abbiano salvato una vita». Il giorno dopo il salvataggio, i familiari dell’anziano sono andati a ringraziare i dottori. «Ci hanno portato dei dolci» racconta commosso Mikhail. E hanno ringraziato tramite social anche Monica Paba. «La figlia mi ha chiamata - spiega la dottoressa Rea - era commossa, ora voglio incontrare il papà non appena starà meglio». 

Anche all’Eur i residenti si stanno impegnando per diventare un quartiere cardioprotetto. «Gli organizzatori della Formula E ci hanno donato 5 defibrillatori: tre sono stati messi nelle stazioni dei vigili, dei carabinieri e della polizia - spiega Paolo Lampariello, presidente di Ripartiamo dall’Eur - altri due sono stati sostituiti dal IX Municipio». «Ne abbiamo presi altri di ultima generazione - spiega Augusto Gregori - vicepresidente del IX - a fine giugno ne installeremo 3 o 5, saranno tutti in strada, proprio come in via dei Castani».

#malore #defibrillatore #Roma",health,13,2,0.4474,0,silver,0,0
QcW2Q41IpZI,ilmessaggero,"Shana Fringoni, pilota Ryanair: «Ora sono la prima donna reatina su un aereo di linea»","RIETI - Shana Fringoni, l’ultimo impegno prima della “cerimonia delle ali”, che lo scorso maggio l’ha fatta atterrare direttamente a Dublino, al quartier generale di Ryanair, lo ha affrontato il 12 maggio, quando è salita a bordo del simulatore del Boeing 737 Max, dichiarando definitivamente concluso il percorso di addestramento con il quale, ormai dal 16 febbraio, era impegnata per completare la preparazione da pilota di aerei di linea ed entrare a far parte della compagnia irlandese.

Fringoni, qual è la prossima meta professionale?
«A poca distanza dal traguardo dei trent’anni (a novembre, ndr.), mi appresto a indossare l’agognata divisa di secondo ufficiale, divenendo la prima donna pilota di linea della città di Rieti».

Quando è nato il suo sogno?
«Un sogno accarezzato fin da bambina, che mi ha fatto approdare alla scuola di volo romana Aviomar, dove in quasi tre anni ho completato i 13 esami teorici, alternati a quelli pratici, prima di ottenere una risposta positiva in seguito al colloquio effettuato con Ryanair». 

Come ci si sente a essere la prima donna reatina al comando di un aereo di linea?
«È senz’altro una grande soddisfazione. Spero di poter fare da apripista per altre donne, in un mondo a trazione prevalentemente maschile».

Dove nasce la sua passione per il volo?
«I miei genitori mi hanno sempre dato la possibilità di viaggiare e credo di essermi innamorata del volo già durante il primo, effettuato a otto anni. Da quel momento, ogni volta che sono salita su un aereo, è sempre stato un sogno: credo sia lì che mi sono resa conto di aver sempre voluto fare questo nella vita».

#IlMessaggero #ragazza #pilota #rieti #ryanair #aereo",sport,83,29,0.8327,1,silver,1,0
Re8gVvm24ZU,ilmessaggero,"Maldive, l’intervista alla super-sub finlandese: «Le cause della tragedia? C’è stato errore umano»","«Ci hanno chiesto di aiutare, sapevamo di avere le competenze necessarie per entrare in quella grotta in sicurezza. Cosa è successo? Presto per dirlo, ma in questi casi spesso conta l’errore umano». Jenni Westerlund, 38 anni, è la più giovane del team di super specialisti di speleosubacquea finlandesi (gli altri sono Sami Paakkarinen e Patrik Grönqvist). Quando sugli smartphone sono giunte le richieste di aiuto della fondazione Dan Europe che proponeva di salire su un aereo e andare alle Maldive per recuperare i corpi dei quattro italiani morti nelle grotte, non hanno esitato e hanno detto: «Ok, andiamo». Il giorno prima un coraggioso sommozzatore delle forze di difesa maldiviane era morto durante le ricerche. Servivano i migliori speleosub al mondo e servivano le migliori attrezzature. Jenni Westerlund ha una rodata esperienza alle spalle: partecipò alla missione, guidata da Sami, che andò a riprendere i due amici morti nelle grotte in Norvegia, sfidando il divieto del governo locale. Lei, così come Sami e Patrik, non ha chiesto un compenso. Quando sempre da Dan Europe hanno mandato un messaggio sull’argomento, i tre finlandesi non hanno neppure risposto. Erano già in viaggio per l’aeroporto di Stoccolma. Da lì, facendo varie tappe, sono arrivati all’atollo di Vaavu, hanno preparato l’attrezzatura, dagli scooter ai rebreather, e si sono immersi a oltre sessanta metri nelle grotte di Dhekunu Kandu. Il primo giorno hanno individuato i quattro corpi, il secondo hanno riportato in superficie i primi due, il terzo gli altri due. Ieri hanno svolto l’ultima esplorazione nelle grotte, le informazioni che hanno raccolto saranno utili per aggiornare le mappe, che di fatto non esistono. Questa sera torneranno in Scandinavia.

Quali difficoltà aggiuntive ha posto questa missione?

«Avevamo pochissimo tempo per organizzarci: eravamo in vacanza in Svezia e ci è arrivata la chiamata. Per fortuna, anche lì abbiamo amici fidati e siamo riusciti a procurarci l’attrezzatura più adatta a quel tipo di ambiente. Ci siamo mossi in fretta, con quello che avevamo».

L'intervista completa di Mauro Evangelisti https://www.ilmessaggero.it/mondo/maldive_errore_umano_sub_finlandese_cosa_ha_detto-9546630.html?refresh_ce 

#IlMessaggero #maldive #sub","disaster, accident and emergency incident",27,4,0.6323,0,gold,0,0
Rm-8FjCgI0k,ilmessaggero,"​Davide Cavallo accoltellato a Corso Como, condannato a 20 anni l'aggressore","Vent'anni anni di reclusione per Alessandro Chiani e dieci mesi per Ahmed Atia che verrà scarcerato. Lo ha deciso il gup di Milano Alberto Carboni che ha condannato i due maggiorenni responsabili di aver aggredito e accoltellato in concorso con tre minorenni, il 12 ottobre scorso in zona Corso Como, lo studente bocconiano di 22 anni Davide Cavallo, provocandogli danni permanenti. «Il giudice ha riconosciuto il tentato omicidio» pluriaggravato, ha affermato a margine della sentenza l'avvocato Guglielmo Gulotta che assiste Chiani, il 18enne che ha sferrato le coltellate, annunciando ricorso. Cade invece l'accusa di rapina e tentato omicidio nei confronti di Atia, riqualificata in omissione di soccorso. La procura di Milano aveva chiesto 12 anni per Chiani e 10 per Atia. In aula era presente la vittima accompagnata dal padre. «Il giudice è stato più severo della vittima», ha concluso Gulotta. 

Davide Cavallo, prima della Camera di Consiglio nel processo contro i due aggressori che lo hanno gravemente ferito lo scorso ottobre a Milano, ha chiesto al giudice di potersi avvicinare e abbracciare i due imputati. Cosa che poi è avvenuta.

I tre hanno anche a lungo parlato. Al termine dell'udienza Davide Cavallo è uscito scortato dai genitori e non ha voluto parlare. 

«Il padre non è il figlio, il figlio ha perdonato. Il padre e la madre non riescono». Lo afferma Luca Degani, avvocato del padre di Davide Simone Cavallo, a margine dell'udienza del processo con rito abbreviato che vede imputati Alessandro Chiani e Ahmed Atia per tentato omicidio. «Sentirsi dire che una coltellata è stata data per un gioco alle due di notte è qualcosa che ti fa davvero dire 'basta': c'è un limite anche al diritto di difesa», aggiunge Degani. «Ma non comportiamoci come se non vi fosse una colpa, come se non vi fosse una parte lesa e come non vi fossero dei genitori e dei ragazzi che hanno distrutto la loro vita», sottolinea il legale. «Anche i due imputati hanno distrutto la loro vita e vederli fa impressione perché sono dei ragazzini, bisogna dirlo, ma bisogna dire anche quello che è successo: che alle 2 di notte o alle 3 di notte in corso Como dei ragazzi italiani hanno chiesto una sigaretta, hanno portato via 50 euro e hanno accoltellato un loro coetaneo», conclude Degani.","crime, law and justice",23,18,0.8308,1,silver,1,1
RutDfbvSCpY,ilmessaggero,"Istat: 6,6 milioni di persone desiderano figli ma rinunciano ad averli","Nell'Italia con la natalità ai minimi storici, 6,6 milioni di persone dichiarano di aver rinunciato ad avere bambini che desiderano. L'Istat segnala come tra i 9,8 milioni di persone tra i 18 e i 49 anni che esprimono l'intenzione di non avere figli in futuro, solo una piccola parte affermi che i bambini non rientrano nel proprio progetto di vita (il 5,5%). Tre su dieci hanno già i figli che desiderano, mentre la quota più ampia ha rinunciato ad avere i figli desiderati (62,2%) per problematiche di varia natura, a partire dalla sfera economico-lavorativa. 

Per quasi 2,8 milioni di persone, cioè oltre quattro su dieci tra coloro che non intendono diventare genitori o avere altri figli, il peso delle difficoltà economiche o la mancanza di certezze lavorative impediscono che il desiderio diventi intenzione (nel 32,7% per difficoltà economiche, nel 9,% per mancanza di certezze lavorative). Le donne più degli uomini percepiscono come ostacolo l'incertezza lavorativa (13,6% contro il 4% degli uomini); gli uomini, invece, le difficoltà economiche (39,3% contro il 27,6% delle donne). 

Anche l'impegno di cura verso i propri genitori frena le prospettive genitoriali. Più di una persona su dieci, tra coloro che non intendono avere figli, è così impegnata nel curare i genitori anziani da rinunciare a un progetto di genitorialità (11,5%), una quota decisamente superiore a quella di chi rinuncia per curare i figli già avuti (1,7%). 

L'impatto della cura dei genitori anziani si manifesta in modo consistente dai 35 anni e la prospettiva di prendersi cura contemporaneamente della generazione precedente e di quella successiva fa sì che 763 mila persone rinuncino a progetti di fecondità. 

Per 1,3 milioni di persone, il desiderio è stato rinviato così a lungo da non potere più essere realizzato: per loro, la decisione di non avere figli deriva principalmente da problemi di età (19,7% di chi non intende avere figli a causa di difficoltà nel realizzare il proprio desiderio). 

La posticipazione della genitorialità verso età più avanzate (nel 2025 l'età media al parto è di 32,7 anni) determina una crescente incidenza di nascite da madri over 40. Tuttavia, dopo questa soglia di età la probabilità di concepire naturalmente si riduce drasticamente. 

Le tecniche di procreazione medicalmente assistita (pma) nel 2023, hanno contribuito per il 3,9 per cento alla fecondità totale, un valore quasi raddoppiato nell'arco di un decennio (dal 2,1 per cento del 2013). Nel 2025 il numero medio di figli per donna è calato nuovamente, passando da 1,18 del 2024 al minimo storico di 1,14. Il tasso di crescita della popolazione è prossimo allo zero, ma in miglioramento rispetto al biennio precedente (-0,5 per mille del 2024 e -0,4 per mille nel 2023) grazie alla dinamica migratoria. Il saldo naturale tra nascite e decessi continua comunque a essere negativo (-296 mila unità). 

#ilmessaggero #istat #milioni #figli 


#ilmessaggero #istat #italia #figli",society,13,10,0.7996,1,silver,1,0
THWNu-DUS_k,ilmessaggero,"Martina Rossi, un milione di risarcimento ai genitori: la ragazza era morta a Palma di Maiorca","Il dolore, il processo e ora un maxi-risarcimento. Il tribunale civile di Arezzo ha condannato Alessandro Albertoni e Luca Vanneschi a risarcire con oltre un milione di euro i genitori di Martina Rossi, la studentessa genovese morta a 20 anni il 3 agosto 2011 precipitando dal balcone di un hotel a Palma di Maiorca mentre, secondo la sentenza penale definitiva, tentava di sfuggire a un tentativo di violenza sessuale: lo riporta oggi il Corriere di Arezzo.

La sentenza del giudice civile Fabrizio Pieschi, depositata ieri, stabilisce un risarcimento di 489.836 euro alla madre Franca Murialdo, 457.563 euro al padre Bruno Rossi e altri 74.531 euro da corrispondere congiuntamente ai due genitori per danni patrimoniali e per la tentata violenza.

Albertoni e Vanneschi erano stati condannati in via definitiva a tre anni di reclusione per tentata violenza sessuale ai danni di Martina Rossi. Il giudice civile ha stabilito che, sebbene il reato di «morte come conseguenza di altro delitto» sia stato dichiarato prescritto in sede penale, nel giudizio civile è stato accertato, secondo il criterio civilistico del «più probabile che non», escludendo un concorso di colpa della vittima. La sentenza è immediatamente esecutiva, ma impugnabile in appello attraverso il quale i difensori di Albertoni e Vanneschi, i quali hanno sempre negato l'accusa contestata, possono chiedere la sospensiva dell'esecutività. «Questa sentenza è la naturale conseguenza della condanna penale» - ha commentato oggi il padre di Martina Bruno Rossi. Finora Albertoni e Vanneschi non si sono mai fatti vivi e non hanno mai chiesto scusa ed hanno versato in un fondo dedicato solo mille euro. La nostra punizione però non finisce mai». 

#MartinaRossi #PalmaDiMaiorca #risarcimento","crime, law and justice",93,55,0.8637,1,silver,1,1
TVXaBVk9zCM,ilmessaggero,"Iran, c'è l'accordo con gli Usa: tregua di 60 giorni, stop sanzioni sul petrolio e Hormuz riaperto","Stretta finale su un accordo tra Stati Uniti e Iran per una proroga alla tregua di 60 giorni, durante la quale lo Stretto di Hormuz verrebbe riaperto, l'Iran potrebbe vendere liberamente petrolio, si terrebbero negoziati per limitare il programma nucleare iraniano e le ostilità verrebbero interrotte anche in Libano. Questi, secondo Axios, sarebbero i capisaldi dell'intesa ""ormai pronta"", secondo quanto annunciato ieri sera dal presidente Donald Trump e confermato oggi da fonti vicine a Teheran.

Durante i 60 giorni, Hormuz verrà aperto senza pedaggi e l'Iran acconsentirà a rimuovere le mine che ha dispiegato nello stretto per consentire alle navi di passare liberamente. In cambio, gli Stati Uniti revocherebbero il blocco sui porti iraniani e concederebbero alcune deroghe alle sanzioni per consentire a Teheran di vendere liberamente il petrolio. Secondo il New York Times è previsto anche lo sblocco di beni iraniani all'estero per 25 miliardi di dollari. Al tempo stesso, aggiunge il quotidiano, l'Iran si impegna a rinunciare alle proprie scorte di uranio altamente arricchito: le modalità precise con cui saranno cedute saranno definite nel prossimo ciclo di colloqui.

Elementi di fatto tutti appena confermati dall'agenzia di stampa iraniana Tasnim, considerata molto vicina ai pasdaran: stop alle ostilità in tutta la regione, sblocco dei beni iraniani all'estero e 60 giorni per negoziare sul nucleare (nodo su cui ""Teheran non ha preso alcun impegno"") mentre si precisa che ci vorranno 30 giorni per le procedure legate allo sblocco di Hormuz.

Il Pakistan ha espresso forte ottimismo su una conclusione positiva dei negoziati che, al di là delle schermaglie, sembrano davvero alle battute finali con le diplomazie al lavoro per limare gli ultimi dettagli del memorandum.

#Usa #Iran #Hormuz",politics and government,45,24,0.8324,1,silver,1,1
U-mtkfBYfZQ,ilmessaggero,"Ladro entra in cortile e ruba i panni dallo stendino, incastrato dalle telecamere","Ruba dallo stendino i panni stesi: incastrato dalle telecamere. La scena, indubbiamente assurda, è stata immortalata attorno alle 5 del mattino, fra lunedì e martedì, in via Tronconi, non lontano dal centro Luna di piazza Vienna. Qui, in una graziosa villetta, è stato immortalato in due diverse riprese un individuo che entra nella proprietà e prende dallo stendino in giardino vari panni stesi. Una scelta indubbiamente ragionata, effettuata censendo accuratamente gli oggetti da asportare.

L'incredibile immagine è stata pubblicata sui social della città dalla proprietaria dell'abitazione, S.M., suscitando reazioni allarmate e arrabbiate. In tanti si sono espressi apertamente, altri le hanno scritto in privato. L'indignazione, comunque, è generale. «Non essere nemmeno più liberi di stendere il bucato dentro il proprio giardino -scrive la donna- Non ho più parole».

Poi aggiunge: «Privatamente, dopo la mia segnalazione, ho ricevuto notizie di altre persone che hanno avuto furti simili -prosegue la donna- A qualcuno ad esempio sono sparite le scarpe lasciate in cortile. A me invece è stata portata via una vestaglia ricamata a cui tenevo particolarmente, ma non solo. È sparita una felpa di mia figlia, mentre altre due le ho trovate in giardino: forse il tipo è stato disturbato dal mio vicino, che si alza alle cinque. Sono stati rubati però anche dei jeans, un asciugamano, i pantaloni di mia figlia di felpa. Provo un grande dispiacere sia per il furto in sé sia nel sapere che le persone entrano tranquillamente senza farsi grossi problemi». E S.M. non rappresenta certo un caso isolato: «Da quando ho pubblicato la mia segnalazione -aggiunge- varie persone mi hanno scritto. Ad esempio, uno ha riconosciuto il proprio cappellino, uguale a quello che aveva addosso l'individuo che è entrato da me. Un altro ha detto che gli è stata rubata una bici nei giorni scorsi: le sue telecamere non hanno immortalato il volto, ma le scarpe sono assolutamente le stesse del ladro entrato in casa mia. Insomma, c'è qualcuno che sistematicamente fa la spesa nelle proprietà delle persone».

Per quanto riguarda la denuncia ai carabinieri, aggiunge: «Non la faccio, perché altri mi hanno detto che per queste cose neppure si muovono». Oltre a tutto, c'è chi ha messo in guardia la donna. Perché pubblicare il video in cui il ladro può essere riconosciuto rischia di rappresentare una violazione della privacy.

di Laura Bon","crime, law and justice",58,36,0.8513,1,silver,1,1
V25e7Y9PJg8,ilmessaggero,"Maldive, gli italiani morti «nella grotta senza le torce»","«Nelle grotte mappate c'è sempre un cartello con un teschio e una scritta chiara: non andare oltre questo limite senza uno specifico brevetto». A Dhekunu Kandu, invece, quel limite non esisteva. Nessuna cartina, nessuna mappatura ufficiale, solo cunicoli sommersi che si infilano nel buio oltre i sessanta metri di profondità. È da qui che parte una delle ipotesi più forti sulla morte dei cinque sub italiani avvenuta giovedì scorso alle Maldive: uno smarrimento progressivo dentro la grotta, aggravato da attrezzature non adeguate per un'immersione speleosub, compresa la mancanza di torce per tutti.

Ieri il team finlandese di Dan Europe ha completato il recupero degli ultimi due corpi. Un lavoro fatto senza compensi. «I tre finlandesi non hanno chiesto di essere pagati», racconta Cristian Pellegrini di Dan Europe, l'organizzazione che ha coordinato la missione insieme all'ambasciata italiana e alle autorità maldiviane. «Noi come fondazione no profit abbiamo coperto tutte le spese operative ai tre esperti e diverse istituzioni starebbero valutando un riconoscimento ufficiale per il coraggio dimostrato da Sami Paakkarinen, Jenni Westerlund e Patrik Grönqvist». La priorità era riportarli a casa, dicono i tre, in maniera dignitosa: «Un pensiero va alle famiglie. Non siamo eroi, siamo solo subacquei».

Ma mentre le salme rientrano in Italia e la Procura di Roma apre un fascicolo per omicidio colposo contro ignoti, emergono dettagli che non tornano. «Non credo che quella fosse una grotta particolarmente pericolosa - racconta Pellegrini, che ha seguito le operazioni a distanza, in continuo collegamento con il team operativo - ma senza attrezzature adeguate è un attimo perdere l'orientamento». Il riferimento è soprattutto alle torce. Secondo i primi rilievi solo due delle vittime ne avevano una con sé. Ma nelle immersioni speleosub la regola impone almeno tre fonti di luce per ogni subacqueo. Perché dentro la grotta, spiegano i soccorritori, quella naturale sparisce completamente già dopo i primi metri.

#Maldive #sub","disaster, accident and emergency incident",72,22,0.8177,1,silver,1,1
VXp6qw86mSo,ilmessaggero,"Flotilla, il deputato M5s Carotenuto: «C'è chi ha subito violenza sessuale, anziani torturati»","«Mi hanno tenuto per 6 ore in una stanza con l'aria condizionata a 17 gradi sparata in faccia, seduto su una sedia. E questo è stato il trattamento di 'favore' che mi hanno riservato. Poi mi hanno portato in aeroporto con le manette alle mani e ai piedi, facendomi passare davanti a tutti come se fossi un criminale». É il racconto del deputato del M5s Dario Carotenuto, che era tra gli italiani sulla Flotilla abbordata da Israele, appena sbarcato a Fiumicino. «Non ho visto il video di Ben Gvir, non avevo strumenti per vederlo - ha aggiunto rispondendo ad una domanda dei cronisti - ma Ben Gvir è un ministro di Netanyahu e dunque rappresenta il governo di Israele». Un governo che ha un «disegno, che è il grande Israele e che va avanti ben prima del 7 ottobre».

«Volevo essere un testimone di quello che accadeva e cercare di proteggere i ragazzi. Mi spiace che siano ancora là loro. Ci hanno diviso in un momento pesante. Ci hanno chiamato a me e Mantovani, per numero di matricola, con i mitra spianati: ci hanno chiesto di avanzare con le mani alzate, fuori dai container, e poi di girarci. Sono stati forse i secondi più lunghi della mia vita: poi ci hanno preso per il collo e ci hanno diviso. Non ho più saputo più nulla degli altri compagni», ha detto.


«Ho sentito l'Unita' di Crisi della Farnesina - ha aggiunto - li voglio ringraziare, hanno fatto quello che potevano. Ma è la politica che non fa abbastanza. Ho saputo di Mattarella stanotte alle 3 dall'ambasciatore italiano in Grecia e lo ringrazio. Non avevamo notizie di alcun tipo e non potevamo comunicare. Mi hanno privato anche del portafoglio in Israele e me lo hanno ridato nel bagaglio in stiva che doveva arrivare direttamente a Roma, neanche ad Atene. Torture fino alla fine. Tutte le istituzioni dovrebbero cogliere questo segnale di pace e di speranza per un futuro migliore: stiamo offrendo solo prospettive di guerra. Questi ragazzi stanno invece piantando semi di pace», ha concluso abbracciato dai colleghi deputati.",politics and government,282,224,0.8983,1,silver,1,1
Vdbn1uJas6U,ilmessaggero,"Belgio, scuolabus travolto da un treno su un passaggio a livello. «Almeno 4 morti»","È di almeno quattro morti, tra cui due adolescenti, il bilancio provvisorio dell'incidente avvenuto in Belgio, dove un treno si è scontrato con uno scuolabus a un passaggio a livello nei pressi di Buggenhout. Lo ha riferito all'emittente Rtl il ministro dei Trasporti Jean-Luc Crucke. Tra le vittime ci sono anche l'autista del bus e un adulto che accompagnava gli studenti, ha precisato il ministro, aggiungendo che altre due persone sono rimaste gravemente ferite.

#scuolabus #treno #Belgio","disaster, accident and emergency incident",10,1,0.0635,0,silver,0,0
YYZ5MuKyeyQ,ilmessaggero,"Famiglia nel bosco, Catherine incontra i tre bambini: «Quando torniamo a casa con i nostri animali?»","Si sono riabbracciati in un luogo neutro, lontano dalla casa famiglia di Vasto che li ospita da circa sei mesi. Un incontro carico di emozione tra Catherine e i suoi tre bambini. Momenti di dolcezza, ma anche domande difficili. «Quando torniamo a casa, nel bosco, con i nostri animali?» hanno chiesto i piccoli. La madre, nonostante la situazione complessa, appare equilibrata. Chi la segue la descrive come ""fiduciosa"" nei confronti del nuovo difensore Simone Pillon e capace di gestire con lucidità i rapporti familiari. «Ha ricominciato a sorridere», raccontano gli amici. Resta forte la speranza di un ricongiungimento. Il 20 novembre 2025 a lei e al marito Nathan è stata sospesa la responsabilità genitoriale. Il procedimento, aperto al Tribunale per i minorenni dell'Aquila, è ora in una fase decisiva. Si attende la relazione finale della consulente tecnica d'ufficio, la psichiatra Simona Ceccoli, prevista per giugno.

Nel frattempo sono state depositate le note critiche dei consulenti di parte, lo psichiatra Tonino Cantelmi e la psicologa Martina Aiello. Le loro valutazioni sono state sottoposte all'attenzione di esperti come il neuropsichiatra infantile Massimo Ammaniti, la neuropsicologa Daniela Chieffo e la psicologa forense Anna Maria Giannini. Secondo Cantelmi e Aiello, la bozza di relazione della ctu presenta ""15 criticità"". Ceccoli ha rilevato una «incapacità genitoriale» e «fragilità profonde» tali da aver determinato «un'immaturità neuropsicologica dei bambini». Valutazioni che, secondo la difesa, presenterebbero incongruenze metodologiche. Il nodo centrale è uno: le uniche osservazioni cliniche dirette sui minori sono quelle effettuate dall'équipe di neuropsichiatria infantile. Si tratta dell'unico momento in cui i bambini sono stati osservati direttamente insieme ai genitori. La stessa Ctu richiama quella valutazione proprio per sopperire alla mancata osservazione diretta. Eppure, secondo i consulenti di parte, le conclusioni finali della perizia si discostano da quelle risultanze, basandosi in larga parte su valutazioni indirette. «Si osserva una marcata divergenza tra le risultanze della Npi e le conclusioni espresse nella relazione peritale», si legge nella controperizia. Secondo l'équipe di neuropsichiatria infantile, infatti, i genitori «rappresentano un valido riferimento per i bambini» e mostrano «un'interazione emotiva adeguata, con un buon livello di empatia e una sostanziale adeguatezza nelle aree emotivo-relazionali». Non solo. Nella stessa relazione si sottolinea come sia «indispensabile favorire e ripristinare una continuità dei legami familiari».

Ieri, intanto, Pillon ha chiarito: «Contrariamente ad alcune indiscrezioni, non risulta sia stata effettuata alcuna iscrizione dei bambini presso alcuna scuola per il prossimo anno scolastico».

#FamigliaNelBosco #Abruzzo #Palmoli",society,62,36,0.85,1,silver,1,1
YmUOlS_fcgc,ilmessaggero,"Nato, la Germania: «Ci assumiamo nostre responsabilità di leadership»","Da Berlino arriva forte e chiaro un messaggio alla Nato: «Siamo pronti a diventare leader». Alla luce del ridimensionamento delle truppe Usa in Europa, è il ministro degli Esteri tedesco Johann Wadephul a lanciare la candidatura della Germania prima di un incontro dei ministri degli Esteri della Nato a Helsingborg: «La Germania si assume le proprie responsabilità di leadership. È chiaro: man mano che le capacità europee aumentano, anche i compiti all'interno dell'Alleanza devono cambiare». Lo riporta la Dpa. «L'obiettivo è una nuova ripartizione degli oneri che corrisponda al potenziale economico e militare della Germania e dell'Europa», ha affermato. 

La Germania vuole raggiungere il più rapidamente possibile l'obiettivo del 5% della Nato. Anche il ministro degli Esteri e vicepremier Antonio Tajani è atteso questa sera a Helsingborg, Svezia, dove ha inizio la ministeriale Nato con la cena informale nel formato Consiglio Nato-Ucraina, offerta dalla ministra degli Affari Esteri della Svezia, Maria Malmer Stenergard, alla presenza delle loro Maestà il re Carlo XVI Gustavo e la regina Silvia di Svezia e del primo ministro Ulf Kristersson.

Già questa sera, dopo la cena, Tajani avrà un breve incontro con l'omologo tedesco Johann Wadephul. Domani, invece, prima della sessione formale del Consiglio Atlantico, sono previsti due scambi bilaterali, il primo con la canadese Anita Anand, il secondo con il francese Jean-Noël Barrot. A chiudere, una riunione informale di preparazione al vertice Nato di Ankara ospitata dai ministri degli Affari Esteri di Svezia e Turchia con gli E5 più l'Olanda (ovvero Germania, Regno Unito, Francia, Polonia e Italia). 

#IlMessaggero #berlino #germania #nato",politics and government,16,14,0.8235,1,silver,1,1
ZL5nLXPwqRg,ilmessaggero,Diego Abatantuono vende la sua villa in Toscana: l'ex porcile diventato un rifugio di lusso,"Diego Abatantuono avrebbe deciso di vendere la sua amata villa in Toscana. La residenza che possiede a Mutigliano, sulle colline a nord di Lucca, è stata affidata all’agenzia Essegi Immobiliare, che però mantiene il riserbo assoluto sulla trattativa e non conferma nulla sull’identità del venditore. La notizia viene raccontata dal Tirreno.

La villa di Abatantuono
La proprietà si trova a circa otto chilometri dalle Mura, in una delle aree più panoramiche della Lucchesia. «Immersa nelle colline più esclusive a nord ovest di Lucca - si legge nell'annucio - questa elegante villa toscana offre una combinazione rara di autenticità, privacy e comfort moderno. Completamente ricostruita con materiali di pregio, conserva il fascino dell’architettura tradizionale — travi in legno, cotto artigianale, ambienti luminosi — integrandolo con tecnologie contemporanee.

Quanto costa
Il grande living open space con cucina a vista si apre su una terrazza panoramica che domina la piscina a sfioro e la vallata. La proprietà dispone di ampie camere con bagno privato, una suggestiva torretta panoramica, spazi wellness con palestra e bagno turco, oltre a un appartamento indipendente ideale per ospiti o personale.
Il terreno di 10.000 mq, completamente recintato, ospita 50 ulivi e ampie aree relax. La posizione, a soli 8 km dal centro storico di Lucca e comoda per raggiungere aeroporti e mete d’arte, rende questa villa una soluzione perfetta sia come residenza privata sia come investimento di lusso. La richiesta è di 1.900.000 euro. 

Il dettaglio più curioso riguarda il passato dell’immobile. In zona è conosciuta con il soprannome di villa La Porcilaia, un nomignolo ironico che l’attore ha voluto conservare anche dopo i lavori. Come ricorda il quotidiano toscano, prima della trasformazione l’edificio era davvero un vecchio porcile agricolo: Abatantuono lo acquistò anni fa e lo fece ristrutturare a fondo, senza però rinunciare al richiamo alle origini contadine della struttura.

#DiegoAbatantuono #porcile #villa",lifestyle and leisure,13,6,0.7341,1,silver,1,0
ZtNlNcWoBVE,ilmessaggero,"Garlasco, il padre di Andrea Sempio fornisce un nuovo alibi: «Quel giorno era a casa con me»","«Andrea è innocente, mio figlio non ha ucciso Chiara Poggi. E noi siamo forti su questo. È stata una vigliaccata». Parla al Tg1 delle 13.30 il padre di Andrea Sempio che urla l’innocenza del figlio.

Il nuovo alibi
L'uomo fornisce un nuovo albi all'indagato: «Siamo forti per l'innocenza di mio figlio. E' quello che ci sostiene. Mio figlio non c'entra niente, questa è una vigliaccata. Di chi, non lo posso sapere. Mio figlio quel giorno lì stava a casa con me. Stava a casa sua con me», ha ribadito.

Le mosse della difesa
Intanto sono attese a breve, già per domani, le prime consulenze effettuate dalla difesa di Andrea Sempio, accusato dell'omicidio di Chiara Poggi nell'inchiesta che la Procura di Pavia ha chiuso lo scorso 7 maggio.

Come hanno riferito i legali del 38enne, Liborio Cataliotti e Angela Taccia, le relazioni degli accertamenti di parte verranno depositate entro i termini di 20 giorni dalla notifica dell'avviso di conclusione dell'indagine come prevede il codice. Le relazioni saranno corredate da una memoria dei difensori, i quali, solo dopo aver letto gli esiti degli approfondimenti da loro chiesti per smontare il capo di imputazione, decideranno se, eventualmente, fare istanza di interrogatorio: il loro assistito da sempre si dichiara estraneo.

Gli audio incomprensibili
Le consulenze, come ha elencato la scorsa settimana l'avvocato Cataliotti, oltre a quella personologica, sono «una medico-legale, sulle cause e i tempi del decesso, una antropometrica, per verificare se le impronte possono collimare con le dimensioni del piede di Andrea». Un'altra punterà a «ripulire i poco comprensibili audio delle intercettazioni» ambientali, e poi ci saranno «una replica alla Bpa», ovvero l'analisi delle tracce ematiche sulla scena del crimine per ricostruire la dinamica del delitto e «un supplemento di esame dattiloscopico sulla impronta 33», trovata sulla parete delle scale in fondo alle quali è stato scoperto in corpo senza vita di Chiara. Per i pm pare sia stata lasciata dalla «mano bagnata» di Sempio mentre si appoggiava al muro, per la difesa non è sua e va incrociata «con l'impronta 45», riferibile a una piccola macchia di sangue vicina. Sul fronte processo di Alberto Stasi, l'allora fidanzato di Chiara condannato in via definitiva a 16 anni di carcere, per l'eventuale istanza di revisione sollecitata dai pm pavesi alla Procura Generale di Milano, come è stato ripetuto dalla pg Francesca Nanni, «ci vorrà del tempo» prima si decidere se interpellare La Corte d'Appello di Brescia: il caso è «delicato», la carte vanno sudiate e valutate.

#Garlasco #AndreaSempio #ChiaraPoggi","crime, law and justice",64,55,0.871,1,silver,1,1
_4mBMjViD10,ilmessaggero,"Studente con Dsa non ammesso alla Maturità, il Tar respinge il ricorso della famiglia","La certificazione di  Disturbo Specifico dell'Apprendimento (Dsa) non garantisce l'ammissione automatica all'esame di Stato se il rendimento scolastico resta gravemente insufficiente. Lo ha stabilito la quarta sezione del Tar del Lazio, respingendo il ricorso della famiglia di una studentessa non ammessa alla maturità nel giugno del 2019. Come riportato da Orizzontescuola.it, la ragazza, che frequentava l'ultimo anno delle superiori per la seconda volta, era stata fermata dal consiglio di classe per profonde lacune. I genitori avevano impugnato la bocciatura contestando la gestione della scuola. Secondo il ricorso, i professori avrebbero violato il Piano Didattico Personalizzato (PDP), accumulando troppe verifiche nello stesso giorno e negando l'uso di mappe concettuali. La famiglia sosteneva inoltre di non essere stata avvertita del pericolo e chiedeva un risarcimento danni. 

I giudici amministrativi hanno smontato i motivi del ricorso, definendoli “fuori fuoco”. Il Tar ha chiarito che le tutele per gli alunni con Dsa prevedono strumenti compensativi, ma non criteri di valutazione diversi o facilitati: il livello di apprendimento richiesto resta lo stesso della norma. 

Nel caso specifico, la scuola aveva applicato il Pdp (esonerando l'alunna dalle prove scritte in lingua straniera), mentre le accuse della famiglia sulle presunte mancanze dei docenti sono risultate generiche e prive di prove concrete. 

#ilmessaggero #giudici #tar #scuola #ricorso",education,18,14,0.8187,1,silver,1,1
_EBUvdGHeVU,ilmessaggero,Sofia falciata e uccisa a 15 anni all’uscita da scuola: tre anni all’investitore,"Tre anni di reclusione, cinque anni di interdizione dai pubblici uffici, due anni di sospensione della patente di guida, oltre al risarcimento dei danni, da stabilirsi in separata sede, e al pagamento delle spese processuali. È la sentenza, letta dal giudice al termine dell'udienza del processo, con rito abbreviato, per la morte di Sofia Di Dalmazi, la 15enne investita da un Suv all’uscita da scuola in via Falcone e Borsellino, il 3 dicembre 2024, davanti agli occhi del padre che era andato a prenderla. L'imputato A. S., 42 anni di Francavilla, accusato di omicidio stradale, ha beneficiato di uno sconto di pena pari ad un terzo, previsto dall’abbreviato. Il pm aveva richiesto una condanna a 4 anni.

Una decisione che ha lasciato profonda amarezza nella famiglia della giovane. Una pronuncia che stride agli occhi del padre Giuseppe Di Dalmazi: «Il giudice ha ridotto la pena da quattro a tre anni riconoscendo le attenuanti generiche. Una sentenza che considero vergognosa. La richiesta avanzata dal pubblico ministero era corretta, anche perché teneva già conto della riduzione di un terzo prevista dal rito abbreviato. Sarebbe stato importante dare un segnale forte dopo quanto accaduto», afferma il padre di Sofia al termine dell’udienza. La rabbia della famiglia nasce soprattutto dalla convinzione che la pena inflitta non sia proporzionata alla gravità del fatto.

«Se non verrà presentato appello, la pena potrebbe ridursi ulteriormente di un sesto, grazie all’effetto premiale della rinuncia contenuto nella Riforma Cartabia. È evidente che non andrà in carcere: probabilmente svolgerà lavori socialmente utili. Noi, invece, non ci sentiamo affatto risarciti da questa decisione. Questa sentenza non ci restituisce alcun senso di giustizia» ripete il padre. Poi l’affondo sulle pene accessorie stabilite dal tribunale. «Non è mai venuto a trovarci, non ha mai avuto il coraggio di affrontarci. Inoltre sono stati disposti soltanto cinque anni di interdizione dai pubblici uffici e appena due anni di sospensione della patente, qualcosa di paradossale se pensiamo che ha ucciso una ragazzina alla guida».

Parole che restituiscono tutta la sofferenza di una famiglia che continua a convivere con un dolore insanabile. «A me è stata tolta una figlia e nessuno potrà mai restituirmela. Ora non possiamo fare altro. Noi siamo condannati all’ergastolo del dolore, perché con Sofia se n’è andata anche la voglia di vivere. Ma io, mia moglie e mio figlio andremo avanti per onorare il suo ricordo» dice. Il padre della giovane ha annunciato anche la volontà di devolvere all’associazione “Piccola Stella”, nata per ricordare Sofia, i fondi che arriveranno come risarcimento danni. «Se devo fare qualcosa per lei, voglio aiutare i bambini: Sofia li amava profondamente, le si illuminavano gli occhi ogni volta che ne vedeva uno». All’udienza era presente anche l’Associazione Familiari Vittime della Strada, costituita parte civile nel procedimento. Alessandro Palucci ha sottolineato l’importanza della decisione del tribunale: «Ancora una volta il tribunale, in linea con un principio ormai consolidato nella giurisprudenza, ha riconosciuto la legittimità delle associazioni a costituirsi parte civile. È stato inoltre riconosciuto il diritto al risarcimento del danno, pari a 2.500 euro e il pagamento delle spese processuali, poiché il reato commesso dall’imputato ha leso le finalità e gli scopi dell’associazione stessa».

#SofiaDiDalmazi #Pescara #investita","crime, law and justice",61,39,0.8546,1,silver,1,1
aNSvswvofgI,ilmessaggero,"Alain Prost rapinato e picchiato in casa, l'ex campione di F1 ferito alla testa","Momenti di terrore per l'ex pilota di Formula 1 Alain Prost, vittima di una violenta rapina nella sua villa di Nyon, sul lago di Ginevra. A dare la notizia è stato il quotidiano svizzero Blick secondo cui una banda di malviventi ha fatto irruzione nell'abitazione dell'ex campione del mondo martedì scorso intorno alle 8.30 di mattina, aggredendo il francese e costringendo uno dei figli ad aprire la cassaforte.

L'ex pilota avrebbe riportato un trauma cranico in seguito all'aggressione.

Non è stato reso noto il valore del bottino, ma si ipotizza che sia molto elevato. La famiglia non ha rilasciato dichiarazioni ufficiali, ma l'episodio avrebbe avuto un forte impatto emotivo, tanto da richiedere l'intervento di un team di supporto.

Le ricerche della polizia svizzera, tra posti di blocco e controlli sulle principali arterie stradali, non hanno portato all'arresto dei responsabili, che secondo gli investigatori sarebbero fuggiti in Francia. Secondo Blick attualmente Prost sarebbe tornato a Dubai, dove vive per gran parte dell'anno. Nella regione del Lago di Ginevra sono in forte aumento le rapine in villa, con 18 casi registrati solo nel 2025.

#AlainPros #Formula1 #rapina","crime, law and justice",4,2,0.5559,0,silver,0,0
a_NszaABN_0,ilmessaggero,"Iran, slitta l’accordo: lo “scoglio” del nucleare. Trump: «Hormuz resta chiuso, ma non c'è fretta»","«Non abbiamo fretta di concludere un accordo»: con queste parole il presidente Donald Trump raffredda le speranze di una firma imminente del memorandum d'intesa. L'incognita del nucleare è ancora irrisolta, mentre Teheran avverte che la discussione si ferma se non saranno rimosse le sanzioni sul petrolio e non ci sarà lo sblocco di 12 miliardi di dollari congelati in Qatar. Sintesi: Trump dice che l'accordo c'è, ma non c'è la firma.

La guerra è cominciata il 28 febbraio 2026 durante una pausa dei negoziati di Ginevra tra Usa e Iran proprio sul nucleare. I caccia israeliani e americani bombardarono Teheran, decapitando la leadership della Repubblica Islamica. Tra il 7 e l'8 aprile si raggiunse l'accordo per un fragile cessate il fuoco. Ma dall'inizio di marzo si trascina la chiusura dello Stretto di Hormuz applicata dalle Guardie rivoluzionarie e il blocco navale dei porti iraniani disposto dagli americani. Da quell'area passa (passava) il 20 per cento del petrolio mondiale (ma anche altri materiali cruciali come i fertilizzanti) e gli effetti sull'economia e gli equilibri globali, sui rischi di una crisi alimentare in diverse aree del pianeta, sono notevoli.

Sull'accordo restano alcuni punti fermi: fonti della Casa Bianca confermano che l'accordo non sarà siglato nelle ore successive, che serviranno diversi giorni e che potrebbe svolgersi un incontro a Islamabad il 5 giugno (ma questo non significa che l'intesa non arrivi prima). Sia chiaro: lo Stretto di Hormuz resta chiuso fino a quando non ci sarà la firma dell'accordo.

Il memorandum prevede una tregua iniziale di 60 giorni, con l'impegno dell'Iran a riaprire lo Stretto senza imporre pedaggi e bonificare dalle mine navali quella parte di mare, gli Usa accettano di revocare il blocco e Teheran potrà tornare a vendere petrolio. Restano evidenti nodi irrisolti non citati nel memorandum. In primis: il programma nucleare iraniano. L'Iran deve impegnarsi a non sviluppare armi atomiche e a iniziare i negoziati specifici per la sospensione dell'arricchimento dell'uranio. Soprattutto, secondo gli Usa, deve trasferire fuori dal proprio territorio quei 408 chili che detiene.

di Mauro Evangelisti #IlMessaggero",politics and government,4,3,0.6843,0,silver,0,1
an8s4xbh9UU,ilmessaggero,«La Cina può arrivare prima degli Usa sulla Luna»: l’allarme della Nasa sul 2027,"La corsa alla Luna potrebbe presto cambiare padrone. Secondo Jared Isaacman, amministratore capo della Nasa, esiste la concreta possibilità che siano astronauti cinesi a tornare per primi nell’ambiente lunare nei prossimi anni, anticipando gli Stati Uniti nella nuova sfida spaziale.

Intervenendo al convegno Ascend dedicato alle tecnologie spaziali, Isaacman ha spiegato che «La prossima volta che il mondo si sintonizzerà per guardare gli astronauti volare intorno alla Luna, probabilmente nel 2027, saranno taikonauti». Un passaggio che fotografa le preoccupazioni americane per l’avanzata della Cina nel settore aerospaziale. Negli ultimi anni Washington aveva puntato con forza sul programma Artemis per riportare astronauti americani sulla Luna dopo oltre mezzo secolo dall’ultima missione Apollo. Il successo di Artemis II, che ha portato un equipaggio internazionale in orbita lunare, sembrava aver rilanciato la leadership statunitense. Tuttavia, la revisione dei programmi e i rallentamenti decisi dalla Nasa hanno modificato la tabella di marcia.

Nel nuovo piano, Artemis III non rappresenterà più la missione del ritorno sulla superficie lunare. Il volo previsto per il 2027 servirà soprattutto a testare in orbita terrestre le procedure di attracco con i lander sviluppati da aziende private. Anche il progetto della stazione spaziale lunare Gateway è stato sospeso. L’allunaggio americano sarebbe così rinviato ad Artemis IV, attualmente previsto nel 2028. Nel frattempo la Cina continua ad accelerare il proprio programma spaziale. Pechino non ha ancora ufficializzato una missione di allunaggio, ma ha confermato l’obiettivo di inviare astronauti in orbita lunare entro il 2027. Secondo diversi osservatori del settore, però, dietro le quinte potrebbero essere in corso preparativi più ambiziosi.

Isaacman ha parlato apertamente di una competizione ormai geopolitica: «Ora ci troviamo di fronte a un vero rivale geopolitico che sfida la leadership americana nel settore spaziale». E ha aggiunto che la differenza tra successo e ritardo «si misurerà in mesi, non in anni». Le dichiarazioni del numero uno della Nasa hanno riacceso il dibattito negli Stati Uniti, tanto che il Congresso americano ha già iniziato a discutere nuovi finanziamenti per sostenere l’esplorazione spaziale e ridurre il rischio di perdere il primato nella nuova corsa alla Luna.

#IlMessaggero",science and technology,5,2,0.5283,0,silver,0,1
bB1nF9CjctA,ilmessaggero,"Famiglia del bosco, la lettera di Catherine e Nathan ai giudici: «Mai contrari ai medici»","La libertà di crescere i propri figli secondo un modello alternativo e il dovere dello Stato di intervenire quando ritiene che quei minori possano essere in pericolo. Nathan e Catherine, genitori dei tre bambini oggi collocati in una casa famiglia a Vasto, affidano alle carte depositate al Tribunale per i minorenni dell'Aquila e alla Corte d'Appello la ricostruzione del proprio modello di vita.

«Abbiamo scelto specificamente l'Italia come nostra casa scrivono - poiché confidavamo nella sua apertura verso percorsi educativi diversificati e nel rispetto della responsabilità familiare all'interno del quadro normativo, al quale ci siamo sempre attenuti in modo trasparente e responsabile».

Una memoria che si sviluppa come ricostruzione dettagliata del loro impianto educativo e familiare. «Abbiamo consapevolmente creato per i nostri figli un ricco contesto di esposizione sociale positiva, sia con coetanei sia con modelli adulti positivi», scrivono i coniugi Trevallion Birmingham, respingendo ogni idea di isolamento. E descrivono nel dettaglio la rete costruita intorno ai figli: «Visite settimanali regolari con i nostri amici stretti insieme ai loro figli. Abbiamo due distinti vicini locali con nipoti di età variabile con i quali interagiscono regolarmente. Partecipano settimanalmente alla spesa in un grande centro urbano quale San Salvo, dove interagiscono liberamente con il personale dei supermercati locali. Nathan ed io li portiamo inoltre regolarmente nei parchi locali, offrendo loro ampie opportunità di interazione con altri bambini del luogo. Effettuiamo altresì visite mensili nella città di Vasto, centro di dimensioni maggiori, frequentando negozi dell'usato, la biblioteca e il parco. 

di Sonia Paglia #ilmessaggero #abruzzo #famiglianelbosco",society,11,8,0.7821,1,silver,1,1
bIM2_L4c0pk,ilmessaggero,«Investo il patrimonio di Silvio Berlusconi in affitti di lusso»: la nuova vita di Pascale,"Aspettando di tornare in politica, la vita di Francesca Pascale si divide tra Roma, Fregene e Fiesole dove sta svolgendo la sua attività immobiliare. Al Corriere della Sera svela che «cinque anni fa ho cominciato a investire in immobili il patrimonio che mi ha lasciato Berlusconi. Affitti di lusso e turismo di lusso. Ne parlavamo con Silvio e io cercavo di assorbire come una spugna tutti i suggerimenti che mi dava». Suggerimenti che ora le fruttano molti soldi. Soldi che continua a investire. 

Ma lei chiarisce che «io neppure lo conosco il ministro. Non c’è stato alcun intervento suo, sono semplicemente trascorsi i mesi per il silenzio-assenso, e ho potuto acquistare e ristrutturare». 

Ma non sono gli unci, come detto. «A Fiesole ho due b&b di lusso e ne ho uno anche a Fregene. Sempre a Fiesole sto lavorando a qualcosa di ancora più impegnativo. Sta nascendo un resort di lusso abbastanza grande». 

Rimane una sua passione ma dice che non pensa a candidarsi. Intanto «il 15 giugno in sala Stampa a Montecitorio presenterò il primo disegno di legge contro l’omolesbotransfobia di area liberale e conservatrice, un ddl “anti Zan”. E in quell’occasione farò un appello a Forza Italia perché lo appoggi. Vorrei entrare in FI per lavorare per i diritti civili, mi piacerebbe molto».

#ilmessaggero #francescapascale #berlusconi #notizia","economy, business and finance",12,6,0.7381,1,silver,1,1
bKyTXlnZ6zc,ilmessaggero,L'Iran convoca il direttore dell’agenzia stampa Irna per le foto di una donna senza hijab,"L'Iran ha convocato il direttore dell'agenzia di stampa ufficiale della Repubblica Islamica Irna per chiedere spiegazioni riguardo alla pubblicazione di immagini di una donna senza hijab in un servizio. Lo riferiscono le autorità e un'organizzazione per i diritti umani. Indossare il velo in pubblico è obbligatorio per le donne sin dai tempi della rivoluzione islamica del 1979, ed è stato a lungo considerato un pilastro ideologico della leadership clericale. Il sito web della magistratura iraniana, Mizan Online, ha affermato che il direttore dell'Irna ""è stato convocato presso la procura per la cultura e i media per fornire spiegazioni» dopo la pubblicazione «di immagini che mostrano una donna senza rispettare le leggi e i regolamenti islamici del Paese». Ha aggiunto che «l'agenzia è stata anche avvertita di rimuovere il materiale». 

Un'organizzazione per i diritti umani con sede negli Stati Uniti ha affermato che l'Irna ha pubblicato il servizio fotografico martedì e ha rimosso le immagini dal suo sito web poche ore dopo. Secondo l'agenzia di stampa per i diritti umani Hrana, il reportage mostrava una donna senza l'hijab obbligatorio mentre si trovava a casa ad accudire un neonato.  

#ilmessaggero #iran #donna #velo",politics and government,3,1,0.2048,0,silver,0,1
bOxgbT3vlyQ,ilmessaggero,"Bimbo di 3 anni muore investito dal trattore del papà: «Faceva retromarcia, non l'ha visto»","Un dramma immenso quello che si è consumato domenica 24 maggio nelle campagne di Nurri, piccolo centro del cagliaritano: un bambino di soli tre anni e mezzo, Lorenzo Spano, ha perso la vita in modo atroce, schiacciato dal trattore guidato dal suo stesso padre.


La tragedia
La tragedia è avvenuta intorno alle 15.30 in un terreno agricolo della zona. I carabinieri della Compagnia di Isili hanno lavorato incessantemente fino a tarda notte per completare i rilievi tecnici e ricostruire l'esatta dinamica di un episodio tanto assurdo quanto doloroso. Secondo i primissimi accertamenti, il piccolo Lorenzo stava probabilmente giocando spensierato all'aperto quando il padre, impegnato in una manovra in retromarcia al volante del grosso mezzo agricolo, lo ha colpito accidentalmente senza rendersi conto della sua presenza. L'impatto è stato devastante e le lesioni riportate dal bambino sono apparse fin da subito disperate. I soccorritori del 118, giunti sul posto a sirene spiegate insieme a un'équipe medica, hanno tentato a lungo e con ogni mezzo tutte le manovre di rianimazione possibili per strapparlo alla morte. Ogni sforzo è stato purtroppo inutile: il piccolo Lorenzo è morto sul posto prima ancora che si potesse tentare il trasporto d'urgenza in ospedale.

Il malore della mamma
La tragedia ha gettato nell'angoscia più profonda l'intera famiglia. Particolarmente drammatiche le condizioni della mamma del piccolo, Manuela Mulargia, che è in attesa del secondo figlio e ha accusato un grave malore ed è stata portata in ospedale. Tutta la comunità del paese di quasi 2mila abitanti, a 70 chilometri da Cagliari, è sotto choc per l'accaduto.

#trattore #investito #bimbo","disaster, accident and emergency incident",80,17,0.798,1,silver,1,1
cFsp0FC58zE,ilmessaggero,"Ebola, due casi sospetti in Lombardia: rientrati dall'Uganda con la febbre sono ricoverati a Milano","Il Ministero della Salute ha attivato il monitoraggio sanitario su due persone che sono rientrati dall'Uganda con la febbre e che sono attualmente ricoverati all'ospedale Sacco di Milano. I familiari dei due ricoverati sono stati sottoposti a sorveglianza e monitoraggio. 
 
 «Il ministero monitora costantemente l'evolversi della situazione relativa al virus Ebola in stretto raccordo con le Regioni, l'Istituto superiore di sanità, le strutture ospedaliere di riferimento, le autorità sanitarie nazionali e tutti gli enti coinvolti», prosegue la nota da Lungotevere Ripa. «Proprio nella giornata di ieri - sottolinea il dicastero - il Dipartimento della Prevenzione del ministero della Salute ha partecipato alla riunione dell'Hsc–Health Security Committee della Commissione europea e ha organizzato un punto di coordinamento nazionale dedicato alla situazione Ebola, con la partecipazione dei rappresentanti dei ministeri degli Affari esteri, della Difesa e dell'Interno, dell'Unità di crisi, dell'Istituto superiore di sanità, del Consiglio superiore di Sanità, del Coordinamento interregionale prevenzione, dell'Istituto Spallanzani» di Roma, «dell'ospedale Sacco di Milano e del Policlinico San Matteo di Pavia». «Il sistema nazionale di preparazione e risposta alle emergenze infettive è pienamente operativo e tutte le procedure previste per la gestione di eventuali casi sospetti risultano attivate», assicura il ministero della Salute che «continuerà a fornire aggiornamenti ufficiali sulla base dell'evoluzione del quadro epidemiologico e degli esiti diagnostici in corso. Il rischio in Italia resta molto basso», si conferma nella nota. 

#ilmessaggero #ebola #milano #lombardia",health,45,27,0.84,1,silver,1,1
cpvY5Of7Eyc,ilmessaggero,Coppia di miliardari compra i palazzi dei vicini per vendetta e ci mette i domestici,"A Notting Hill, uno dei quartieri più esclusivi di Londra, è scoppiata una guerra tra ricchi. Da una parte ci sono i residenti di un condominio signorile, dall'altra una delle coppie più potenti dell'India: la star di Bollywood Sonam Kapoor (figlia del celebre conduttore di The Slumdog Millionaire) e suo marito Anand Ahuja, magnate dell'industria tessile. Tutto comincia nel 2023, quando la coppia compra per 21 milioni di sterline una villa storica di duecento anni fa, proprio accanto al palazzo Hillcrest. I due vogliono rivoluzionarla: il progetto prevede di svuotare completamente l'edificio per scavare nel sottosuolo e costruire una piscina e un campo da basket sotterraneo. I vicini non ci stanno, temono i rumori e i danni strutturali, e per tre anni bloccano i lavori a suon di ricorsi. A maggio, però, i miliardari ottengono finalmente il via libera dal comune. Ma a quale prezzo?

Come riporta il Daily Mail, una società legata alla coppia ha acquistato in segreto cinque appartamenti nello stesso condominio dei vicini ribelli, spendendo circa 4 milioni di sterline. L'obiettivo? Trasformarli in alloggi per i propri domestici, autisti e bodyguard, e usare il garage comune per la collezione di auto di lusso. C'è un dettaglio che ha scioccato i condomini: comprando quegli appartamenti, i miliardari hanno ottenuto anche il diritto di voto nelle assemblee dello stabile.

Ora possono influenzare o bloccare qualsiasi decisione dei vicini. E le testimonianze raccolte tra i residenti, che preferiscono restare anonimi, dipingono uno scenario di pura intimidazione.

Durante un incontro privato e in diverse email ufficiali, un portavoce della società dei miliardari avrebbe lanciato un vero e proprio ultimatum: se i vicini continueranno a protestare o se faranno uscire la storia sui giornali, quei cinque appartamenti verranno ceduti immediatamente al comune per farne delle case popolari. «Ci stanno bullizzando solo perché hanno i soldi», racconta un inquilino esasperato al Daily Mail. «Vogliono trasformare casa nostra nel loro parco giochi personale. Usare lo spauracchio dell'edilizia sociale come un ricatto è una follia». Non tutti, però, vedono il complotto: un altro residente ha minimizzato la faccenda parlando di una semplice «tempesta in un bicchiere d'acqua», una normale dinamica di una metropoli caotica come Londra. Nel frattempo, l'entourage della coppia prova a spegnere l'incendio. Un portavoce ha dichiarato alla stampa che l'attrice Sonam Kapoor – che conta ben 33 milioni di follower su Instagram – non ha alcun ruolo nella gestione della società e che l'acquisto dei cinque appartamenti è una pura operazione di investimento immobiliare. Ma a Notting Hill, ormai, nessuno ci crede più.

#miliardari #Londra #casa",society,6,4,0.7114,1,silver,1,1
d5LTaTghM0s,ilmessaggero,"Terremoto a Napoli, scossa 4.4 all'alba ai Campi Flegrei: «Un boato e le case tremavano»","Una forte scossa di terremoto è stata distintamente avvertita a Napoli poco dopo l'alba, alle 5.51, e nei vicini comuni dell'area flegrea e occidentale. In tanti nelle case si sono svegliati di soprassalto.
In tanti hanno avvertito prima un forte boato e poi la casa tremare. Tanta paura ma per il momento non si segnalano danni importanti.

Il terremoto di magnitudo 4.4 è stato registrato dall'Ingv alle ore 5:50 del 21 maggio 2026 nell'area dei Campi Flegrei. L'epicentro è situato a circa 2,5 km da Bacoli, a una profondità di soli 3 chilometri.

La scossa, di intensità superiore rispetto alla media degli eventi degli ultimi mesi, è stata percepita distintamente nella zona occidentale di Napoli, nei comuni di Pozzuoli, Bacoli, Quarto e nella città stessa.

La zona dei Campi Flegrei rappresenta una delle aree a più alto rischio vulcanico e sismico del Mediterraneo per la presenza della caldera attiva, caratterizzata da fenomeni di bradisismo e ricorrenti sciami sismici. L'evento di questa mattina si inserisce in una sequenza che, negli ultimi mesi, ha visto varie scosse anche superiori a magnitudo 3. Negli archivi Ingv è segnalato un sisma di magnitudo 3.4 l'8 aprile e due di magnitudo 3.3 e 3.1 nei mesi precedenti.

Tra i primi comuni a comunicare la sospensione delle attività didattiche figurano Bacoli, Pozzuoli, Quarto e Qualiano. Le decisioni sono state rese note attraverso comunicazioni ufficiali dei sindaci, che hanno spiegato la necessità di verificare le condizioni strutturali degli istituti dopo la forte scossa.

Scuole chiuse anche a Monte di Procida, mentre si attendono ulteriori aggiornamenti da altri centri dell’area flegrea e giuglianese. Al momento non sono ancora arrivate comunicazioni ufficiali dai comuni di Marano e Calvizzano, attualmente guidati da commissari prefettizi, né dal Comune di Giugliano, il più popoloso del comprensorio giuglianese-flegreo. Attesa anche per eventuali decisioni del Comune di Mugnano, dove nelle prossime ore potrebbero essere disposti controlli sugli edifici pubblici e scolastici.

#IlMessaggero #campiflegrei #terremoto","disaster, accident and emergency incident",15,12,0.8119,1,silver,1,0
eOvdGwxpYDA,ilmessaggero,"«Ero il volto di una famosa serie degli anni '80, ora consegno pacchi Amazon», parla Danny Pintauro","Ha interpretato per ben otto stagioni il piccolo Jonathan Bower nella popolarissima sit-com degli anni Ottanta Casalingo Superpiù, il cui titolo originale era Who’s the Boss?, recitando accanto a star del calibro di Tony Danza e Alyssa Milano. Eppure oggi, a 50 anni compiuti, la vita di Danny Pintauro è radicalmente cambiata rispetto ai tempi dei riflettori di Hollywood: l'ex bambino prodigio della televisione americana lavora infatti come driver indipendente per Amazon Flex, consegnando pacchi a bordo della propria auto privata.

A rivelarlo è stato lo stesso attore in una toccante e sincera intervista rilasciata a Fox News e ripresa da Page Six, nella quale ha voluto sfatare una volta per tutte il mito dei guadagni milionari perpetui che la gente comune associa alle vecchie glorie dello spettacolo. Pintauro ha spiegato come la realtà contrattuale di quell'epoca fosse profondamente diversa rispetto a quella odierna, lasciando molti attori senza tutele di fronte alle moderne piattaforme digitali.

La decisione di rimboccarsi le maniche e intraprendere una professione comune è nata principalmente da un'esigenza pragmatica e dalla necessità di conciliare il sostentamento quotidiano con la flessibilità richiesta per partecipare alle audizioni:

«C’è sempre stata una certa fascinazione o curiosità morbosa verso gli attori che fanno lavori normali. Spesso questa transizione viene vista dall'opinione pubblica come una netta caduta in basso, una sorta di fallimento personale, ma credo che oggi siamo finalmente andati oltre questo tipo di pregiudizio».
L'ex star televisiva ha chiarito che il servizio di consegne gli permette di gestire i propri orari in totale autonomia, senza dover rinunciare alla possibilità di un ritorno sulle scene. Pintauro ha inoltre voluto fare chiarezza sul meccanismo dei diritti d'autore legati alle repliche, un argomento su cui il pubblico ha spesso una percezione distorta. «La gente pensa che se la tua faccia è ancora riconoscibile per strada, allora significa che sei sistemato economicamente per il resto della tua vita. Purtroppo non funziona affatto così», ha confessato amaramente.

I contratti multimediali stipulati negli anni Ottanta non potevano ovviamente prevedere l'avvento dello streaming globale, dei canali tematici o dei supporti digitali futuri, lasciando ai protagonisti delle vecchie serie soltanto percentuali infinitesimali sui passaggi televisivi successivi. 

Pintauro ha spiegato dettagliatamente il funzionamento dei suoi attuali compensi: «Quando un network televisivo o una piattaforma come Amazon Prime Video acquistano i diritti della serie, io ricevo una percentuale. Ma ogni volta che il contratto si rinnova, vengo pagato sempre meno». L'attore ha poi svelato una cifra simbolica che fotografa perfettamente la situazione: «La prima stagione dello show è stata acquistata e trasmessa così tante volte nel corso degli anni che ormai guadagno appena cinque o sei centesimi di dollaro a episodio. E la cosa assurda è che dopo l'acquisto possono mandarla in onda quante volte vogliono senza dovermi pagare un solo dollaro in più».

A incidere sulla sua attuale situazione finanziaria c'è stata anche una scelta lungimirante fatta all'epoca della giovinezza: la maggior parte dei cospicui guadagni accumulati durante gli anni di produzione della sit-com è stata infatti interamente investita per pagarsi gli studi universitari e la retta presso la prestigiosa Stanford University. «Quindi no, per rispondere a chi se lo chiede, oggi non esiste nessuna montagna di soldi parcheggiata in qualche conto bancario», ha concluso Pintauro, rivendicando con dignità e orgoglio la sua nuova normalità lontano dal tappeto rosso.

#DannyPintauro #Amazon #casalingosuperpiù","arts, culture, entertainment and media",8,4,0.6897,0,silver,0,1
emdmIgaFKjw,ilmessaggero,"Belen Rodriguez, malore in casa a Milano: la showgirl portata in ospedale","Belen Rodriguez avrebbe avuto un malessere ed è stata portata in un ospedale poco dopo le 7 di mattina di ieri, lunedì 25 maggio. A scriverlo è il Quotidiano Nazionale. «Aiuto, aiutatemi», è il grido che si è sentito arrivare da un palazzo in zona Brera a Milano.  Uno dei residenti ha chiamato il 112 e la conduttrice tv è stata trasportata in codice giallo sull’ambulanza qualche ora dopo. Belen era in casa chiusa a chiave. Secondo il quotidiano quando ha capito che i pompieri stavano forzando la porta ha deciso di aprirla.

Chi ha visto Belen ha detto che si trovava in stato di alterazione psicofisica.
La polizia ha anche chiuso la circolazione nella strada a senso unico in cui si trova lo stabile per evitare che il traffico intralciasse l’operazione di soccorso. Secondo il racconto del quotidiano Bélen ha avuto un malessere e per questo è stata portata in un ospedale. E alla fine l’intervento dei vigili del fuoco non è servito.

Belen aveva fatto parlare di sé nel novembre 2025, quando comparve in uno stato piuttosto alterato durante il festival di Vanity Fair e in alcuni filmati postati su TikTok. Successivamente aveva spiegato in un video su Instagram: «Non ho mai fatto un segreto di aver sofferto di attacchi di panico e depressione. Ne ho avuti, nella vita, uno dopo l’altro. L’altra sera, prima dell’intervista, ero senza i bambini e ho preso un calmante, poi un altro e poi un altro. Ovviamente, il risultato è stato un rincog… importante». «Non è facile riuscire ad accettarsi con queste fragilità, soprattutto quando fai un lavoro pubblico e la tua fragilità può diventare anche una presa in giro per chi utilizza questo materiale in modo inadeguato». 

#IlMessaggero #belen",health,77,48,0.8606,1,silver,1,1
fgQVdAS66r0,ilmessaggero,Achille Lauro è il nuovo direttore creativo di Dondup: la prima sfilata a San Siro,"Un nuovo progetto firmato con un nuovo nome. Achille Lauro è il nuovo direttore creativo di Dondup. A renderlo noto è la stessa casa di moda, che si dice felice dell'ingresso del celebre cantautore italiano nella Maison alla direzione del team creativo.

Per farlo Achille ha scelto il suo vero nome: Lauro De Marinis guiderà infatti l’Ufficio Stile del brand con la responsabilità di definire ed esprimere la visione creativa del marchio nelle collezioni donna, uomo e negli accessori. Una scelta, questa, che deriva da un desiderio personale dello stesso artista, ovvero quello di poter parlare il linguaggio del brand ed esprimere e dare concretamente vita alla propria creatività come autore, e non solo come testimonial. «Ho scelto il mio nome perché definisce un nuovo percorso. È assolutamente un altro progetto rispetto alla musica. E chissà che questa cosa non si evolverà». 

«Non come volto ma come autore. Non un gesto, ma un progetto. L’inizio di un percorso creativo che nei prossimi anni influenzerà l’immagine, le collezioni e il posizionamento di Dondup - preservandone il DNA e rafforzandone l'identità. L’eleganza non è un accessorio, è un’attitudine, e la moda deve saperla raccontare» ha dichiarato il neo direttore creativo.

Lauro presenterà la sua prima capsule collection donna, Erotica, il 15 giugno durante il suo concerto-evento allo stadio San Siro di Milano con una sfilata. La collezione sarà venduta dal giorno successivo fino al 30 luglio nei monomarca del brand da 60 milioni di ricavi e in selezionati multibrand. La label ha inoltre appena inaugurato un hub creativo in via Morimondo 30 a Milano. 

#IlMessaggero #achillelauro #dondup","arts, culture, entertainment and media",15,8,0.7673,1,silver,1,0
gcUdRp8RFpU,ilmessaggero,"Aprilia, bambina morta dopo essere stata travolta in bicicletta da un'auto. Aveva 11 anni","Tragedia questo pomeriggio ad Aprilia dove una bambina di 11 anni, che procedeva in bicicletta, è deceduta dopo essere stata travolta da un'auto condotta da una donna. L'incidente è avvenuto intorno alle 16, la donna alla guida si è fermata per prestare soccorso e poi è stata colta da un malore per lo shock. 

Sul posto sono intervenuti gli agenti della polizia locale di Aprilia, gli operatori sanitari del 118 e l'eliambulanza. Nonostante tutti i tentativi di rianimare la piccola non c'è stato nulla da fare.

Via Genio Civile continua ad essere teatro di gravissimi incidenti stradali. Già in passato erano accaduti episodi simili. Un'arteria pericolosa e trafficata, tra le più pericolose del territorio.

Di Alessandro Piazzolla

#IlMessaggero #aprilia","disaster, accident and emergency incident",17,3,0.5766,0,silver,0,1
ghcxpoGbxTA,ilmessaggero,"Caldo record in arrivo: temperature fino a 36 gradi, l'anticiclone (anomalo) dall'Atlantico","L'Europa occidentale si prepara a vivere una fase di caldo eccezionale per la fine di maggio, con temperature che in alcune aree di Spagna e Francia potrebbero raggiungere o superare i 35-36°C. Valori che ricordano più il cuore dell’estate che l’ultima decade primaverile. Temperature oltre i 30°C sono attesi anche al Nord.

Alla base di questa situazione c’è una configurazione atmosferica molto particolare; una depressione isolata al largo del Portogallo favorisce infatti la risalita di aria caldo verso Europa occidentale, (una pompa di calore) mentre contemporaneamente un robusto promontorio anticiclonico agisce come una vera e propria cupola di calore o 'heat dome'.

Quando un anticiclone è molto forte e persistente, l’aria tende a scendere verso il basso. Questo movimento, chiamato subsidenza, comprime l’aria e la riscalda ulteriormente. Inoltre il cielo spesso sereno e la stabilità atmosferica permettono al calore di accumularsi giorno dopo giorno, amplificando progressivamente le temperature al suolo. per avere caldo intenso non serve necessariamente una diretta invasione di aria dal Nord africa. 

In questo specifico caso, infatti, la massa d'aria arriva dall'Atlantico subtropicale e non dal nord Africa. Eppure gli effetti previsti potranno essere comunque eccezionali per il periodo. Questo perché il caldo estremo dipende da molti fattori quali l’intensità dell’anticiclone, geopotenziali elevati, compressione e riscaldamento dell’aria, durata della configurazione, condizioni del suolo e soleggiamento ed infine, molto importante, il contesto climatico di partenza.

Oggi infatti l’Europa parte mediamente da temperature più alte rispetto al passato. Di conseguenza anche configurazioni non necessariamente sahariane possono favorire con maggiore facilità valori molto elevati. Gli episodi meteo eccezionali rischiano così di apparire sempre più normali semplicemente perché si ripetono più spesso. Non significa che siano diventati normali in senso climatologico, ma che il nostro metro percettivo si sta lentamente spostando verso l’assuefazione.

#IlMessaggero #meteo #clima",weather,25,5,0.6786,0,gold,0,0
hUeovgzMys0,ilmessaggero,"Comunali, Meloni: «E anche oggi l'annunciato crollo del centrodestra si rimanda a domani»","Rivolgo i miei auguri di buon lavoro ai sindaci eletti in questa tornata amministrativa. Avranno il compito di accompagnare le proprie comunità nei prossimi anni, affrontando sfide molto importanti. In bocca al lupo a tutti». Lo afferma sui social la presidente del Consiglio Giorgia Meloni, aggiungendo un post scriptum: «P.S. E anche oggi, il tanto annunciato crollo del centrodestra, lo rimandiamo a domani». 

In precedenza era venuto fuori un retroscena sul voto a Venezia. «Quando sono usciti i primi exit poll che davano la possibilità anche di vincere al primo turno la premier Meloni mi ha chiesto se c’era davvero questa possibilità, io ho risposto sì e lei ha detto che “sarebbe un miracolo mondiale”». Lo ha racconta ai cronisti il coordinatore veneto e senatore di Fratelli d’Italia Raffaele Speranzon leggendo al telefonino un messaggio della premier, davanti alla sede elettorale del candidato sindaco del centrodestra Simone Venturini a Mestre (Venezia). «Per come era stata raccontata la situazione in questa città e le percentuali che erano attribuite ai vari candidati sindaco la possibilità per il centrodestra di vincere al primo turno era esclusa da ogni ipotesi ma noi ci abbiamo creduto», ha concluso. 

#ilmessaggero #meloni #comunali #elezioni",politics and government,212,155,0.8908,1,silver,1,1
i-h4udtvxQU,ilmessaggero,"Garlasco, la difesa di Sempio: «Il Dna sulle unghie Chiara non prova l'aggressione»","Marina Baldi, biologa-specialista in genetica medica, spiega che «il rinvenimento di componenti» di aplotipo Y «asseritamente compatibili con Andrea Sempio sotto due unghie della vittima non può essere considerato, allo stato, prova di un contatto aggressivo diretto». Inoltre, aggiunge l'esperta, «il dato appare tecnicamente debole poiché non si tratterebbe di profili pieni e singoli, ma di profili misti, incompleti e non pienamente consolidati» e in più la traccia genetica «non ha valore individualizzante paragonabile a un profilo autosomico completo e deve essere interpretato con prudenza ancora maggiore in presenza di contributi multipli».

«Assume rilievo decisivo - ha aggiunto Baldi - la presenza di un ulteriore profilo maschile Y non attribuito su altro dito della vittima. Tale circostanza documenta che il materiale subungueale non è geneticamente univoco e che non può essere selezionata soltanto la componente asseritamente compatibile con l'indagato, ignorando la presenza di altri contributi maschili». Qualora ci fosse una compatibilità «parziale» con Sempio, «tale dato non prova che egli abbia avuto un contatto aggressivo con la vittima, né che sia stato graffiato nel corso dell`azione omicidiaria».","crime, law and justice",19,10,0.7837,1,silver,1,1
i-pHOBt0BAU,ilmessaggero,"Belen dimessa dal Policlinico, Stefano non la lascia sola: «Ha saltato Affari Tuoi»","Emergono dettagli drammatici e al tempo stesso toccanti sulle ore difficili vissute da Belen Rodriguez a Milano. Nel corso del delicato intervento di lunedì mattina, quando le forze dell'ordine sono state costrette a sfondare la porta del suo appartamento a causa delle urla e dei lamenti che avevano allarmato i vicini, un ruolo cruciale è stato ricoperto dall'ex marito, Stefano De Martino.

Secondo quanto rivelato da Fanpage, il conduttore di Rai 1 sarebbe stato contattato all'alba dalle autorità, sia per essere informato del forte stato di disorientamento della showgirl, sia per verificare dove si trovasse il figlio Santiago, fortunatamente non presente in casa in quel momento. Ricevuta la segnalazione, il ballerino ha lasciato ogni impegno e si è precipitato sul posto per non lasciarla sola: «È corso subito da lei», hanno confermato alcuni testimoni oculari. Il suo intervento si è rivelato fondamentale anche per convincere l'ex moglie a salire sull'ambulanza, che l'ha poi trasportata in codice giallo al Policlinico.

Questo improvviso dramma familiare ha avuto ripercussioni immediate anche sui palinsesti televisivi. Fonti Rai hanno infatti confermato che De Martino ha annullato la prevista trasferta a Roma, dove al Teatro delle Vittorie erano in programma le registrazioni delle nuove puntate di Affari Tuoi, costringendo la produzione a un forfait forzato e al rinvio dei lavori. La vicinanza di Stefano è proseguita anche nella giornata successiva, quando si è recato nuovamente nella struttura sanitaria per assistere l'ex compagna al momento delle dimissioni. Dall'ufficio stampa del Policlinico di Milano è arrivata la conferma del rientro a casa della showgirl, le cui condizioni cliniche si sono fortunatamente stabilizzate dopo i grandi timori delle prime ore.

#Belen #StefanoDeMartino #BelenRodriguez",human interest,68,32,0.8416,1,silver,1,1
jTIvfrWQbfo,ilmessaggero,Accuse di abusi al primario Michieletti: almeno 8 vittime. Ma l'Ordine dei medici revoca sospensione,"Si sono chiuse le indagini nei confronti di Emanuele Michieletti, ex primario del reparto di Radiologia dell’ospedale Guglielmo da Saliceto di Piacenza. Il medico, arrestato il 6 maggio 2025 e successivamente licenziato e sospeso, è accusato di violenza sessuale nei confronti di almeno otto presunte vittime, tra cui colleghe medico, tecniche di radiologia e infermiere, molestate o violentate durante l'orario di lavoro. Come riportato dal Corriere della Sera, l'inchiesta è partita dalla denuncia di una dottoressa. Le successive intercettazioni e una telecamera nascosta nel bocchettone dell'aria condizionata hanno registrato 32 violenze sessuali nell’arco di 45 giorni.

Nel fascicolo d’indagine sono confluiti gli abusi antecedenti all’inchiesta, commessi tra il 2015 e il 2024. I verbali delle vittime descrivono aggressioni fisiche negli uffici dell'ospedale, palpeggiamenti e costrizioni subite da dottoresse e tecniche di radiologia.

Un'infermiera ha riferito di aver subito rapporti sessuali forzati per dieci anni, sotto la minaccia di ritorsioni. Le denunce sarebbero rimaste a lungo bloccate a causa del timore reverenziale verso il primario, ritenuto un uomo potente e tutelato dai vertici sanitari.

Attualmente Michieletti lavora in uno studio privato, in quanto l’Ordine dei Medici gli ha revocato la sospensione dalla professione. Il suo legale, Pietro Roveda, ha dichiarato che esaminerà gli atti e presenterà le memorie difensive entro venti giorni, valutando se far interrogare l'assistito.

#IlMessaggero #michieletti #scandalo #sanità","crime, law and justice",13,6,0.7341,1,silver,1,1
jrfEsGFsFPo,ilmessaggero,"Mare Fuori, Artem Tkachuk arrestato a Milano. ""Pino o pazzo"" devasta auto e minaccia la polizia","Dalla fiction alla realtà. Artem Tkachuk, l'attore italo-ucraino di 25 anni che interpreta Pino 'o pazzo' nella serie tv della Rai Mare Fuori, è stato arrestato la scorsa notte a Milano dalla Polizia di Stato. Insieme ad alcuni amici è stato bloccato dopo aver danneggiato quattro auto in sosta a Rho (Milano).

Il giovane intorno alle 3 si trovava in via Molino Prepositurale in compagnia di altri tre amici di 18, 22 e 26 anni e ,all'arrivo delle Volanti del Commissariato di Rho, ha insultato e minacciato gli agenti tanto che, oltre a essere stato arrestato per danneggiamento aggravato come gli altri, è stato anche denunciato per minacce a pubblico ufficiale.

Le auto presentavano ammaccature e specchietti retrovisori esterni divelti.

Il fatto è avvenuto intorno all'una di notte in via Molino Prepositurale a Rho, alle porte di Milano. Il branco ha iniziato a colpire con violenza, usando calci e pugni, le vetture parcheggiate lungo la strada, svegliando i residenti della zona.

A interrompere la devastazione è stata la telefonata al 112 di una donna, svegliata di soprassalto dal forte chiasso proveniente dalla via. La testimone ha allertato le forze dell'ordine, segnalando il gruppo di ragazzi in azione.

Al loro arrivo sul posto, gli agenti del Commissariato di Rho si sono trovati davanti una scia di danni. Secondo quanto ricostruito, sono quattro le auto pesantemente colpite dalla furia del gruppo: una Peugeot, che ha riportato la rottura del paraurti anteriore e dello specchietto retrovisore; una Dacia, pesantemente ammaccata nella carrozzeria e privata dello specchietto; una Renault, danneggiata sulla portiera e sullo specchietto; e una Fiat 500, anch'essa rimasta ammaccata e con lo specchietto retrovisore divelto.

Alla vista delle divise, anziché calmarsi, il ventiseienne si è scagliato contro i poliziotti per tentare di evitare il controllo. L'attore ha iniziato a urlare frasi di forte minaccia verso gli agenti: “Vi meno” e “Ora vi prendo e vi sfondo”. I quattro sono stati bloccati, accompagnati in ufficio e, al termine degli accertamenti di rito, dichiarati in stato di arresto.","crime, law and justice",97,72,0.8748,1,silver,1,1
k9f6ogr7ZeM,ilmessaggero,Ubriaco e drogato alla guida travolge due sorelle sulle strisce uccidendone una,"Ubriaco e drogato al volante ha travolto due sorelle uccidendone una. Per lui il pm ha chiesto il carcere. Il gip si è riservato sulla misura da adottare.

Ha risposto a tutte le domande del gip «per quel che è il suo ricordo» dell'incidente l'uomo di 39 anni che la sera del 20 maggio ha travolto due anziane di 70 e 75 anni che stavano attraversando la strada sulle strisce pedonali in via Carnia a Milano, uccidendo la più anziana e ferendo gravemente la minore per poi fuggire senza prestare concorso.

Per l'uomo, risultato positivo all'alcol test e all'assunzione di stupefacenti quando si è costituito alla Polizia locale su suggerimento dei genitori, il pm ha chiesto il carcere. È accusato di omicidio stradale, omissione di soccorso e guida in stato di ebbrezza e sotto l'effetto di stupefacenti.

«Il mio assistito - ha spiegato il suo difensore Paolino Ardia - è estremamente provato, perché sente enormemente la responsabilità delle conseguenze delle sue azioni, che hanno coinvolto in maniera fatale delle persone inermi e inconsapevoli».

La vittima, Alfonsa Curiale, era a Milano per prendersi cura della sorella residente in Lombardia, che stava male. Era arrivata nel capoluogo lombardo da Joppolo Giancaxio (Agrigento) dove era stata a lungo direttrice della biblioteca comunale.

#Milano #incidente #investita","crime, law and justice",46,37,0.8582,1,silver,1,1
kiHIWrNjAyg,ilmessaggero,"Milano, maxi rissa alla stazione Certosa: 22enne morto accoltellato. Gli aggressori fuggiti in treno","Un ragazzo di 22 anni, nato in Italia ma di origini sudamericane, è morto dopo essere stato accoltellato nella tarda serata di ieri, poco dopo le 22, nella stazione di Milano Certosa in via Mambretti. Il giovane, secondo una prima ricostruzione, sarebbe stato vittima di una aggressione, forse scattata in seguito a una rissa, ed è stato trasportato in codice rosso all'ospedale Fatebenefratelli, con una ferita alla gamba sinistra. Dopo poco è morto.

Le sue condizioni sono apparse subito gravi tanto che sono state necessarie le manovre di rianimazione e una prima stabilizzazione prima dell'arrivo in ospedale.

L'episodio è avvenuto all'altezza del binario 6, secondo quanto riferiscono i soccorritori del 118, intervenuti con due ambulanze e un'automedica.

Insieme al ragazzo c'era un'altra persona, probabilmente un parente, che è stato invece portato all'ospedale Sacco in codice verde, con leggere abrasioni alla mano e alla gamba destra.

#Milano #Certosa #rissa","crime, law and justice",64,45,0.8611,1,silver,1,1
lpLbiQm9Ixw,ilmessaggero,"Nuovo Btp anti-inflazione, emissione dal 15 giugno: ecco come funziona (c'è il premio fedeltà)","Partirà il prossimo 15 giugno la nuova emissione del BTp Italia, il titolo di Stato emesso dal Tesoro e riservato esclusivamente ai risparmiatori individuali e affini, il cosiddetto mercato del retail.

L'emissione, si legge in una nota, avverrà nell’arco dell’intera settimana, da lunedì 15 giugno a venerdì 19 giugno 2026 alle ore 13, salvo chiusura anticipata. Per questa emissione il BTp Italia, ribattezzato BTp Italia Si', avrà durata 5 anni e riconoscerà cedole semestrali legate al tasso di inflazione nazionale del periodo. Il tasso fisso minimo garantito sarà comunicato dal Mef venerdì 12 giugno e potrà essere rivisto, ma solo al rialzo, alla chiusura del collocamento, in base alle condizioni di mercato. Inoltre, è previsto un premio finale extra dello 0,6% del capitale investito per coloro che avranno acquistato il BTp Italia nei giorni di emissione e lo avranno detenuto sino a scadenza.

Le cedole semestrali saranno determinate con un meccanismo semplificato, basato su due sole componenti: tasso fisso, garantito anche in caso di deflazione, e tasso di inflazione nazionale rilevato dall’Istat nel semestre di riferimento. I risparmiatori potranno, come sempre, sottoscrivere il nuovo titolo attraverso il proprio home banking, se abilitato alle funzioni di trading online, o rivolgendosi al proprio referente in banca o all’ufficio postale presso cui si possiede un conto corrente associato ad un conto deposito titoli.

L’investimento potrà partire da un minimo di 1.000 euro, avendo sempre la certezza di veder sottoscritto l’ammontare richiesto. Il titolo viene acquistato alla pari e senza commissioni durante i giorni di collocamento, fermi restando i costi di gestione del conto titoli o del trading online richiesti e concordati con la propria banca laddove presenti.

#IlMessaggero #btp","economy, business and finance",0,0,0.0,0,silver,0,0
myhj6sfaVlY,ilmessaggero,Papa Leone soccorre un fedele che accusa malore durante l'udienza in piazza San Pietro,"Momenti di apprensione questa mattina in Piazza San Pietro al termine dell’udienza generale di Pope Leo XIV. Una persona, probabilmente provata dal forte caldo e dalla lunga attesa sul sagrato, ha accusato un malore mentre il Pontefice stava salutando i fedeli.

Come mostrano alcuni video circolati sui social, Leone XIV si è immediatamente avvicinato alla persona colpita dal malessere, fermandosi accanto ai soccorritori vaticani impegnati nelle prime cure. Il Papa ha seguito da vicino la situazione e, solo dopo essere stato rassicurato sulle condizioni del fedele, ha ripreso il giro dei saluti ai pellegrini presenti in piazza.

Durante l’udienza il Pontefice aveva già rivolto un forte appello per la pace, tornando a esprimere preoccupazione per l’intensificarsi del conflitto in Ucraina negli ultimi giorni. «Desidero esprimere la mia vicinanza a quanti soffrono a causa dei recenti attacchi compiuti anche contro civili», ha detto Leone XIV. «La guerra non risolve i problemi ma li aggrava.

Non costruisce sicurezza ma moltiplica la sofferenza e l’odio».
Parole dure, accompagnate da immagini molto concrete del dramma della guerra: «Dove cadono missili e droni cadono anche le speranze, si distruggono case e luoghi di preghiera, si spezzano vite innocenti».

Infine il Papa ha affidato «tutti i popoli feriti dalla guerra» alla protezione della Vergine Maria, «Regina della pace».",religion,5,2,0.5283,0,silver,0,0
nEU7P7EKjVc,ilmessaggero,"Delmastro, la Procura chiede alla Camera di acquisire le chat con Caroccia","Novità sul caso Delmastro. La Procura di Roma che indaga sulla Bisteccheria d'Italia ha chiesto alla giunta per le autorizzazioni a procedere della Camera di potere acquisire tutte le chat intercorse tra l'ex sottosegretario alla Giustizia, Andrea Delmastro, e Mauro Caroccia, indagato per riciclaggio e attualmente detenuto in carcere dove sta scontando una pena definitiva a 4 anni nell'ambito di una indagine sul clan Senese.

L'iniziativa della Procura è anticipata dal sito del Corriere della Sera.
I pm di piazzale Clodio nelle scorse settimane hanno proceduto al sequestro del cellulare dell'indagato e chiedono all'organo parlamentare di potere acquisire le comunicazioni intercorse tra Caroccia e Delmastro che è stato azionista della società ""Le 5 Forchette"" proprietaria del ristorante. Il parlamentare non è indagato. I magistrati romani stanno inoltre valutando se fare finire agli atti l'audizione svolta ieri da Delmastro in commissione antimafia.","crime, law and justice",12,6,0.7381,1,silver,1,1
nTnuEfRVi1A,ilmessaggero,Totti e Ilary Blasi in tribunale per l'udienza sul divorzio,"La fine di una fiaba romantica iniziata 21 anni fa con delle nozze da reali e poi trascinata nel melodramma delle cause in tribunale negli ultimi 4 anni.

Francesco Totti e Ilary Blasi hanno partecipato questa mattina alla prima (e ultima) udienza del loro divorzio davanti al tribunale di Roma.

Entro un mese il giudice Gianluca Gelso ratificherà il provvedimento e torneranno rispettivamente celibe e nubile, liberi quindi di risposarsi. In particolare Ilary ha già pronto il matrimonio con Bastian Muller. Invece la causa di separazione per definire le questioni economiche e il mantenimento dei tre figli proseguirà ancora.

Un’udienza durata circa due ore e che ha visto l’ex capitano giallorosso e la conduttrice uscire separati, a distanza di circa 15 minuti l’uno dall’altra, dal tribunale.

Il primo è stato Totti - t-shirt bianca e pantaloni beige - è uscito a piedi, circondato dai suoi avvocati, da via Damiata. Dopo poco, anche gli avvocati di Ilary sono usciti a piedi dallo stesso ingresso, mentre la conduttrice - camicia bianca, pantaloni beige e scarpe da ginnastica - a bordo della sua Smart. Insomma, almeno sull'outfit erano in sincronia cromatica. Appena arriverà la sentenza di divorzio, la conduttrice Tv potrà finalmente partire con le pubblicazioni delle sue prossime nozze.

di Valeria Di Corrado e Federica Pozzi

#FrancescoTotti #IlaryBlasi",human interest,11,6,0.7426,1,silver,1,1
oK78HBvNVN8,ilmessaggero,"Maldive, come è morto Gianluca Benedetti: il tentativo di fuga, perché non era con gli altri 4 sub","Shafraz Naeem, sub maldiviano e pioniere delle immersioni professionali, è un esperto nell’esplorazione delle grotte marine negli atolli delle Maldive, con trent’anni di attività subacquea. Conosce alla perfezione le grotte della tragedia nelle quali ieri sono terminate le operazioni di recupero delle cinque vittime italiane della spedizione guidata da Monica Montefalcone. È proprio ricorrendo alla sua esperienza sul campo che Shafraz Naeem pone dei punti fermi su ciò che è accaduto e per quale motivo i sub hanno perso la vita: «Ritengo che le regole siano state violate» durante l’immersione, afferma.

Naeem spiega che la luce raggiunge solo la prima camera, quando ci si spinge oltre il buio è fitto. Non solo: «È incredibilmente pericoloso effettuare immersioni a queste profondità utilizzando aria compressa». Anche la posizione nella quale è stato trovato il corpo di Gianluca Benedetti, istruttore subacqueo di Padova, fornisce elementi importanti nella ricostruzione della tragedia: era nella seconda delle tre grotte, con la sua bombola scarica, a zero. Il che fa pensare «abbia provato a mettersi in salvo». Afferma Naeem: «Forse ha tentato la via di fuga prima di rimanere senza fiato. Il resto del gruppo è morto nella terza camera, Benedetti invece nel corridoio mentre cercava di uscire». Il sub maldiviano è convinto che i cinque italiani siano deceduti «per una concomitanza di cause, perché in quegli ambienti estremi un solo problema ne genera altri a catena e un imprevisto può rapidamente trasformarsi in tragedia». Sarebbe «irresponsabile - aggiunge - affermare con precisione cosa sia successo senza un’indagine approfondita, tuttavia in base alla mia esperienza un’immersione in grotta a quasi 58 metri con aria normale presenta già molteplici fattori di rischio.

#ilmessaggero #sub #maldive","disaster, accident and emergency incident",177,69,0.8644,1,silver,1,1
q8gz99ODk9Y,ilmessaggero,"L'Università di Genova cancella la pagina di Montefalcone, il marito: ​«Fretta incomprensibile»","«La prego, basta... Capisco le opinioni di tutti ma andatevi a leggere il curriculum di mia moglie. Non voglio sottolineare che hanno già cancellato la sua presenza dal sito dell'università, con una fretta che io non comprendo... ma nel curriculum di Monica ci sono anche i brevetti speleosub». È il doloroso sfogo di Carlo Sommacal, marito di Monica Montefalcone e padre di Giorgia che si dice «esausto» per le polemiche di questi giorni sulla capacità o meno dei subacquei morti alle Maldive di scendere a una tale profondità in grotta e amareggiato per la velocità con cui dalle pagine del sito web dell'università sia 'scomparso' il profilo della moglie.

«Ognuno può avere le proprie opinioni ma Monica aveva tutte le specializzazioni e i brevetti necessari - ha concluso -. Però adesso basta perché io sono a pezzi e non ce la faccio più».

#IlMessaggero #MonicaMontefalcone #Maldive #sub",education,98,55,0.8628,1,silver,1,1
qrsKhWj39zA,ilmessaggero,"Salvini porta la Lega in ritiro il 19 e 20 giugno, Zaia dà buca: «Non ci sono»","Pronti, via. Matteo Salvini porta la Lega in ritiro. Zaino in spalla, i parlamentari e i vertici del Carroccio sono tutti precettati. «Cari colleghi, su indicazione del capogruppo vi informo che nelle giornate di venerdì 19 e sabato 20 giugno verrà organizzata una due giorni di incontri insieme al Segretario federale Matteo Salvini per mettere a punto proposte e programmi». Questo il messaggio atterrato poco fa nella chat dei parlamentari.

«Vi chiediamo quindi di tenervi liberi per entrambe le giornate». Come anticipato dal Messaggero, i lumbàrd andranno per la prima volta in ritiro con il segretario. La legge elettorale, Trump e Netanyahu, le amministrative e soprattutto la sfida di Roberto Vannacci, il generale del Mondo al Contrario che sta svuotando un pezzo alla volta le truppe leghiste (l'ultimo acquisto è Laura Ravetto).

Menù ricchissimo. Mare o montagna? «Il luogo è ancora in via di definizione, vi faremo sapere appena possibile tutti i dettagli organizzativi», fanno sapere dal partito. Chi viene? Stamattina a lanciare la convocazione nel gruppo del direttivo leghista era stato il responsabile dell'organizzazione Maurizio Bosatra. Uno alla volta i big del Carroccio hanno risposto con i ""pollicioni"" alzati. Finché non è arrivato il primo, illustre forfait. «Io non ci sono. Grazie». Firmato Luca Zaia.

di Francesco Bechis

#MatteoSalvini #LucaZaia #Lega",politics and government,12,9,0.7918,1,silver,1,1
sDPMbXAQYyg,ilmessaggero,"Chanel Totti a Cannes, il primo red carpet e il look super chic: è nata una star","Reduce dalla vittoria di Pechino Express, Chanel Totti ha sfilato ieri pomeriggio sul suo primo red carpet di Cannes.

La figlia di Francesco Totti e Ilary Blasi ha partecipato al red carpet de 'La bataille De Gaulle: L’age de fer' di Antonin Baudry, in veste di ambassador di un brand di skin e body care. Una presenza che si è inserita con discrezione nel flusso del red carpet: in molti, fotografi compresi, non l’hanno notata, complice la consueta folla di attori, attrici, registi, delegazioni, ospiti e volti dello spettacolo che ogni giorno affollano la Croisette grazie anche ai brand che li invitano.

Chanel ha scelto per l’occasione un abito lungo in satin azzurro chiarissimo, con scollatura all’americana, schiena scoperta e una lunghissima coda di cavallo. Sono lontane le immagini di Chanel che osava look decisamente più audaci. Una scelta di stile impeccabile e una trasformazione eccellente.

#Cannes #ChanelTotti #Totti #IlaryBlasi","arts, culture, entertainment and media",60,45,0.8625,1,silver,1,0
tRuGEVNoZm8,ilmessaggero,"Caldo record, i primi 4 bollini rossi sull'Italia: giovedì allerta massima","Caldo estivo sull'Italia in questa fine di maggio rovente. E spuntano già i primi bollini rossi nel secondo bollettino dell'anno del ministero della Salute, che da questa settimana ha ripreso la diffusione dei suoi report quotidiani sul rischio ondate di calore.

Giovedì 28 maggio l'allerta sarà massima in 4 città: Bologna, Firenze, Roma e Torino, contrassegnate dal livello 3 che indica «possibili effetti negativi sulla salute di persone sane e attive, e non solo sui sottogruppi a rischio come gli anziani, i bambini molto piccoli e le persone affette da malattie croniche».

#caldo #bollinorosso",weather,39,27,0.8436,1,silver,1,0
tpZalZoIJFE,ilmessaggero,"Ucraina, maxi attacco russo nella notte con missili e droni: lanciato anche il razzo Oreshnik","Nella notte tra il 24 e il 24 maggio, le forze russe hanno lanciato un attacco combinato su larga scala con missili e droni contro Kiev e la regione circostante, colpendo edifici residenziali e altre infrastrutture in tutta la capitale. Secondo quanto riportato dalle autorità, almeno una persona è rimasta uccisa e altre 24 ferite. Gruppi di monitoraggio hanno riferito che oltre 50 missili russi e più di 700 droni sono stati lanciati verso l'Ucraina, quasi interamente diretti a Kiev, segnando uno dei più grandi attacchi di massa dell'ultimo anno. Il raid è iniziato intorno all'una di notte ora locale e poi si è ripetuto più volte tra le 3 e le 5 del mattino.

Secondo quanto riferito dalle autorità, almeno una persona è rimasta uccisa e altre 21 sono state ferite in tutta la città, con 13 ricoverati in ospedale a Kiev. Tre persone sono rimaste ferite anche nella regione circostante la Capitale.

In risposta all'attacco, l'aeronautica militare polacca ha dichiarato di aver fatto decollare aerei da combattimento polacchi e alleati nel tentativo di proteggere lo spazio aereo polacco. L'ultimo attacco giunge poche ore dopo che il presidente Volodymyr Zelensky aveva avvertito che la Russia si stava preparando a un'offensiva su vasta scala in tutto il paese, incluso il possibile utilizzo del missile a medio raggio Oreshnik contro l'Ucraina.

«Stiamo osservando segnali di preparazione per un attacco combinato sul territorio ucraino, inclusa Kiev, che coinvolgerà vari tipi di armamenti. Le armi a medio raggio specificate potrebbero essere utilizzate in un simile attacco», ha affermato Zelensky, avvertendo i cittadini di rimanere vigili.

#Ucraina #Russia #Oreshnik","conflict, war and peace",120,86,0.8784,1,silver,1,1
tsKJIkIawLc,ilmessaggero,"«Ho 56 anni, i miei figli sono morti e sto crescendo i miei nipoti»","A 58 anni, Cynthia Gonzalez immaginava una pensione tranquilla, fatta di viaggi e tempo da dedicare a sé stessa e al marito. Invece, la vita le ha imposto un nuovo inizio: oggi cresce tre nipoti a Tucson, in Arizona, tra difficoltà economiche, dolore personale e giornate scandite da responsabilità continue.

La storia di Cynthia, riportata da Business Insider, è una storia di amore e altruismo. Cynthia lavora come supervisore IT per la città di Tucson, mentre il marito è responsabile dell’assistenza tecnica nel settore HVAC.

Entrambi percepiscono stipendi compresi tra i 40 e i 50 mila dollari annui. Per anni hanno costruito con fatica una stabilità economica e familiare, dopo un passato segnato da dipendenze e da un contesto familiare complicato.
Già in passato la coppia aveva accolto in affido alcuni bambini della famiglia, arrivando ad adottare una nipote allora undicenne. Convinti di aver concluso quella fase della loro vita, avevano rinunciato alla licenza per l’affido e iniziato a pensare alla pensione. Ma tutto è cambiato quando la figliastra di Cynthia, dopo un periodo difficile, è tornata a vivere vicino a loro durante una gravidanza. Poco dopo la nascita del suo quarto figlio, Cynthia e il marito hanno preso con sé due dei bambini, incluso il neonato. Nel 2024, la donna è morta.

«Ero sotto shock - racconta Cynthia - A 56 anni non immaginavo certo di dover ricominciare da capo con una neonata».

Oggi la coppia si occupa di tre ragazzi di 2, 12 e 16 anni. Hanno già adottato il più piccolo e stanno completando l’iter per l’adozione della dodicenne. Una situazione che ha cambiato radicalmente le loro prospettive, anche economiche. Cynthia avrebbe potuto andare in pensione nel settembre scorso, ma non può più permetterselo.


L'impegno economico
Le spese sono aumentate rapidamente: il funerale della figliastra, il costo del cibo, l’asilo nido da 800 dollari al mese, le visite mediche e persino l’acquisto di un’auto più grande per trasportare tutta la famiglia. “Anche comprare il detersivo è diventato difficile”, spiega.

La pressione si riflette anche sulla salute mentale. Cynthia sta ancora elaborando il lutto per il figlio morto di leucemia nel 2021 e racconta di aver vissuto mesi di forte stress e stanchezza. “Perdevo i capelli e non riuscivo nemmeno a elaborare tutto quello che stava succedendo”.

Le sue giornate iniziano alle 5:30 del mattino. Tra scuola, asilo, lavoro, cucina, compiti e gestione della casa, sente spesso di vivere “come un robot”. Eppure, nonostante la fatica, considera questa esperienza anche una benedizione: “Poter offrire ai miei nipoti una casa sicura è la cosa più importante”.


La famiglia
Accanto a lei c’è una famiglia molto presente. La figlia Serina Palacio, quarantenne e madre di quattro figli, la aiuta nella gestione quotidiana dei bambini nei giorni liberi dal lavoro come barista. “Ci vuole un intero villaggio per crescere un bambino”, dice Serina, spiegando come il rapporto con la madre, un tempo complicato, si sia rafforzato proprio grazie alla maternità.

Cynthia cerca di trasmettere ai nipoti stabilità, tradizioni e senso di appartenenza. Organizza feste di famiglia, prepara tamales per tutti e cerca di insegnare ai ragazzi che l’amore si dimostra soprattutto con i fatti.

Non nasconde però le sue preoccupazioni per il futuro. “So che i nonni che crescono i nipoti sono molti più di quanto si pensi”, osserva. “E credo che si dovrebbe fare molto di più per aiutare chi si trova in questa situazione”.

Nonostante tutto, continua ad andare avanti con determinazione. “Sto dando ai miei figli il sostegno che io avrei voluto avere da adolescente”, conclude. “E in qualche modo, questo sta aiutando anche me a guarire”.

#nonni #nipoti #pensione",society,5,0,0.0,0,silver,0,0
uspa1Jr1aVg,ilmessaggero,"Autostrada, multa e punti patente tolti a chi non viaggia sulla corsia più a destra","Sulle autostrade italiane è una delle abitudini più diffuse: automobilisti che viaggiano stabilmente nella corsia centrale o addirittura in quella di sorpasso, mentre la corsia di destra resta libera per lunghi tratti.

Magari senza neppure l'ombra di un tir che viaggia a velocità contenuta. Un comportamento che molti considerano normale o addirittura più sicuro, ma che in realtà può trasformarsi in una violazione del Codice della strada con conseguenze economiche e amministrative tutt’altro che leggere. La regola, infatti, è molto chiara.

L’articolo 143 del Codice della strada stabilisce che i veicoli devono circolare il più possibile vicino al margine destro della carreggiata. Nelle autostrade a più corsie per senso di marcia questo significa una cosa precisa: la corsia di destra deve essere quella normalmente utilizzata per viaggiare, mentre le altre servono esclusivamente per effettuare sorpassi o per specifiche esigenze di circolazione.

Di conseguenza, chi procede a lungo nella corsia centrale quando quella di destra è libera può essere multato anche se sta rispettando i limiti di velocità.

La violazione non dipende infatti dall’andatura del veicolo, ma dalla posizione occupata in carreggiata senza una valida motivazione.

Le eccezioni previste dalla normativa sono limitate. È consentito restare nella corsia centrale quando si sta sorpassando un altro veicolo, quando ci si prepara a effettuare un sorpasso in condizioni di sicurezza oppure quando la corsia di destra è temporaneamente inutilizzabile a causa di traffico, lavori, ostacoli o indicazioni della segnaletica. Al di fuori di queste situazioni, mantenere la corsia centrale come “corsia di crociera” costituisce un’infrazione.

Ancora più severa è la disciplina relativa alla corsia di sinistra. La corsia di sorpasso non può essere utilizzata in modo continuativo per viaggiare, ma soltanto per il tempo necessario a completare la manovra. Restare inutilmente a sinistra rallenta il traffico, aumenta il rischio di manovre improvvise e può favorire comportamenti pericolosi da parte degli altri automobilisti.

Uno degli aspetti che genera più confusione riguarda il cosiddetto sorpasso a destra. Il Codice della strada vieta di spostarsi volontariamente sulla corsia di destra per superare un veicolo e poi rientrare a sinistra. Questa manovra è considerata pericolosa perché inattesa dagli altri conducenti.

Diverso è invece il caso del semplice superamento. Se un automobilista sta già viaggiando regolarmente nella corsia di destra e continua a procedere mentre le corsie centrali o di sinistra rallentano, non sta necessariamente commettendo un’infrazione. In presenza di traffico intenso o di file che scorrono a velocità differenti, il superamento può avvenire senza alcuna manovra irregolare.

Le sanzioni previste per chi occupa senza motivo la corsia centrale o quella di sorpasso vanno da 42 a 173 euro, con la perdita di 4 punti dalla patente. Per chi effettua invece un vero sorpasso a destra le conseguenze sono più pesanti: multa da 83 a 332 euro e decurtazione di 5 punti.

Va ricordato inoltre che queste violazioni possono essere contestate direttamente dalle pattuglie della Polizia Stradale o dei Carabinieri anche senza autovelox o sistemi automatici di rilevamento. Basta l’osservazione del comportamento del conducente per far scattare la sanzione.

#autostrada #multe #codicedellastrada","crime, law and justice",72,33,0.8423,1,silver,1,1
wY27sDepyCY,ilmessaggero,"Maldive, l'Università di Genova riattiva i profili di Monica Montefalcone e Muriel Oddenino","Sono stati riattivati dall'università di Genova i profili di Monica Montefalcone e Muriel Oddenino, la professoressa e l'assegnista di ricerca del Distav che, insieme alla figlia di Monica Montefalcone, Giorgia Sommacal, Federico Gualtieri e a Gianluca Benedetti, sono morti lo scorso 14 maggio durante un'immersione alle Maldive.

Sull'homepage del Distav è stato pubblicato un messaggio di cordoglio alle famiglie delle vittime. «Sentiamo il bisogno di spiegare che se è parso strano e forse segno di scarsa partecipazione emotiva il silenzio che abbiamo cercato di mantenere in questa drammatica settimana, in realtà è stato proprio, al contrario, segno di lutto e rispetto. Non solo, infatti, abbiamo ritenuto necessario attenerci alla discrezione nel rilasciare dichiarazioni pubbliche per via delle indagini in corso, ma abbiamo ritenuto fosse il modo più rispettoso di onorare chi ci ha lasciato, evitando congetture, speculazioni e infondate spiegazioni tratte magari da mal interpretate dichiarazioni».

«Ma soprattutto - prosegue Unige - il silenzio è stato segno di lutto, un lutto profondo, non certo comparabile a quello dei congiunti delle vittime, ma il lutto di una comunità di decine di persone, fatta di colleghi e soprattutto di studenti. Sono proprio stati loro, gli studenti e i ragazzi del gruppo di ricerca della Prof. ssa Montefalcone, i compagni di lavoro di Muriel e che avevano seguito Federico per la tesi, le persone che più di ogni altro abbiamo sentito il bisogno di proteggere e tutelare. Non solo attraverso la vicinanza fisica di tanti di noi e l'attivazione di percorsi di supporto psicologico, ma soprattutto non contribuendo a quell'ondata di esternazioni, sulla stampa e soprattutto sui social, che ha causato una bulimia di ricerca di notizie, aggiornamenti, indiscrezioni, esacerbando oltre misura il dolore e il senso di confusione nella ricerca di cause e responsabilità. Il silenzio, la discrezione non sono insensibilità ma sono segno di rispetto, vicinanza interiore e lutto condiviso».

#Maldive #MonicaMontefalcone #MurielOddenino #Genova",education,14,7,0.7529,1,silver,1,0
wuV0pjIxSxc,ilmessaggero,"Stewart McLean, trovato morto l'attore di “Virgin River”: il 45enne era scomparso nel nulla","Giallo sulla morte dell'attore canadese Stewart McLean, 45 anni: noto per le sue apparizioni nella serie Netflix Virgin River, è stato trovato senza vita dopo giorni di ricerche. Le autorità canadesi hanno confermato che il caso della sua scomparsa è stato trasformato in un’indagine per omicidio.

A comunicarlo è stato l’Integrated Homicide Investigation Team, che venerdì 22 maggio ha annunciato il ritrovamento dei resti dell’attore nell’area di Lions Bay, una località costiera della Columbia Britannica, in Canada, situata tra Vancouver e Squamish, lungo la Sea-to-Sky Highway.

La notizia è stata riportata dalla rivista «People». McLean era stato denunciato come disperso il 18 maggio. Secondo quanto riferito dalla Royal Canadian Mounted Police, l’attore era stato visto per l’ultima volta il 15 maggio nella sua abitazione di Lions Bay. Il giorno successivo alla denuncia, le autorità avevano avviato un appello pubblico per raccogliere informazioni utili alle ricerche. Nel corso delle indagini, gli investigatori dellla polizia hanno raccolto elementi che hanno portato a ipotizzare un omicidio.

«Attraverso le attività investigative sono emerse prove che indicano che il signor McLean potrebbe essere stato vittima di un omicidio», si legge nel comunicato diffuso dalla polizia canadese. Dal 20 maggio il caso è stato affidato all'Integrated Homicide Investigation Team, che sta lavorando per chiarire la dinamica dei fatti. Nel corso della sua carriera, McLean ha preso parte anche serie crime 'Murder in a Small Town', alla produzione true crime 'Happy Face' e al film televisivo 'The Killer Inside: The Ruth Finley Story'. Ha recitato in numerose serie tv come 'Supernatural', 'Travelers', 'Beyond', 'Silicon Valley - La valle del boom', 'Siren' e 'Delitti e misteri a Gibson'.

#StewartMcLean #VirginRiver #morto","crime, law and justice",3,0,0.0,0,silver,0,1
xidc0WrUQBc,ilmessaggero,"Francesco Facchinetti: «Non ho talento, non sono un artista. Papà ha cambiato la musica italiana»","«Non mi sento una persona di talento». Francesco Facchinetti si racconta a Ciao Maschio nella puntata in onda sabato 23 maggio. Ospite di Nunzia De Girolamo, il manager e conduttore riflette sul proprio percorso personale e professionale, partendo dal confronto inevitabile con il padre Roby Facchinetti: «Non mi sento un artista, non lo sono. Sono cresciuto in una casa con una persona di estremo talento che è mio padre».

Il talento di Roby Facchinetti
Facchinetti parla del padre come di «un artista che ha cambiato la musica italiana e ha fatto la storia della musica italiana e non solo». Crescere accanto a lui, spiega, gli ha permesso di osservare da vicino cosa significhi davvero avere talento: «Ho respirato, ho toccato con mano il talento, la perseveranza che un talento ha, la voglia di vivere in maniera anche complicata e complessa». Un’eredità importante, ma anche un termine di paragone difficile, soprattutto per chi ha scelto una strada diversa da quella dell’artista puro.

«La perseveranza può superare il talento»
Facchinetti rivendica però una qualità che considera decisiva: la perseveranza. «Ho una caratteristica che forse oggi vale anche più del talento: la perseveranza», racconta alla conduttrice. Secondo lui, proprio questa capacità di insistere e crederci può aprire spazi anche a chi non si riconosce nella definizione tradizionale di artista: «Le persone come me probabilmente trovano spazio perché la perseveranza può superare anche il talento. Quello che ho fatto lo devo al fatto che ci ho creduto». Una risposta che arriva mentre Nunzia De Girolamo gli riconosce una particolare abilità: quella di scoprire persone non famose e contribuire a trasformarle in volti conosciuti.

Le paure della paternità
Nel corso dell’intervista, Facchinetti parla anche delle fragilità, del successo, dell’eredità artistica del padre e delle paure legate alla paternità. «La preoccupazione per i figli ti mangia dentro», ammette. Il manager racconta di essere abituato a proteggere gli altri più che a chiedere aiuto per sé: «Cerco di dare sempre il meglio di me stesso. Forse ho sbagliato in questo. Non ho mai cercato aiuto nei momenti più difficili in qualcun altro». Poi aggiunge: «Ho sempre cercato di aiutare qualcun altro. E nelle parti mie difficoltose mi sono sempre chiuso dentro me stesso per cercare una strada, una direzione per uscirne fuori». Il passaggio più personale arriva quando parla dei figli. Padre di quattro figli, «tre bimbe e un bimbo», Facchinetti spiega come la responsabilità genitoriale abbia acceso in lui paure nuove: «Oggi i miei pensieri sono quasi tutti rivolti verso i miei figli». Da questa preoccupazione sono nate anche sensazioni mai provate prima: «Ho anche passato dei momenti provando delle cose che non mi erano mai successe. Non mi erano mai successi gli attacchi di panico, provando delle sensazioni dentro me stesso completamente nuove». Una paura che si manifesta soprattutto quando sente di non poter essere presente: «Mi succede quando sono impossibilitato ad aiutare i miei figli se ne hanno bisogno, sull’aereo per esempio. Quando faccio voli di dieci ore, il pensiero di non poter aiutare i miei figli se ne hanno bisogno in quel momento mi mette in un’agitazione che non mi era mai successa in vita mia».

#FrancescoFacchinetti #RobyFacchinetti #Pooh","arts, culture, entertainment and media",36,24,0.838,1,silver,1,0
yhQY_bLvUW4,ilmessaggero,"Morso da una vipera mentre lavora nei campi, corre in farmacia ma non vendono più il siero","Montecilfone. Un agricoltore di 60 anni è stato morso da una vipera mentre stava lavorando nei campi. L’uomo è stato colpito a un dito e, subito dopo l’incidente, si è precipitato in paese cercando aiuto in farmacia, convinto di poter reperire un siero antivipera.

Una volta arrivato, però, ha scoperto che il trattamento non viene più distribuito nelle farmacie territoriali.

Le disposizioni sanitarie prevedono infatti che il siero venga somministrato esclusivamente in ospedale e sotto stretto controllo medico, a causa del possibile rischio di gravi reazioni allergiche. È stato quindi richiesto l’intervento del 118 e il sessantenne è stato trasferito d’urgenza all’ospedale San Timoteo di Termoli dove gli è stato iniettato il siero.

Attualmente l’uomo è ricoverato nel reparto di Rianimazione per controlli e monitoraggio costante.

#IlMessaggero #molise",health,41,3,0.5503,0,gold,0,0
--MR6eZv9rg,lastampa,"Elezioni comunali, i primi EXIT POLL","Elezioni comunali per circa 6,6 milioni di italiani. Lo spoglio delle schede è iniziato alle 15, subito dopo la chiusura dei seggi. L’affluenza registrata ieri alle 23 era del 46,31 per cento. In questa tornata elettorale sono chiamati al voto anche 18 capoluoghi di provincia.

La notizia in aggiornamento su La Stampa

#LaStampa #exitpoll #elezioni",politics and government,2,2,0.6604,0,silver,0,1
10minKX0tHc,lastampa,La NAZIONALE femminile di PALLAVOLO in visita all'OSPEDALE GASLINI di GENOVA,"Alcune atlete della nazionale italiana di pallavolo hanno fatto visita, nella mattina di venerdì 22 maggio, all’ospedale pediatrico Istituto Giannina Gaslini di Genova, accompagnate dal commissario tecnico Julio Velasco. Le azzurre hanno trascorso alcune ore in compagnia dei bambini dei reparti Piattaforma Neuro-Gastro e UOC Neurochirurgia.
 
Credits: Ufficio Stampa Fipav",sport,5,0,0.0,0,silver,0,0
1zahES0B_ds,lastampa,Adib Ajaka: “Il mio villaggio in Libano non esiste più. Qui Israele vuole distruggere tutto”,"Tra pochi giorni Adib Ajaka avrebbe dovuto festeggiare l’anniversario della sua elezione come mukhtar a Yaroun, la carica di amministratore civile di un piccolo centro urbano o di quartiere. Quando ha cominciato il suo mandato non si aspettava che avrebbe passato questo giorno a Beirut, sfollato come tutte le 350 famiglie del suo villaggio, che paga il prezzo di trovarsi al confine con Israele.
Assieme ad altre 55 località, Yaroun rientra nel perimetro della cosiddetta “Linea gialla” istituita dall’esercito di Tel Aviv nel sud del Libano. Una zona occupata dove, nonostante il cessate il fuoco, continuano quotidianamente gli attacchi e le demolizioni e dove i residenti non possono tornare

L’intervista di Giulia Della Michelina è su La Stampa

#LaStampa #Libano","conflict, war and peace",4,2,0.5559,0,silver,0,1
2BBG4eWD4SM,lastampa,"DUBLINO, immobilizzato a terra dagli agenti dopo un presunto FURTO: 35enne muore SOFFOCATO","Centinaia di manifestanti hanno protestato davanti al parlamento di Dublino per la morte di una persona, detenuta da guardie private in un centro commerciale della città con l'accusa di avere rubato dei prodotti e poi apparentemente soffocato durante l'arresto. Yves Sakila, 35enne congolese residente da anni a Dublino, è stato immobilizzato a terra dal personale di sicurezza di un popolare shopping center perché sospettato di furto. Almeno cinque guardie private lo hanno tenuto fermo per cinque minuti, davanti ai passanti che guardavano e filmavano la scena con i telefonini.

A un certo punto l'uomo ha perso i sensi e quando sono arrivati i soccorsi è stato troppo tardi: era deceduto. L'episodio ha riportato alla memoria la morte di George Floyd, il cittadino afroamericano ucciso nel 2020 a Minneapolis da un agente di polizia che gli aveva premuto il ginocchio sul collo per diversi minuti durante un arresto.

Video Instagram","crime, law and justice",0,0,0.0,0,silver,0,1
2qHnhyDPnsE,lastampa,Sviene per il caldo in Vaticano durante l'udienza: anche il Papa accorre in suo aiuto,"Leone XIV è accorso in aiuto di un uomo svenuto mentre era in fila per stringere la mano al Pontefice dopo un'udienza generale in piazza San Pietro. Il Papa si è inginocchiato accanto all'uomo mentre il personale vaticano prestava le prime cure al pellegrino colto da malore. Quando Prevost è tornato a salutare la folla, i soccorritori hanno portato via l'uomo su una sedia a rotelle, proteggendolo dal sole con un ombrello.

Video LaPresse",human interest,1,0,0.0,0,silver,0,0
3RgD1kTewSY,lastampa,"FUNERALI di CARLIN PETRINI, il ricordo degli amici","È stata una cerimonia toccante ed emozionante quella che ha accompagnato l'ultimo saluto a Carlo ""Carlin"" Petrini. Nella sua Bra sono accorsi centinaia di amici e conoscenti che hanno voluto salutare il fondatore di Slow Food. Abbiamo raccolto le voci e i ricordi di alcune personalità dal mondo della politica, della cucina e dello spettacolo che hanno conosciuto Carlin e che ne hanno omaggiato la memoria.

di Davide Cavalleri

#petrini #slowfood",human interest,5,0,0.0,0,silver,0,0
3mh7vLQT9Dg,lastampa,"Zadie SMITH al SALONE del LIBRO: ""La RADICALITÀ va dimostrata nel tempo""","Zadie Smith ha inaugurato il Salone del Mondo Salvato dai Ragazzini, dicendo qualcosa della ragazzina che è stata, e che scrive per difendere e far vivere e farle fare quello che fanno le ragazzine: disturbare, cambiare tutto, ribaltare i tavoli, i palchi, le luci, le famiglie, l’amore. Anche se ha confessato di aver detto al suo analista quanto teme che l’adolescente che era non sarebbe fiera dell’adulta che è diventata, ha detto che, comunque, «me la porto sempre sulle spalle».

[…] «A me colpisce sempre molto che i ragazzi di tutte le generazioni si dicano radicali, e poi però finiscono sempre quasi tutti a sposarsi e mandare i figli in università prestigiose, o almeno a provarci. Chi vive abbastanza a lungo vede sempre che ogni generazione finisce con il fare più o meno le stesse cose di quella precedente. Se la GenZ sarà radicale lo vedremo nel tempo. A vent’anni è facile: la radicalità va dimostrata nel tempo, una cosa è dirla ed evocarla, e un’altra è viverla e farla durare nel tempo, consacrarle la propria vita. Per giudicarla, quindi, bisogna aspettare».","arts, culture, entertainment and media",12,11,0.8135,1,silver,1,0
3t2fSV2DSVg,lastampa,"È il giorno del caldo record, nel pomeriggio si tocca il picco: 37 gradi percepiti","Arriverà a 37 gradi la temperatura massima percepita. È il giorno del caldo record in questa che sembra già piena estate. L’ondata di calore che ha invaso tutta l’Europa da inizio settimana ha portato su Torino e il Piemonte temperature record. L’alta pressione che dal Marocco ha investito la penisola iberica e poi tutto il continente toccherà il picco nel pomeriggio. Per far fronte all’emergenza, da oggi aprono i 19 centri climatizzati che il Comune ha messo a disposizione delle persone più fragili.

Il racconto integrale di Marco Accossato è su La Stampa - Torino

#caldo #Torino #LaStampa",weather,2,1,0.2952,0,silver,0,0
4QnUfDKFtl0,lastampa,"Giovanni VERNIA: ""Adoro ridere con le PERSONE, non di loro""","Non tutti possono entrare nel personale pantheon di Giovanni Vernia. “Se lo devono meritare”, dice. Lui che con Cesare Cremonini, Damiano David, Achille Lauro e addirittura Sinner – solo per citarne alcuni – ha fatto divertire l'Italia, non concede l'attenzione a chicchessia.

Cosa la spinge a scegliere un personaggio?
“In realtà non sono io a decidere. Spesso è il personaggio che sembra chiamarmi, perché all'improvviso noto in lui qualcosa che mi colpisce, così comincio a costruire un mondo intorno a quel dettaglio. Le mie, però, non sono imitazioni ma parodie"".","arts, culture, entertainment and media",0,0,0.0,0,silver,0,0
4VCTzc6z_V8,lastampa,"Motociclista grave per un incidente in Crocetta a Torino, un altro scontro in corso Lecce","Gravissimo incidente intorno alle 12, nel quartiere Crocetta, all'angolo tra corso Galileo Ferraris e via Fratelli Carle. Nel sinistro sono state coinvolte un'auto, guidata da una ragazza sui 30 anni, e una moto, condotta da un altro 30enne. Sul posto sono intervenuti i sanitari del 118 di Azienda Zero con l’ambulanza, che hanno prestato immediate cure al centauro: sottoposto alle manovre di rianimazione, in gravi condizioni è stato trasferito all'ospedale Cto. La giovane, al volante della macchina, è stata invece portata al vicino Mauriziano in stato di choc. Un secondo incidente - meno grave - si è registrato, sempre in mattinata, in corso Lecce all’angolo con corso appio Claudio. A scontrarsi due macchine, guidate da due donne.

Il racconto integrale di Caterina Stamin è su La Stampa - Torino

#LaStampa #Torino","disaster, accident and emergency incident",1,0,0.0,0,silver,0,1
4aAIHUfEXwk,lastampa,"Kimi Antonelli: ""Per me la felicità è stare bene e guidare in F1""","Non c'è mai stato nessuno come Andrea Kimi Antonelli nella storia della Formula 1. A 19 anni è già unico nel suo genere, il primo a infilare una dietro l'altra le quattro vittorie iniziali della carriera, non ci sono Senna e Schumacher che tengano. Almeno in questo, poi si vedrà, la sua avventura è ancora all'alba ma intanto è un giovanissimo italiano con i riccioli a dominare la massima categoria dei motori. E comincia a toccare con mano il sogno di succedere ad Ascari, secondo e ultimo connazionale campione del mondo nel lontano 1953, la preistoria sportivamente parlando.

L'intervista di Jacopo D'Orsi su La Stampa

#LaStampa #kimiantonelli",sport,2,0,0.0,0,silver,0,0
4wSTZgL2VOw,lastampa,Pranzi di condominio: nuovi e vecchi inquilini alla Festa dei vicini per costruire comunità,"“Quand’è che si può mangiare?”. Un bimbo si avvicina alla tavola imbandita. Mentre l’odore di salsiccia ai ferri invade il cortile al civico 37 di via Torricelli, c’è chi inizia a scoprire torte salate, salmone crudo, pasta fredda, focaccia e salatini. Con calma, una trentina di persone inizia a mangiare, tra un bicchiere di vino e qualche battuta di circostanza. La Festa dei vicini, nel condominio di Crocetta, mette insieme madamine, residenti di lunga data e qualche giovane.

“In questo codominio c’è da sempre tanta vicinanza” garantisce Alberto Carbone, mentre armeggia con la griglia. Attorno al cibo, in diversi si stringono la mano e chiacchierano del più e del meno, mentre qualcun altro passa i piattini a chi ancora non ha preso nulla.

Il racconto integrale di Francesco Morelli è su La Stampa - Torino

#Torino #LaStampa",society,0,0,0.0,0,silver,0,0
6vmdXYbWkKU,lastampa,"Renzi scrive a La Stampa dopo la lettera di Meloni al giornale: ""Fascista? No. sfascista""","""Caro Direttore,

mi spiace che Giorgia Meloni abbia interrotto l’analisi dei dossier più importanti, da Hormuz ai salari, dal debito pubblico alla sicurezza, per dedicarsi allo scoop del bravo Ilario Lombardo.

La storia è nota. Italia Viva ha fatto una campagna di manifesti per giocare sui treni in ritardo: “Quando c’era lei”, a differenza di quando c’era lui, Benito Mussolini. Un gioco ben riuscito, pensato delle giovani comunicatrici di Italia Viva. E confermo che la Premier è stata sportiva facendomi i complimenti.

Questo non toglie nulla a due punti che devo rimarcare. Il primo. Purtroppo lo scoop di Lombardo è verissimo. Quando abbiamo piazzato nelle stazioni i cartelloni ‘Quando c’era lei i treni arrivavano in ritardo’ è scattato il panico dalle parti del Governo” […].

La lettera integrale di Matteo Renzi è su La Stampa

#LaStampa",politics and government,8,7,0.7831,1,silver,1,1
7WltUj1nyRo,lastampa,"Già 5 blackout in tre giorni, dal Fioccardo a corso Francia paura per l’estate del caldo record","Torino torna ad avere paura dei blackout. E questa volta il timore arriva già a fine maggio. Gli ultimi episodi si sono verificati martedì 26 maggio, in una città già schiacciata dal caldo. Il sindaco Stefano Lo Russo, nel suo intervento settimanale in radio, ha parlato apertamente di “emergenza” riferendosi ai cali di tensione registrati in città. “Abbiamo un problema sulle reti elettriche, vanno cambiati cavi e giunti – ha spiegato Lo Russo – Abbiamo messo in programma la manutenzione delle reti, ma si tratta di un intervento che richiederà parecchio tempo e sarà pervasivo”.

Il racconto integrale di Pier Francesco Caracciolo è su La Stampa - Torino

#blackout #Torino #LaStampa","disaster, accident and emergency incident",4,1,0.156,0,silver,0,1
9fjFTC60K-s,lastampa,Don Ciotti ricorda Carlo Petrini,"«Carlo è stato un visionario e un costruttore: di relazioni, di progetti, di riflessioni. Ma per noi è stato prima di tutto un grande amico. Due cose di lui mi hanno sempre colpito. La capacità di andare controvento: ad esempio elaborando una filosofia della lentezza e della prossimità delle scelte, proprio mentre esplodevano i consumi globalizzati, dentro la società della fretta. E poi la sua fiducia nelle buone idee. Carlo non era un credente, ma credeva profondamente in ciò che faceva, e nella possibilità di convincere e coinvolgere altri. La sua passione per il cibo come nutrimento non solo del corpo, ma anche dello spirito e dei rapporti fra le persone, aveva qualcosa di intrinsecamente spirituale».

Così Luigi Ciotti, presidente Libera e Gruppo Abele, sulla morte fondatore di Slow Food e Terra Madre deceduto nella sua abitazione di Bra, all’età di 76 anni",human interest,1,0,0.0,0,silver,0,0
AO-Q62n9Atw,lastampa,"Cirio e la gag del pupazzo di stambecco, simbolo del Piemonte: “Escluso dalla caccia, una vittoria”","Lo stambecco è salvo e il Piemonte esulta, con tanto di siparietto a Palazzo Lascaris e il pupazzo “Stamby”, come lo chiama il presidente della Regione Alberto Cirio. La specie simbolo del Parco nazionale del Gran Paradiso e della regione Piemonte era inclusa nell’emendamento di revisione della legge 157/92 sulla caccia sul territorio nazionale. Ma dopo una levata di scudi a livello regionale e nazionale il ministro dell’Agricoltura Francesco Lollobrigida, in accordo con tutte le forze di maggioranza di governo, ha fatto dietrofront sulla riforma e lo ha escluso: no alla caccia dell’animale simbolo del Piemonte, né qui né altrove in Italia.

E il presidente della Regione Alberto Cirio, “felice del risultato”, si è presentato a Palazzo Lascaris con un pupazzo dell’animale per donarlo al presidente del Consiglio regionale Davide Nicco “in rappresentanza di tutto il Consiglio - dice Cirio - per noi piemontesi lo stambecco ha una sua sacralità e per certi versi, per noi, l’esclusione della caccia allo stambecco è una battaglia vinta”.

di Andrea Joly",society,0,0,0.0,0,silver,0,0
AfUPOR8trgk,lastampa,Urla e richieste di aiuto in casa di Bélen Rodriguez: i vicini chiamano la polizia e i soccorsi,"Una mattina di tensione nel centro di Milano. Tutto è successo lunedì 25 maggio, in un elegante condominio nel cuore del capoluogo lombardo, dove abita Belén Rodriguez. La nota showgirl argentina di 41 anni è stata soccorsa dalle forze dell'ordine e dal personale del 118 all'interno del suo appartamento in zona Brera. Un intervento che ha richiesto anche l'intervento dei vigili del fuoco e la temporanea chiusura della strada.

L’articolo completo è su La Stampa

#LaStampa","crime, law and justice",63,17,0.8015,1,silver,1,1
Ahb4ApHeze4,lastampa,"Slitta l'accordo tra Usa e Iran. Trump: ""Hormuz resta chiuso""","Donald Trump ha annunciato di aver detto ai negoziatori statunitensi di ""non affrettarsi a raggiungere un accordo"" con l'Iran. “I negoziati stanno procedendo in modo ordinato e costruttivo, e ho informato i miei rappresentanti di non affrettarsi a raggiungere un accordo, dato che il tempo è dalla nostra parte”, ha scritto il presidente su Truth. Secondo fonti Usa l’accordo non avverrà oggi, 24 maggio. Teheran precisa: “Lo Stretto rimane sotto il nostro controllo”. Prossimi colloqui il 5 giugno.

Tutti gli aggiornamenti su La Stampa

#LaStampa #usa #iran",politics and government,4,4,0.7474,1,silver,1,1
B5rQsG98H1A,lastampa,Addio a Carlo Petrini. Il fondatore di Slow Food è morto a 76 anni,"Addio a Carlo Petrini. Il fondatore di Slow Food e Terra Madre è deceduto nella tarda serata di giovedì 21 maggio, nella sua abitazione di Bra, all’età di 76 anni, dopo aver dedicato l’intera vita a promuovere in tutto il mondo il cibo buono, pulito e giusto.

«Chi semina utopia, raccoglie realtà», amava dire Carlin, che sintetizzava così la sua vita, convinto che sogni e visioni, quando sono belli, giusti, capaci di coinvolgere e vissuti con convinzione e passione, possono essere realizzabili

Il ricordo di Roberto Fiori è su La Stampa

#LaStampa",human interest,5,0,0.0,0,silver,0,0
BgE1zDSR_UQ,lastampa,La CENA DELLE ROSE a Celle Ligure,"Una lunga tavolata bianca nel centro del paese. Domenica 24 maggio è tornata a Celle Ligure la tradizionale ‘Cena delle Rose’, un evento benefico organizzato anche per aiutare chi è in difficoltà. Oltre alla Pro Loco di Celle Ligure e alla collaborazione del Comune, a partecipare e a rendere possibile la serata sono stati volontari, ristoratori, commercianti, cittadini e gestori dei bagni marini. Al termine della cena, che ha avuto luogo nel cuore del centro storico tra luci, rose e piatti locali, sono stati raccolti 20mila euro per sostenere Gaslininsieme ETS e l’Associazione Amici Centro Oncologico Pietro Bianucci. I due assegni da 10mila euro ciascuno sono stati consegnati dal sindaco Marco Beltrame.

#savona #liguria",human interest,0,0,0.0,0,silver,0,0
BgEpTbpiZrg,lastampa,La procura di ASTI sulla morte di MATILDE BALDI,"Dopo aver causato l’incidente pigiando a oltre 200 chilometri all’ora, pensava solo alla sua Porsche. A come portarla via, il prima possibile, da quel tratto dell’autostrada Asti-Cuneo, perché aveva «modificato» lo scarico per migliorare il «sound» del motore. Così, mentre la giovane Matilde Baldi era incosciente, riversa sul sedile di una Fiat 500, accanto alla madre ferita gravemente al volto, l’autista di quella Porsche 911 GT3 RS faceva telefonate in cerca d’aiuto, tra i carrozzieri amici.

All’autista di un carro attrezzi, capitato per caso sul luogo dell’incidente, ha chiesto più volte di caricare l’automobile. «No, mi spiace - gli ha risposto l’autista - non lo posso fare. Non si può rimuovere l’auto fino all’arrivo della polizia».

Ne parla Massimiliano Peggio su La Stampa

#LaStampa #Asti","crime, law and justice",0,0,0.0,0,silver,0,1
BwQSunpj06o,lastampa,"Quel pezzo di Piemonte verso l’estinzione, 300 comuni rischiano di scomparire","[…] Macra, comune montano del Cuneese nato nel 1928 dalla fusione di Alma e Albaretto, conta 42 anime. Secondo dati Istat del 28 febbraio 2026, è al quarto posto tra gli ultimi cento Comuni d’Italia per popolazione.

È anche uno dei circa 300 paesi a rischio estinzione in Piemonte, la maggior parte destinati a diventare mete turistiche disabitate se certi trend non si invertiranno: l’inverno demografico con 53.019 decessi e 23.839 nascite registrate nel 2025, scarso accesso ai servizi e alla sanità, assenza di lavoro, isolamento dai poli più attrattivi.

Il racconto integrale è su La Stampa

#Piemonte",society,1,1,0.5,0,silver,0,0
CpM8QrtPcHQ,lastampa,"L'intervista al politologo Carlo Galli: ""Vannacci potrebbe essere il nuovo fenomeno populista""","«Non è uno scenario implausibile». Il professor Carlo Galli risponde così alla domanda se Roberto Vannacci possa essere il nuovo fenomeno populista della politica italiana. «Siamo passati da Matteo Renzi il rottamatore al vaffa di Beppe Grillo, dal Capitano leghista, che voleva prendersi il Sud, alla underdog della destra postfascista. Ora può essere il turno del generale», riflette il politologo, già docente all'università di Bologna e parlamentare del Pd

L’intervista di Niccolò Carratelli è su La Stampa

#LaStampa",politics and government,11,8,0.7821,1,silver,1,1
DOoTrP8aZaA,lastampa,Esplode una miniera di carbone in Cina: la deflagrazione dopo una fuga di gas a Liushenyu,"Almeno 82 persone sono morte in un’esplosione in una miniera di carbone nel nord della Cina, secondo i media statali. «I giornalisti hanno appreso dal luogo dell’esplosione di gas nella miniera di carbone Liushenyu del gruppo Tongzhou, nella provincia dello Shanxi, che l’incidente ha causato 82 morti», ha riferito l’agenzia di stampa statale Xinhua.

Secondo l'agenzia, almeno 201 persone sono state evacuate alle 6:00 di sabato, 23 maggio, ora locale (la mezzanotte italiana). Si contano anche nove dispersi. Non è chiaro quante persone sono intrappolate e le operazioni di soccorso sul posto sono ancora in corso.

Tutti gli aggiornamenti su La Stampa

#LaStampa","disaster, accident and emergency incident",0,0,0.0,0,silver,0,0
Df0NuK_QpRE,lastampa,"Torino-Juve: scontri e tensioni fuori dallo stadio, tre arresti tra i tifosi bianconeri","La vigilia del derby è stata premonitrice: gli scontri sventati nella notte tra il 23 e il 24 maggio dalla Polizia tra gruppi di ultras juventini e granata non sono bastati a disinnescare le tensioni e le violenze.

Alle 17:30 di oggi, 24 maggio, un nutrito corteo di tifosi bianconeri si è mosso in direzione dello Stadio Grande Torino per cercare lo scontro diretto con i sostenitori granata che si erano ritrovati verso le 17 al Filadelfia. La Polizia ha creato un cordone di sbarramento che ha  tenuto a distanza le tifoserie, ma non ha potuto evitare la sassaiola e i lanci continui di fumogeni dei bianconeri.

Il racconto integrale di Francesco Manassero è su La Stampa

#LaStampa",sport,24,17,0.8248,1,silver,1,1
EgBOSb56TPY,lastampa,Senza targa né casco in monopattino: perché il Comune ha scelto di non intensificare i controlli,"Dal 17 maggio è operativo il regolamento ministeriale che introduce la targa identificativa per i monopattini elettrici (non averla comporta una sanzione da 100 a 400 euro). Su questo punto, però, il Comune di Torino ha scelto una linea morbida. “Non abbiamo organizzato servizi specifici dedicati al controllo di questa norma” spiega il comandante della Polizia locale, Roberto Mangiardi.

Una posizione anticipata lunedì in Consiglio comunale dall'assessore alla Sicurezza Marco Porcedda — “i controlli non saranno intensificati, anche perché le procedure ministeriali stanno subendo rallentamenti” — e ribadita in radio dal sindaco Stefano Lo Russo: “Ben venga la targa, che aiuta a sanzionare chi non rispetta il Codice della strada - dice - Ci auguriamo che il sistema entri a regime il prima possibile”.

Il racconto integrale di Pier Francesco Caracciolo è su La Stampa - Torino

#monopattini #Torino",politics and government,2,2,0.6604,0,silver,0,1
G9SYz7iu2Us,lastampa,"Ebola nel Comasco, ricoverati due cooperanti: scatta il protocollo sanitario","Scatta l'allerta sanitaria a Lurate Caccivio, comune in provincia di Como, dopo che le autorità locali hanno avviato il protocollo previsto per i sospetti casi di Ebola. La sindaca Serena Arrighi ha reso nota la situazione alla comunità attraverso un comunicato ufficiale.

Il caso ha avuto origine all'aeroporto di Malpensa, dove alle prime ore del mattino sono atterrati due passeggeri provenienti dall'Uganda con scalo ad Addis Abeba. I due presentavano sintomi compatibili con l'infezione da virus Ebola e sono stati prontamente messi in isolamento. Il trasporto all'ospedale Sacco di Milano è avvenuto a cura dei vigili del fuoco; lì i pazienti sono stati sottoposti a una batteria di esami per escludere diverse patologie infettive, tra cui malaria ed Ebola.

La notizia integrale è su La Stampa

#LaStampa",health,2,2,0.6604,0,silver,0,1
GAfwi8V9jSE,lastampa,Prende a morsi il dito della rivale in amore e le stacca una falange,"È quasi mezzanotte quando la centrale operativa del 112 riceve una chiamata. «Venite subito, ho bisogno di aiuto. Sono stata aggredita». A parlare dall’altro capo del telefono è una donna, sulla cinquantina, ancora scossa. Riferisce di essere al pronto soccorso dell’ospedale Mauriziano e così, gli agenti della polizia di Stato, la raggiungono lì il prima possibile. Quando arrivano si accorgono che non è da sola: la trovano in compagnia di un’altra donna e un uomo, all’incirca della stessa età. La vittima mostra ai poliziotti la mano, come aveva fatto poco prima con i medici e gli infermieri che l’hanno soccorsa: le mancava una falange perché - è quanto avrebbe raccontato - gliel’aveva staccato a morsi la donna che era con lei.

Ne parla Caterina Stamin su La Stampa

#LaStampa #Torino","crime, law and justice",10,5,0.7182,1,silver,1,1
GdEhF2i3Frg,lastampa,Viaggiava sull'A26 con 16 chili di marijuana nascosti nell'automobile arrestato,"La polizia stradale di Ovada ha sequestrato oltre 16 chili di marijuana durante un controllo sull’autostrada A26 in direzione Sud. Arrestato un uomo di circa 40 anni. Il conducente, apparso subito nervoso, avrebbe cercato di sviare l’attenzione dei poliziotti. Il forte odore proveniente dall’abitacolo ha spinto gli operatori ad approfondire il controllo. Nel portabagagli, all’interno di un vano nascosto, sono stati trovati 16 involucri contenenti marijuana per un peso complessivo di circa 16 chili, oltre a circa 3 mila euro in contanti.

Il racconto integrale di Adelia Pantano è su La Stampa

#LaStampa","crime, law and justice",0,0,0.0,0,silver,0,1
HVSV4RxWid8,lastampa,"Il questore dopo gli scontri al derby di Torino: “Non siamo ostaggi, ho detto io di giocare”","Il giorno dopo i disordini che hanno preceduto il derby della Mole, il questore di Torino Gambino mette subito in chiaro un aspetto: «Gli ultras non volevano che la partita si giocasse e minacciavano di fare invasione di campo, noi non siamo stati loro ostaggi». Ma il primo pensiero è per Marco Leonardo Basoccu, il tifoso juventino rimasto gravemente ferito e tutt’ora in terapia intensiva: «Non sappiamo da quale oggetto sia stato colpito». […]

Il racconto integrale di Caterina Stamin è su La Stampa - Torino

#LaStampa",sport,1,1,0.5,0,silver,0,1
I7pw3qBi5vc,lastampa,"Spagna, Guardia Civil nella sede del Psoe per possibile finanziamento illecito","Agenti della Guardia Civil spagnola si sono presentati all'alba di mercoledì 27 maggio nella sede centrale del Partito Socialista spagnolo (Psoe), in via Ferraz a Madrid, secondo quanto anticipato da El Confidencial e confermato da altri media. Stando a fonti vicine all'inchiesta, citate dalla Cadena Ser, l'operazione è disposta dal tribunale dell'Audiencia Nacional per cercare informazioni nell'ambito di un'inchiesta coperta da segreto istruttorio, diversa dal caso Plus Ultra, relativo al salvataggio finanziario della compagnia aerea, su cui indaga la stessa corte

La notizia completa è su La Stampa

#LaStampa","crime, law and justice",9,6,0.7541,1,silver,1,1
IJjb9oePuN8,lastampa,In Piemonte il primo fondo regionale per sostenere chi denuncia le mafie,"Il Piemonte è la prima regione italiana a istituire un fondo da 800 mila euro per il sostegno economico dei testimoni di giustizia, vale a dire tutte quelle persone che decidono di esporsi e denunciare gravi reati per contrastare la criminalità organizzata. A spiegare la ratio del nuovo strumento è il governatore Cirio: “La misura rappresenta un unicum nel panorama nazionale – dice –. L'obiettivo è testimoniare, anche nei fatti, la vicinanza a chi sceglie di denunciare mettendo a rischio non solo la propria vita, ma anche la propria stabilità economica e familiare. La cosa importante è non girarsi dall'altra parte, oggi diamo un aiuto in più perché le persone facciano la scelta giusta”.

Il racconto integrale di Diego Molino è su La Stampa - Torino

#Piemonte #LaStampa","crime, law and justice",0,0,0.0,0,silver,0,0
JJY3bLFQ4cQ,lastampa,"Il padre del TIFOSO JUVENTINO ferito a TORINO: ""Mio figlio è grave""","All'uscita dell'ospedale delle Molinette, dove il figlio Marco è ricoverato dalla sera del 24 maggio 2026, Pierluigi Bessoccu non vuole fare polemica: ""Ora l'importante è che Marco si riprenda"". Spiega che il figlio, commercialista milanese, non è un ultras esagitato. Non vuole che si inizi la narrativa sulle tifoserie violente, ma non vuole nemmeno che si minimizzi: ""Non è stata una bottiglietta a fare quel danno - dice - Me l'hanno confermato anche i medici: la ferita è grave"". Poi riporta le testimonianze di altri tifosi che hanno raccontato alla famiglia che i lacrimogeni venivano sparati ad altezza d'uomo: ""Bisognerà verificare, come ci ha detto il magistrato"".

Servizio Gianni Giacomino | Video Alberto Giachino (Reporters)","crime, law and justice",6,5,0.7526,1,silver,1,1
JhFPl2YE2gE,lastampa,Volo DEVIATO per un POWER BANK in carica in stiva,"Un volo EasyJet diretto nel Regno Unito è stato costretto a fare scalo a Roma dopo che a bordo è stato segnalato una power bank in carica all’interno del bagaglio di un passeggero.

Secondo la compagnia, il comandante ha deciso di deviare il volo in base alle norme di sicurezza dopo che un passeggero aveva informato l’equipaggio che il caricatore portatile si trovava nella stiva dell’aereo mentre era in uso. Negli ultimi anni molte compagnie aeree hanno infatti introdotto regole più severe sulle power bank, a causa del rischio che le batterie al litio possano surriscaldarsi o incendiarsi

La notizia è su La Stampa

#LaStampa","disaster, accident and emergency incident",6,3,0.6441,0,silver,0,0
Kzo-6oQ9iXU,lastampa,"La Casa Bianca: ""Una totale invenzione la bozza di accordo dei media di Teheran""","La Casa Bianca ha definito una ""totale invenzione"" la bozza di memorandum diffusa dai media iraniani. ""Nessuno dovrebbe credere a ciò che diffonde la televisione di Stato iraniana"", ha dichiarato su X l'account Rapid Response, vicino all'amministrazione del presidente Donald Trump, respingendo l'ipotesi che sia in corso un'intesa preliminare tra Washington e Teheran.

La notizia integrale è su La Stampa

#LaStampa",politics and government,0,0,0.0,0,silver,0,1
L36MVXLfJIk,lastampa,"SUB alle MALDIVE, la mamma di Gualtieri: “Quegli insulti sui social da persone ignoranti”","«In questi giorni ho provato più volte a immaginare cosa possa essere successo in quei fondali. Mi sono data tante spiegazioni possibili. Speriamo che l’analisi delle GoPro dia qualche risposta. Ma, in realtà, alla fine poco cambia». Dopo il ritrovamento del corpo, Manuela Beretta aspetta il ritorno a Omegna del figlio Federico Gualtieri, il trentenne sub e ricercatore cusiano morto alle Maldive durante un’immersione scientifica con un gruppo dell’università di Genova, ateneo in cui poco prima si era laureato con 110 e lode in Ecologia e biologia marina. […]

Il racconto di Luca Bilardo su La Stampa - Vco

#LaStampa","disaster, accident and emergency incident",34,7,0.723,1,silver,1,1
LbS8IM5HKro,lastampa,"Sms, falsi tecnici e telefonate-trappola: al mercato arriva l'ufficio mobile antitruffa","Diversi torinesi hanno ricevuto una telefonata sospetta: una voce, dall'altra parte della linea, sosteneva che la carta d'identità elettronica fosse scaduta e chiedeva dati personali per regolarizzare la situazione. È soltanto l'ultimo episodio di una lunga serie di raggiri. È anche per questa ragione che Palazzo Civico ha deciso di rafforzare le attività di prevenzione.

Il primo filone è partito con una serie di appuntamenti nelle bocciofile e nei centri anziani. Qui gli agenti della Polizia Locale spiegano come riconoscere raggiri telefonici, falsi tecnici, sms-trappola e finti appartenenti alle forze dell'ordine. Il secondo è invece cominciato al mercato di corso Racconigi, dove è stato presentato il nuovo ufficio mobile anti truffa della Città: un van attrezzato che raggiungerà i mercati torinesi per portare prevenzione e assistenza direttamente in strada.

Il racconto integrale di Pier Francesco Caracciolo è su La Stampa - Torino

#Torino #LaStampa","crime, law and justice",0,0,0.0,0,silver,0,0
MqBVe40Gtgw,lastampa,'Palle di fuoco' e dischi volanti: il Pentagono pubblica la seconda serie dei documenti sugli Ufo,"Il Pentagono ha pubblicato una nuova serie di 64 file su Ufo o Uap (unidentified anomalous phenomena), svelando una seconda tranche di documenti che include una testimonianza diretta del 2025 di un ufficiale dell'intelligence che lo ha lasciato ""praticamente senza parole"". I file, che possono essere consultati sul sito web militare dedicato messo a punto dal Dipartimento della Difesa, seguono l'ordine esecutivo di inizio anno del presidente Donald Trump sulla diffusione del materiale. [...]

La notizia completa è su La Stampa",science and technology,3,2,0.5963,0,silver,0,1
Nn2S6Mdb480,lastampa,"Clerici: ""Dalla prima puntata de La prova del cuoco sono passati 26 anni""","Antonella Clerici ha un sorriso dentro la voce. […] «Io non voglio vivere sempre esposta. Nel weekend resto in campagna, non voglio monturarmi anche il sabato e la domenica».

Montu...che?
«Monturarmi, pettinarmi e truccarmi da parata. Questa è la vita che volevo vivere, dedicare tutto il tempo che posso alla famiglia e agli amici».

Com’è cambiato il Paese in questi anni?
«Dalla prima puntata di La prova del cuoco sono passati 26 anni e il Paese è tutto diverso. Ora ci sono i social, che in due minuti ti spiegano cosa fare, come impastare, cosa fai bene e cosa sbagli, non solo in cucina ovviamente, anche quando parliamo di attualità o di libri. Tutto è più veloce, tutto è sottoposto a un giudizio immediato».

L’intervista integrale di Alberto Infelise è su La Stampa

#LaStampa","arts, culture, entertainment and media",2,0,0.0,0,silver,0,0
OJNbCddOOAw,lastampa,Torna l'annuale 'Cheese Rolling' in Gran Bretagna,"Centinaia di persone si sono riversate a Cooper's Hill, nel Gloucestershire, per l'annuale gara del “Cheese Rolling” - il formaggio che rotola -, tradizionale competizione britannica in cui i partecipanti si lanciano giù da una collina per inseguire una forma di formaggio. 
 
Quest'anno, l'ambita forma di formaggio è stata conquistata dal tedesco YouTuber Tom Kopke, che ha vinto la folle gara per la seconda volta consecutiva

Video Reuters",lifestyle and leisure,1,0,0.0,0,silver,0,0
OL92O_tquNE,lastampa,"Il segretario alla Salute Usa, Robert Kennedy Jr, afferra due serpenti e viene morso","Il segretario alla Salute degli Stati Uniti, Robert F. Kennedy Jr, è stato morso mentre maneggiava due serpenti black racer, non velenosi, nel patio della casa in Florida di Mehmet Oz. Nel video pubblicato dallo stesso segretario Usa, la moglie Cheryl Hines gli chiede più volte di lasciarli andare. Kennedy continua però a tenerli in mano, minimizzando il rischio. Secondo il Florida Museum of Natural History, questi serpenti non sono pericolosi per le persone, ma possono mordere se vengono afferrati o disturbati.
 
Video X",human interest,5,3,0.6613,0,silver,0,1
OjpQt5jLMR0,lastampa,"Zaia ricorda Petrini: ""Mi dicevano 'Fai attenzione perché è un uomo di sinistra'""","«Fai attenzione, perché è un uomo di sinistra», mi dicevano tutti prima che incontrassi Carlin Petrini. Io trovai una persona illuminata, unica».

Luca Zaia ricorda ancora il suo primo incontro con il fondatore di Slow Food. «Era il 2008 e un giornale organizzò un faccia a faccia tra il ministro leghista e il comunista Carlin Petrini. Doveva essere uno scontro ideologico, invece il giornalista rimase deluso: sugli Ogm, sulla difesa delle produzioni locali, sulla sostenibilità e sulla tutela dei contadini eravamo completamente d’accordo».

Il racconto integrale di Francesco Moscatelli è su La Stampa

#LaStampa",politics and government,2,0,0.0,0,silver,0,1
P3mH2_kNa3g,lastampa,"Negli ultimi 2 anni, 7 milioni di italiani si sono sottoposti a un ritocco estetico","Sette milioni di italiani che negli ultimi due anni si sono sottoposti almeno una volta a un ritocco estetico. Tra gli under 25 la quota sale addirittura al 30%. E mentre TikTok e Instagram trasformano filler e botulino in prodotti da consumo rapido, la medicina estetica diventa sempre più un business “usa e getta”: mini-cliniche, medici a gettone, promozioni lampo e trattamenti acquistati quasi come un paio di scarpe online.

Ne parla Paolo Russo su Specchio - La Stampa",lifestyle and leisure,0,0,0.0,0,silver,0,1
Q7WV2-97Pms,lastampa,I sommozzatori che hanno recuperato i corpi dei sub italiani deceduti alle Maldive,"I sommozzatori specializzati che hanno concluso le operazioni di ricerca e recupero dei sub italiani deceduti alle Maldive, in un filmato diffuso da DAN Europe, hanno voluto mandare un messaggio di condoglianze alle famiglie delle vittime e di ringraziamento alle autorità italiane e delle Maldive. 
 
""Il nostro desiderio era aiutare le famiglie e riportare i corpi dei sub deceduti a casa"", ha detto Sami Paakkarinen a nome del team finlandese. Le autorità maldiviane stanno indagando su diverse possibili cause della morte dei cinque subacquei che si erano immersi in una grotta sottomarina per esplorarla.
 
Video Reuters","disaster, accident and emergency incident",153,2,0.3914,0,silver,0,0
Se4Xc-lj7MQ,lastampa,"""Re CARLO è MORTO"": l'annuncio dato per errore da una RADIO britannia","L'ex emittente pirata britannica Radio Caroline mercoledì stava trasmettendo ""What's Up?"", dei 4 Non Blondes, quando la canzone è stata improvvisamente interrotta da un annuncio: ""Sospendiamo i programmi abituali in segno di rispetto per la morte di Re Carlo III"". Si è trattato naturalmente di un errore - il sovrano è vivo e in salute - dovuto a un errore tecnico: è partito il file preregistrato che ogni emittente britannica è tenuta a conservare per trasmetterlo al momento del decesso (vero) del re o della regina. Radio Caroline si è prontamente scusata per l'accaduto

La notizia è su La Stampa

#LaStampa #ReCarlo #Uk",human interest,8,3,0.6204,0,silver,0,0
USEcZUmZYv0,lastampa,Leone XIV incontra ad Acerra le madri dei bambini morti di cancro a causa dei rifiuti tossici,"Ad Acerra, nel cuore della Terra dei fuochi, Leone XIV denuncia il «concentrato mortale di oscuri interessi e indifferenza al bene comune che ha avvelenato l’ambiente naturale e sociale».

Il Papa lancia dalla Gomorra della catastrofe sanitaria più grave d’Europa «un grido che chiede conversione». Stamattina, 23 maggio, Leone XIV è partito in elicottero dall’eliporto del Vaticano per incontrare i fedeli del dell’hinterland nord di Napoli devastato dalle ecomafie.

Il racconto integrale di Giacomo Galeazzi è su La Stampa

#LaStampa",society,1,0,0.0,0,silver,0,1
UyjGXWc43iI,lastampa,"Samuel Aldegheri, lanciatore dei Los Angeles Angels","Da quando è stato inventato il baseball, nessuno ce l'aveva mai fatta. Samuel Aldegheri, lanciatore dei Los Angeles Angels, è stato il primo italiano di sempre a battere gli Yankees nel loro stadio a New York. Tra i protagonisti per gli azzurri al «World Baseball Classic», il 24enne di Verona, appena inserito da Forbes tra i top Under 30, si augura che la cavalcata al Mondiale possa incentivare i giovani ad avvicinarsi allo sport tanto amato negli Stati Uniti.

L’intervista integrale di Thomas Usan è su La Stampa

#LaStampa

Thomas Usan

Da quando è stato inventato il baseball, nessuno ce l'aveva mai fatta. Samuel Aldegheri, lanciatore dei Los Angeles Angels, è stato il primo italiano di sempre a battere gli Yankees nel loro stadio a New York. Tra i protagonisti per gli azzurri al «World Baseball Classic», il 24enne di Verona, appena inserito da Forbes tra i top Under 30, si augura che la cavalcata al Mondiale possa incentivare i giovani ad avvicinarsi allo sport tanto amato negli Stati Uniti.

Nel film «Prova a prendermi» con Di Caprio e Tom Hanks è celebre la frase «Gli Yankees vincono sempre perché gli avversari non riescono a staccare gli occhi dalle loro divise». Per lei evidentemente non è stato un problema.

«Non ha funzionato almeno quel giorno (ride). Sono entrato in un momento abbastanza delicato della partita, perché stavamo perdendo di un punto. Lo ammetto, ero agitato: giocare allo Yankee Stadium è il sogno di tutti i bambini che scelgono il baseball. Poi, dopo che i primi lanci sono andati bene, ho tirato il fiato».

Sapeva che avrebbe giocato?

«Mi avevano avvisato due giorni prima. All'inizio dovevo partire titolare, poi le scelte sono cambiate e sono entrato dal bullpen (la panchina dei lanciatori, ndr)».

Ha eliminato diverse stelle e ha contribuito a far uscire Aaron Judge, la stella del campionato insieme a Sh?hei Ohtani.

«Fa impressione quando giochi contro di lui, è un gigante. Ma quando stai per lanciare, entri in una bolla e un battitore vale come un altro».

Facciamo un passo indietro. La passione per il baseball da dove nasce?

«Da piccolo dovevo giocare a calcio ma poi mio fratello Mattia ha iniziato a fare allenamenti di baseball, così l'ho seguito. E da lì è iniziato tutto».

In Italia il baseball non è così diffuso come negli Stati Uniti.

«È uno sport che da fuori sembra difficile da capire, ma ha il suo grande fascino. In Italia si parla praticamente solo di calcio e di conseguenza c'è poco spazio per le altre discipline. E i guadagni dei giocatori sono una conseguenza».

Si riesce ad arrivare a fine mese in Italia?

«No. Lo si fa per passione personale. A volte giocare a baseball permette di arrotondare se si ha un altro lavoro. Ma nella maggior parte dei casi non si viene nemmeno pagati, se non con qualche rimborso spese. E la mentalità non aiuta».

Ovvero?

«Dopo l'eliminazione dell'Italia del calcio dai Mondiali abbiamo sentito l'allora presidente della Figc chiamarci ""dilettanti"". Questo la dice molto lunga».

Poi per lei a un certo punto cambia tutto e arriva la chiamata dei Philadelphia Phillies.

«Il 13 giugno 2019, non lo dimenticherò mai. Sapevo di essere nei radar di qualche squadra americana. Mi offrirono 210 mila euro di bonus firma per tre anni».

Mica poco.

«Quelle cifre sono impensabili in Italia. Poi nel 2024 sono stato acquistato dai Los Angeles Angels».

Pochi mesi fa è stato anche tra i protagonisti dell'Italia per il World Baseball Classic. Si aspettava di arrivare addirittura in semifinale?

«Eravamo tutti con i piedi per terra. Anche se ammetto di averci creduto un po' dall'inizio e continuavo a dire ai miei compagni che avevamo tutte le carte in regola per fare bene. Poi sono arrivate le vittorie. Si è creato un gruppo fantastico, così diventa tutto più facile».

Ritiene che i risultati della Nazionale possano spingere i giovani ad avvicinarsi al baseball, un po' come sta facendo Sinner con il tennis?

«L'obiettivo fin dall'inizio era quello di stupire il mondo e far vedere al nostro Paese che ci siamo anche noi. Siamo andati ben oltre: i giornali hanno iniziato a scrivere delle nostre partite e siamo stati travolti da tantissimi messaggi. La semifinale in piena notte è stata vista da tantissime persone in Italia. Quello che abbiamo fatto deve essere un primo passo».

Lei ha vissuto lo sport fin da giovane negli Stati Uniti.

«Qui è tutto diverso. In Italia se un ragazzo gioca a calcio o fa altri sport ha una vita frenetica, perché deve conciliare gli allenamenti con lo studio. Alla fine in molti mollano perché non riescono a stare al passo. Qui invece lo sport è integrato con la scuola e tutti riescono a conciliare gli impegni. In Italia bisogna cambiare mentalità». —",sport,1,0,0.0,0,silver,0,0
Vjx3TvWfdkE,lastampa,"I manifesti anni '40 sui muri di Roma, la storica dell'arte: ""Sono stati protetti o nascosti?""","Siamo in via Cola di Rienzo, quartiere Prati, una delle principali vie dello shopping romano: qui, dietro le vetrine di uno storico negozio di scarpe, sono stati ritrovati manifesti degli anni '40. Rimasti incollati al muro per oltre 80 anni, sono riapparsi una volta smontate le vetrine: nei loro testi propaganda bellica e ordinanze per la protezione antiaerea e il coprifuoco. La storica dell'arte Maria Isabella Safarik li ha notati e per prima li ha resi virali sui social. È proprio lei a mostrarceli, a raccontarci la storia di questa scoperta e a spiegarci perché è importante la loro salvaguardia.

Di Serena Curci","arts, culture, entertainment and media",0,0,0.0,0,silver,0,0
WyLy8VDWn_I,lastampa,Guerriglia al DERBY TORO-JUVE: grave un TIFOSO bianconero,"Marco Leonardo Basoccu, commercialista di 36 anni, è steso in un lettino del reparto di terapia intensiva delle Molinette. Domenica 24 maggio è stato sottoposto a un intervento neurochirurgico ed è stato indotto in coma farmacologico a causa di un grave trauma cranico. Verrà ora sottoposto a una Tac di controllo. La prognosi resta riservata. «Ho parlato con i medici mi hanno detto che bisogna aspettare, che è necessario capire se l’ematoma verrà assorbito o no» dice il padre Pierluigi. Cammina avanti e indietro davanti al pronto soccorso delle Molinette. Con lui c’è anche la moglie Maria Teresa. E intorno tutti i ragazzi del gruppo Viking di Milano con i quali, ogni tanto, il 36enne - che abita a Milano - va a vedere le partite della Juventus. [...].

L'articolo integrale di Gianni Giacomino su La Stampa

#LaStampa","disaster, accident and emergency incident",1,1,0.5,0,silver,0,1
XY0omRo8vYc,lastampa,“Aggredì a freddo un migrante”: il direttore del Cpr finisce a processo per minacce e percosse,"È stato citato a giudizio, e verrà processato a settembre, Vincenzo Salvo, il direttore del Cpr indagato per avere aggredito, secondo l’accusa, Aziz Chaabani, un ragazzo tunisino di 25 anni recluso in corso Brunelleschi nei mesi di dicembre 2025 e gennaio 2026. Il funzionario era stato sospeso - e resta tale - dopo la denuncia del giovane, che nel procedimento penale figura come parte offesa, assistita dall’avvocata Monica Grosso.

Ne scrive Elisa Sola per La Stampa

#LaStampa #Torino #Cpr","crime, law and justice",0,0,0.0,0,silver,0,1
XcreOLbAmkU,lastampa,"Gli abitanti di Gaza: ""La Flotilla ha puntato i riflettori su quello che sta accadendo qui""","L'intercettazione in acque internazionali della Freedom Flotilla da parte di soldati israeliani, prima che potesse raggiungere le coste di Gaza, ha attirato nuovamente l'attenzione sul blocco in corso e sulle aspettative che molti palestinesi riponevano nella missione.

Le imbarcazioni, che trasportavano attivisti di vari Paesi decisi a sfidare il blocco della Striscia di Gaza, sono state fermate in mare aperto e i passeggeri sono stati fatti prigionieri. Circolano notizie di maltrattamenti, assieme alle discutibili affermazioni del Ministro per la sicurezza nazionale Itamar Ben-Gvir.

Per molti abitanti di Gaza, l'esito è deludente, ma non inatteso.

Il racconto di Majd Al-Assar da Gaza City è su La Stampa

#LaStampa #Flotilla","conflict, war and peace",1,1,0.5,0,silver,0,1
XtwSMThD0OM,lastampa,"I seggi restano deserti, la rivolta silenziosa dei torinesi che hanno smesso di scegliere","Se c’è un dato di queste elezioni comunali sul quale le segreterie di partito, di qualunque colore siano, dovranno interrogarsi a fondo fin da subito è quello dell’affluenza. Il valore medio registrato nei 23 comuni della provincia di Torino è del 51,89 per cento: la più bassa di tutto il Piemonte, dove si è raggiunto appena il 54,43 per cento.

Cinque anni fa era stato del 63,85 per cento (si votava solo di domenica) e in occasione del referendum sulla riforma della Giustizia del 22 e 23 marzo scorsi si era arrivati al 63,8 per cento. Segno che anche la mobilitazione che ha poi premiato il No si è volatizzata.

Il racconto integrale di Paolo Varetto è su La Stampa - Torino",politics and government,1,0,0.0,0,silver,0,1
ZeZvaG6gx5g,lastampa,"ALESSANDRO BARBERO al SALONE del Libro: ""Per raccontare non serve aver letto molti LIBRI""","Ospite allo stand de La Stampa al Salone del Libro di Torino, Alessandro Barbero ha raccontato i suoi desideri di lettura e immaginazione. Il professore ha citato il fascino di incontrare figure storiche come Carlo Magno, ma anche persone comuni del suo tempo, e riflettuto sul rapporto tra la lettura e la capacità di saper raccontare storie.","arts, culture, entertainment and media",1,1,0.5,0,silver,0,0
ZxSPzdxAoKk,lastampa,Un gruppo di studenti aggredisce due docenti dell'Itis Leonardo Da Vinci a Parma,"Ecco il video dell'aggressione ai due docenti dell'ITIS ""Leonardo da Vinci"" di Parma, avvenuta giovedì 21 maggio nel parco ""Ex Eridania"" appena fuori dall'istituto e diventato virale sui social. Il filmato mostra un gruppo di giovani che accerchia un primo professore e poi aggredisce fisicamente anche il collega intervenuto per difenderlo e chiamare il 113.
 
Video postato da Gaetana Russo","crime, law and justice",24,18,0.8293,1,silver,1,1
_lOSzc93oNQ,lastampa,"A Torino, scontri prima del derby con la Juve: le tifoserie delle due squadre entrano in contatto","Tensioni tra tifosi del Torino e della Juventus a poche centinaia di metri dallo stadio. Poco dopo le 17 di oggi, 24 maggio, i gruppi ultras delle due squadre sono entrati in contatto in piazza San Gabriele di Gorizia. Dopo alcuni minuti di violenza sono intervenute le forze dell'ordine con fumogeni per allontanare le due fazioni, ma la tensione è proseguita a lungo, con lanci di bombe carta, bottiglie, sassi e l'aria densa di fumo.

video Ansa",sport,105,65,0.8691,1,silver,1,1
_pdx-UOEJEI,lastampa,"GRINZANE CAVOUR, Mario ROGGERO in attesa del verdetto della CASSAZIONE","Oltre sedicimila followers sul suo profilo Instagram. I suoi video a viso aperto, lo guardo fisso sulla telecamera, la mani giunte quasi in preghiera, hanno collezionato 5 milioni di visualizzazioni. Senza contare poi le menzioni quotidiane sulle onde della «Zanzara», su Radio 24 e l’appoggio politico ricevuto dopo la sentenza di condanna. «Grazie, grazie, del vostro affetto... in attesa della sentenza definitiva, che arriverà tra qualche mese, leggere i tantissimi messaggi di supporto mi sta dando la forza per andare avanti».","crime, law and justice",85,46,0.8568,1,silver,1,1
a9leb-JOen4,lastampa,“Prego giorno e notte perché Dio salvi Marco”: il padre del ferito prima del derby della Mole,"Per papà Pierluigi e mamma Maria Teresa adesso i giorni sono tutti uguali. La sveglia quando albeggia dopo una notte insonne, passata quasi del tutto a pregare, e poi verso le Molinette. «Certo non ci rimane che pregare e sperare» ripete da domenica sera 24 maggio Pierluigi Basoccu, il padre di Marco Leonardo, il commercialista milanese di 36 anni che è rimasto gravemente ferito alla testa, durante gli scontri di domenica prima del derby tra Juve e Toro.
«Già la prima sera che stavo correndo qui in macchina da Casale senza sapere nemmeno come facevo a guidare, mi son rivolto a chi è più in alto e gli ho detto: “Se devi prendere qualcuno prendi me, ma non Marco”». Sospira Pierluigi: «Io credo in Dio anche se non sono molto praticante e, secondo me, la preghiera aiuta sia chi la fa e sia quelli a cui è diretta».

Ne parlano Gianni Giacomino e Caterina Stamin su La Stampa - Torino

#LaStampa #Torino",human interest,1,0,0.0,0,silver,0,1
aVorpwQZdQg,lastampa,L'arresto di Britney Spears per guida in stato alterato,"La polizia della California ha diffuso i filmati della dashcam relativi all’arresto di Britney Spears, fermata lo scorso 4 marzo nella contea di Ventura con l’accusa di guida in stato alterato.

Nel video, registrato di notte, gli agenti fermano l’automobile della cantante dopo averla vista procedere in modo irregolare tra le corsie. Durante il controllo un poliziotto le chiede se abbia bevuto alcolici. “Sono andata a ballare”, risponde Spears dall’interno del veicolo, mentre l’agente le domanda il permesso di controllare i suoi occhi per effettuare un test di sobrietà sul posto.

In un altro passaggio la popstar racconta agli agenti che si trattava della “prima volta” alla guida della sua nuova automobile. Quando la polizia le propone di accompagnarla lontano dalla zona dove si stavano radunando curiosi, Spears inizialmente rifiuta sostenendo di essere perfettamente in grado di guidare. “Conosco i miei diritti, non ho fatto niente di male”, dice nel filmato.

Le immagini mostrano poi gli agenti mentre continuano le verifiche prima di ammanettarla e trasferirla da una volante all’altra. Inizialmente Spears era stata accusata di guida in stato di ebbrezza, ma in seguito si è dichiarata colpevole di un reato minore, guida spericolata, evitando così un periodo di libertà vigilata più lungo.

Video Reuters

#britneyspears","crime, law and justice",4,4,0.7474,1,silver,1,1
byplipwGEfw,lastampa,Scippatore 59enne in monopattino strappa una collana a un'anziana: incastrato dalle telecamere,"Uno scippatore di 59 anni è stato denunciato dalla Polizia di Stato per aver strappato una collana dal collo di un'anziana donna. L'uomo si è avvicinato a bordo di un monopattino a due donne che camminavano sul marciapiede di corso Galileo Ferraris, ha aggredito una delle due strappandole il gioiello, poi è fuggito. A inchiodarlo è stata la videosorveglianza della zona: confrontando le immagini i poliziotti del Commissariato San Secondo sono riusiti a dare un volto e un nome all'uomo. Durante la perquisizione domiciliare gli agenti hanno trovato rinvenire gli abiti indossati il giorno del furto.

Video Polizia","crime, law and justice",5,3,0.6613,0,silver,0,1
czVnDDHDVng,lastampa,Giovanni Allevi: “Ogni giorno è un miracolo. Pensavo di non suonare più ma un gatto mi ha aiutato”,"Non ha bisogno di presentazioni Giovanni Allevi. Amato divo della musica classica in una versione più pop, compositore filosofo, scrittore, concertista. Iconicamente riconoscibile per quella criniera riccia che gli spiove come un sipario sul volto quando si piega sulla tastiera. Nel 2022 gli era stata diagnosticata una grave forma tumorale: mieloma multiplo, neoplasia che colpisce il midollo osseo provocando anche gravi metastasi ossee.

L’intervista di Adriana Marmiroli è su La Stampa","arts, culture, entertainment and media",88,13,0.7752,1,silver,1,0
d4XwUpfxIcA,lastampa,"Da Nizza a Roma in windsurf. Arriva Merijn Tinga, il biologo che sfida la plastica: ""E ora dal Papa""","Dopo oltre 700 km percorsi su una tavola da windsurf realizzata anche con plastica riciclata, Merijn Tinga - biologo e attivista olandese noto come ""Plastic Soup Surfer"" - è arrivato a Roma per promuovere il Sistema di Deposito Cauzionale (DRS) per bottiglie e lattine. Tinga completa così sul Mediterraneo la tappa Nizza-Roma, l'ultima della sua lunga spedizione europea iniziata nel 2023 da Oslo per toccare anche Londra, Parigi e Genova e dedicata alla lotta contro l'inquinamento da plastica e al riciclaggio.

L'avventura prosegue su terra, con un incontro presso la Camera dei Deputati e un'udienza privata con Papa Leone XIV in Vaticano. L'obiettivo è promuovere una legge che adotti anche in Italia la soluzione del deposito cauzionale. Il sistema è adottato in molti paesi europei: i consumatori versano una piccola cauzione quando acquistano lattine o bottiglie di plastica, soldi che vengono restituiti quando si riporta indietro il contenitore in appositi macchinari che lo avviano al riciclaggio. Tinga chiederà anche al Papa di installare la prima macchina per il deposito cauzionale nella Città del Vaticano.

di Edoardo Iacolucci",environment,1,0,0.0,0,silver,0,0
dXVH1T_3XGA,lastampa,"Meloni telefona a Venturini, nuovo sindaco di Venezia","Giorgia Meloni ha telefonato Simone Venturini per complimentarsi dell'esito delle elezioni comunali di Venezia. La chiamata è arrivata durante i festeggiamenti a Mestre, davanti al quartier generale del candidato sindaco del centrodestra

#meloni #venezia",politics and government,14,7,0.7529,1,gold,1,1
dgWhWcGPG8w,lastampa,"Pif: ""Se vedessi uno come Vannacci al bar direi: 'Per favore basta alcol a quel signore'""","Pif, intervistato da Roberto Pavanello al Salone del Libro 2026, ha fotografato la desolante situazione politica italiana e non solo, con il suo solito spirito corrosivo ma anche appassionato.

#SalTo26 #Vannacci",politics and government,50,37,0.8562,1,silver,1,1
dvC-DCugyNE,lastampa,"Sanchez dalla Fao a Roma: ""La fame sta diventando sempre più un'arma, meno costosa dei missili""","""La fame sta diventando sempre più un'arma. Ed è meno costosa dei missili"". Il primo ministro spagnolo Pedro Sanchez ha detto così alla Fao a Roma, in un incontro che ha toccato il conflitto in Iran e l'intera sicurezza alimentare globale. Sanchez ha ricordato gli attacchi contro mercati, terre coltivate e sistemi di distribuzione alimentare. E ha citato Gaza, ""dove alcuni cercano di vincere una guerra facendo morire di fame la popolazione"".

Il premier spagnolo era accompagnato dal Ministro dell'Agricoltura Luis Planas, candidato della Spagna alla presidenza dell'agenzia delle Nazioni Unite. Domani incontrerà Papa Leone. Il pontefice è a sua volta atteso in Spagna dal 6 al 12 giugno, nella sua prima visita in un paese dell'Unione Europea al di fuori dell'Italia.

video Reuters",politics and government,5,3,0.6613,0,silver,0,1
dydwzHnuhxE,lastampa,La direttrice dei sub finlandesi: “Ecco come abbiamo agito nelle grotte delle Maldive”,"«Proprio ieri sono andata a riguardare le statistiche relative agli incidenti, almeno quelli che gestiamo noi: il 59 per cento capita a subacquei esperti. Non conta quante immersioni si abbiano alle spalle, o quanto ci si senta bene, alla sicurezza non si può derogare». Laura Marroni è la ceo di Dan Europe, l’organizzazione internazionale che si è occupata di recuperare i corpi di quattro su cinque delle vittime delle Maldive. […]

Dan Europe si occupa di sicurezza a diversi livelli, con missioni in tutto il mondo. Era mai capitato un incidente di questo tipo?
«No, mai così tante persone, in grotta, in quelle condizioni. È qualcosa di inedito. Però alle Maldive siamo stati tante volte, purtroppo. Sono luoghi molto frequentati […]».

L’intervista integrale di Giulia Mietta è su La Stampa

#LaStampa","disaster, accident and emergency incident",13,1,0.0489,0,gold,0,0
euhDg5A8g8I,lastampa,"Alberto Angela: ""Sono un viaggiatore che torna a Torino ogni tanto""","“Sono un viaggiatore che torna a Torino ogni tanto, e l’ho vista cambiare, migliorare”: così Alberto Angela a #Salto26. In colloquio con Alberto Infelise allo stand de La Stampa ha raccontato del suo rapporto con la città e della fiducia verso ‘Il mondo salvato dai ragazzini’, motto di questa edizione del Salone che, dice, “Si applica anche a Torino”","arts, culture, entertainment and media",0,0,0.0,0,silver,0,0
fHqhoX8B-SM,lastampa,"Si dimette la direttrice dell'Intelligence Tulsi Gabbard: “Mio marito malato grave, devo sostenerlo”","La direttrice della National Intelligence americana Tulsi Gabbard si dimette. Lo riporta Fox. La decisione per sostenere il marito nella sua battaglia contro una “forma estremamente rara di cancro alle ossa”, afferma Fox. Gabbard lo avrebbe già notificato a Donald Trump e il suo ultimo giorno di lavoro sarà il 30 giugno. Trump ha annunciato che il suo posto sarà preso ad interim dal suo numero due Aaron Lukas.

La notizia integrale è su La Stampa

#Usa #LaStampa",politics and government,0,0,0.0,0,silver,0,1
fOuMyDFv4tc,lastampa,La nazionale femminile di pallavolo in visita all'ospedale Gaslini di Genova,"Alcune atlete della nazionale italiana di pallavolo hanno fatto visita, nella mattina di venerdì 22 maggio, all’ospedale pediatrico Istituto Giannina Gaslini di Genova, accompagnate dal commissario tecnico Julio Velasco. Le azzurre hanno trascorso alcune ore in compagnia dei bambini dei reparti Piattaforma Neuro-Gastro e UOC Neurochirurgia.

Credits: Ufficio Stampa Fipav

#pallavolo #gaslini",sport,1,0,0.0,0,silver,0,0
huu-IP1ZUUo,lastampa,"TORINO, aveva pestato e RAPINATO un giovane che viaggiava in tram, arrestato","I carabinieri del comando stazione Torino Po Vanchiglia hanno eseguito un'ordinanza di custodia cautelare in carcere, emessa dal gip del Tribunale di Torino a carico di un ventottenne, senza fissa dimora, gravemente indiziato del reato di rapina in concorso. Nella notte del 29 gennaio scorso, l'uomo, in compagnia di un complice, aveva aggredito un venticinquenne, colpendolo con testate al volto, e poi rapinandolo di una collana in oro. Il complice ha ricevuto la notifica del provvedimento cautelare in carcere perché già recluso per un analogo reato.
Video LaPresse","crime, law and justice",11,10,0.8078,1,silver,1,1
idCLmVZTFYY,lastampa,"Airbnb, a Torino guadagni triplicati e mercato drogato: “Quartieri giunti a un punto di non ritorno”","A Torino gli alloggi su Airbnb sono 9.736. Tantissimi se si guarda ad altre grandi città: Venezia ne ha poco più di 11mila, Napoli 16,6mila, Firenze 17,5mila. Ma soprattutto, ciò che conta è lo storico degli ultimi anni. A Torino nel 2017 c'erano appena 6,5mila case su Airbnb. Il 50 per cento in meno. Mentre Venezia ne aveva già 10mila, Napoli 8,3mila, Firenze 16mila. Questo significa due cose: che il mercato torinese è in forte espansione e non ha ancora raggiunto il suo picco massimo. che, finché non sarà regolamentato, con molte probabilità continuerà a crescere. Di questo passo non è difficile immaginare di arrivare a 20mila annunci disponibili sulla piattaforma entro il 2030. E questo potrebbe diventare un problema.

Il racconto integrale di Chiara Comai è su La Stampa - Torino

#Torino #affitti #case","economy, business and finance",0,0,0.0,0,silver,0,1
j-_MacC90I8,lastampa,Le motivazioni della condanna per la morte di MOUSSA BALDE a TORINO,"Si tolse la vita nel Cpr di Torino dopo avere subito un «processo di animalizzazione» e di «deumanizzazione». È quanto si legge nella sentenza con cui il tribunale di Torino si è pronunciato sul caso di Moussa Balde, il giovane originario della Guinea morto suicida il 23 maggio 2021. I giudici hanno inflitto un anno di carcere all’allora direttrice del centro, Annalisa Spataro, affermando che fu «gravemente negligente» nel valutare le condizioni psicologiche del trattenuto.

La notizia è su La Stampa - Torino

#LaStampa #Torino #Cpr","crime, law and justice",0,0,0.0,0,silver,0,1
j5cO8GEDHI0,lastampa,"Battibecco Mentana-Nirenstein: ""Ben Gvir parafulmine"". ""Israele non agisce così""","Battibecco al Senato, durante un convegno su Oriana Fallaci, tra i giornalisti Enrico Mentana e Fiamma Nirenstein sul trattamento dei militanti della Flotilla da parte di Israele. Mentana ha evidenziato le responsabilità del governo di Israele attribuendo le violazioni, non al ministro Ben-Gvir (definito ""un parafulmine"") ma a quanto previsto ""nei protocolli di azione delle forze israeliane"". ""Non sono le risate di Ben-Gvir che fanno indignare in quel video"", ha detto Mentana. ""È il trattamento delle persone che non è stato imposto dal ministro"".
 
In totale disaccordo Nirenstein: ""Ma no, non è così, è proprio vero il contrario"", ha replicato, sostenendo che l'intento del governo israeliano era di portare altrove le persone fermate e ""non certo di farle inginocchiare"". Mentana ha insistito: ""Cioè? Le ha fatte inginocchiare Ben-Gvir? No, abbiamo visto le stesse immagini altre volte"".
 
Video Senato Tv",politics and government,76,65,0.8751,1,silver,1,1
j8Xefq0La9g,lastampa,RIAPRE piazza Baldissera a TORINO,"Sorpresa: piazza Baldissera all’alba di martedì 26 maggio è stata riaperta al traffico. Della vecchia maxi rotonda, con l’enorme aiuola centrale che per anni ha dominato uno degli snodi più intricati della città, resta solo il ricordo. Deve ancora essere completata la posa dei binari tra via Cecchi e via Stradella, intervento che permetterà il ritorno del tram, ma nella notte, senza annunci né comunicazioni da parte del Comune, sono sparite quasi tutte le transenne che da oltre un anno occupavano il cuore della piazza. La rotonda ora è un grande incrocio, regolato da semafori […]

Il racconto integrale di Pier Francesco Caracciolo è su La Stampa - Torino

#LaStampa #torino",society,3,2,0.5963,0,silver,0,1
jZ6PYEpPWUU,lastampa,"Baiocchi, confessa D’Alessandro: “L'ho ucciso su richiesta, nemmeno lo conoscevo”","«Quando stava entrando nel palazzo, purtroppo esplosi i colpi. Lo feci per 15-16mila euro, facevo tutto quello che mi chiedeva Marco Ferdico, ero dipendente dalla cocaina. Chiedo scusa alla famiglia, nemmeno lo conoscevo».

Daniel D'Alessandro, uno degli imputati nel processo a Milano per l'omicidio del 29 ottobre 2022 di Vittorio Boiocchi, storico capo ultrà interista, ha confessato in aula con dichiarazioni spontanee.

L'ammissione dopo quelle nelle indagini di altri imputati, tra cui il pentito e ex capo della curva Nord nerazzurra Andrea Beretta, mandante, e Marco Ferdico, ex del direttivo della Nord e ""organizzatore"" del delitto voluto da Beretta per contrasti con la vittima nei business illeciti degli ultras.

La notizia è su La Stampa

#LaStampa #Milano #Inter","crime, law and justice",2,2,0.6604,0,silver,0,1
joMlpdsIF6s,lastampa,"Scontro derby Torino-Juve, gli ultrà bianconeri escono dallo stadio e la partita inizia in ritardo","La vigilia del derby è stata premonitrice: gli scontri sventati nella notte dalla Polizia tra gruppi di ultras juventini e granata non sono bastati a disinnescare le tensioni e le violenze.

Un tifoso di 45 anni è stato trasportato in ospedale, prima al Mauriziano e poi al Cto, a causa di un trauma cranico. L'uomo sarebbe rimasto coinvolto negli scontri. È stato sottoposto a un'operazione chirurgica, le sue condizioni sono giudicate gravi e la prognosi resta riservata.

I tifosi bianconeri presenti allo stadio Olimpico Grande Torino hanno chiesto alla squadra di non giocare. Il clima all'interno dello stadio è stato di grande tensione, con entrambe le squadre all'interno degli spogliatoi e la partita - inizialmente prevista per le 20.45 - impossibilitata a iniziare per motivi di sicurezza. Gli ultrà della Juventus, dagli spalti hanno minacciato l'invasione di campo.

Dopo una lunga trattativa, che ha coinvolto le due società, la prefettura, la questura e la Lega Serie A, si è deciso di giocare. L’inizio è stato fissato per le 21.45. Le squadre hanno ripreso a scaldarsi, ma gli ultras bianconeri hanno iniziato a gridare “fuori fuori” e hanno cominciato a lasciare lo stadio. Un quarto d’ora più tardi anche la curva Maratona, occupata dai granata, ha iniziato a svuotarsi.

L’articolo su La Stampa

#LaStampa #torino #juve",sport,0,0,0.0,0,silver,0,1
kAe6ZFJ6uBY,lastampa,Tuffi nel canale Saint-Martin a Parigi: le temperature raggiungono i 30 gradi e si cerca refrigerio,"La scena che vedete si svolge sul canale Saint-Martin, che scorre a cielo aperto in zone come Place della Rèpublique e il quartiere Belville, tra il 10° e l'11° arrondissement. Quando a Parigi la temperatura sale troppo, non sono pochi gli ardimentosi che pensano di buttarsi in acqua senza tema di reazioni cutanee, infezioni e topi.

video Instagram di @anaapetcu",lifestyle and leisure,3,2,0.5963,0,silver,0,0
lGzz2K1NdEk,lastampa,Le ipotesi sul ferimento del tifoso juventino a Torino,"Tre arresti in flagranza e cinque in differita, tutti della tifoseria bianconera. È il bilancio dei fermati dalla polizia dopo gli scontri che hanno preceduto domenica 24 maggio il derby della Mole […].

Nella guerriglia sono rimasti feriti quattro agenti e Marco Leonardo Basoccu, commercialista appartenente ai Viking di Milano. Mentre il 36enne resta in terapia intensiva, le indagini - affidate alle Digos e alla Squadra Mobile, coordinate dal pm Paolo Scafi - vanno avanti per cercare di ricostruire l’accaduto. Non si esclude il fuoco amico, cioè che l’oggetto contundente - una bottiglia o una pietra - che ha colpito alla testa il tifoso sia partito dallo stesso gruppo di ultras di cui il 36enne fa parte.

Il racconto integrale di Gianni Giacomino, Giuseppe Legato e Caterina Stamin è su La Stampa - Torino

#LaStampa #Torino","crime, law and justice",12,8,0.7777,1,silver,1,1
lV09Yi0fwUI,lastampa,"Pirata investe due sorelle sulle strisce a Milano, una muore. Poi si costituisce: “Era ubriaco”","Nella notte di mercoledì 20 maggio un pirata della strada ha investito due anziane sorelle di 75 e 70 anni che attraversavano sulle strisce, in via Carnia, a Milano. Una delle due donne è morta per le conseguenze dell’urto. L’altra è ricoverata in gravi condizioni.
L'automobilista fuggito, un 39enne italiano, è poi andato a costituirsi al comando dopo agli agenti della polizia locale di via Ornato. Dai primi test aveva 4 volte il tasso alcolico consentito.

La notizia è su La Stampa

#LaStampa #Milano","crime, law and justice",2,2,0.6604,0,silver,0,1
laltf7nhN-E,lastampa,"Pasquale Bruno: ""Ero in corteo, poi il fuggi fuggi e ci siamo rifugiati in un bar""","L'unica partita in curva Pasquale Bruno l'aveva vista nel 1990 assieme a Piero Chiambretti: “Era un Torino-Pisa terminato 1-0 con gol di Cravero”. E mai avrebbe pensato che il suo ritorno in città per assistere al derby in mezzo ai tifosi si potesse trasformare in una giornata da dimenticare. E da testimone oculare. I tafferugli tra i sostenitori juventini e la polizia, intervenuta per evitare il contatto con il corteo della Maratona, li ha visti da vicino. Hanno portato un sostenitore bianconero in ospedale in codice rosso e per reazione il settore riservato agli ospiti si è svuotato, dopo aver minacciato di invadere il campo in caso di inizio della sfida. “Ero andato per godermi lo spettacolo, invece è stata una brutta serata”.

L’intervista integrale di Francesco Manassero è su La Stampa - Torino

#LaStampa",sport,0,0,0.0,0,silver,0,1
llML2TbP1fg,lastampa,"Nuovo attacco Usa in Iran. Trump: ""Uranio distrutto in loco""","Le forze degli Stati Uniti hanno dichiarato di aver attaccato siti di lancio di missili e imbarcazioni posamine nel sud dell’Iran, in quelli che un portavoce militare americano ha definito attacchi “per autodifesa”. In precedenza, i media iraniani avevano riferito di esplosioni nella città portuale meridionale di Bandar Abbas.

I principali negoziatori di Teheran si sono recati in Qatar per discutere i punti controversi di un possibile accordo volto a porre fine alla guerra tra Stati Uniti, Israele e Iran.

Il portavoce del Ministero degli Esteri iraniano ha avvertito che, sebbene siano stati compiuti progressi, ciò non significa che un accordo sia “imminente”.

Trump ha affermato che un’intesa con l’Iran per mettere fine alla guerra dovrebbe includere l’adesione di potenze regionali – tra cui Arabia Saudita, Pakistan e Turchia – agli Accordi di Abramo per normalizzare le relazioni con Israele e che l’uranio di Teheran dovrà essere “immediatamente consegnato agli Stati Uniti per essere riportato a casa e distrutto o eliminato in loco”.

Tutti gli aggiornamenti su La Stampa

#LaStampa","conflict, war and peace",2,1,0.2952,0,silver,0,1
m4LD6miuPVM,lastampa,La lettera di GIORGIA MELONI a LA STAMPA,"“Gentile Direttore,

sono costretta a smentire, ancora una volta, il contenuto di un articolo pubblicato dal suo giornale e firmato dal giornalista che si occupa di seguire Palazzo Chigi.

Ilario Lombardo ha scritto di una Meloni «furibonda» e di richieste di «spiegazioni» rivolte dalla Presidenza del Consiglio al Ministero dei Trasporti per la campagna realizzata da Italia Viva sul 2xmille e diffusa nelle grandi stazioni ferroviarie italiane.

Non è vero che la campagna di Italia Viva mi ha irritato, così come non è vero che qualcuno a Palazzo Chigi abbia chiesto spiegazioni al Mit.

Anzi, devo dire che ho trovato la campagna molto efficace dal punto di vista comunicativo e l’ho detto direttamente a chi l’ha ideata, cioè Matteo Renzi. D’altronde, «c’era lei» perché dopo che c’è stato «lui», quasi nessuno lo ha più votato. Ma questa, ovviamente, è un’altra storia” [...].

La lettera integrale di Giorgia Meloni è su La Stampa

#LaStampa",politics and government,19,8,0.7578,1,gold,1,1
mT__Xs1sljk,lastampa,Le salme dei sub italiani morti alle Maldive sono rientrate in Italia: lunedì le autopsie,"Sono state fatte scendere sulla pista di Malpensa le salme di Monica Montefalcone, docente dell'Università di Genova, la figlia Giorgia Sommacal, la ricercatrice di Unige Muriel Oddenino e Federico Gualtieri, laureato di recente all'ateneo genovese i quattro sub italiani morti durante la drammatica immersione in grotta alle Maldive. Con loro è morto anche Gianluca Benedetti, il cui corpo è stato rimpatriato nei giorni scorsi. Le salme, arrivate verso le 13 di sabato 23 maggio con un volo Turkish Airlines, verranno trasferiti all'obitorio dell'ospedale di Gallarate, provincia di Varese, struttura di riferimento per Malpensa. Nessun cerimoniale ad accogliere le salme. E non risulta nemmeno che alcun parente delle vittime si sia recato in aeroporto

La notizia completa è su La Stampa

#LaStampa","disaster, accident and emergency incident",7,2,0.4932,0,silver,0,0
miSx-D39osw,lastampa,Il derby di Torino preso in ostaggio dagli ultrà,"Se il peggio è la degenerazione del brutto, oltre che cosa c’è? Quello che è successo la sera di domenica 24 maggio allo stadio Olimpico Grande Torino, dove il derby è stato preso in ostaggio da una curva, quella dei tifosi della Juventus, che ha chiesto ai propri giocatori di non scendere in campo minacciando l’invasione in caso contrario.

Il motivo? Negli scontri pre-partita un tifoso bianconero è stato ferito e poi ricoverato in ospedale con un trauma cranico. Il tam tam ha fatto il resto, con il capitano Locatelli prima, e tutta la squadra dopo, chiamati sotto lo spicchio bianconero dello stadio. Una scena già vista e rivista, che ogni volta ci racconta di come il calcio sia caduto in basso, come l’abisso non abbia un fondo. Come sia tutto finito prima ancora di cominciare. […]

Il commento integrale di Paolo Brusorio è su La Stampa

#torino #derby #juventus #toro",sport,14,8,0.7704,1,gold,1,1
nkY13PRpl4w,lastampa,Israele respinge le accuse sulle violenze commesse dai soldati sugli attivisti della Flotilla,"Le forze armate israeliane respingono le accuse di abusi commessi dai soldati nei confronti degli attivisti della Flotilla ""durante le operazioni a protezione del blocco navale di sicurezza, istituito legalmente"". ""Gli ordini delle Idf prevedono un trattamento rispettoso e appropriato per i membri delle flottiglie a bordo delle imbarcazioni intercettate, esistono procedure chiare e consolidate. Non siamo a conoscenza di episodi specifici di violazione di tali procedure vincolanti all'interno delle Idf. Qualsiasi denuncia concreta sarà esaminata a fondo"".

Lo afferma l'unità del portavoce dell'Idf all’Ansa, spiegando che al porto di Ashdod gli attivisti erano sorvegliati dal personale del Servizio Penitenziario e dalla polizia.

La notizia integrale è su La Stampa

#LaStampa #flotilla","conflict, war and peace",14,5,0.7005,1,gold,1,1
nnM6lF0-7sI,lastampa,"Incriminazione Raúl Castro, in migliaia protestano davanti all'ambasciata Usa all'Avana","Migliaia di manifestanti si sono radunati davanti all'ambasciata Usa all'Avana per protestare contro la decisione di Washington di incriminare l'ex leader cubano Raúl Castro. Le accuse contro l'ex presidente, che a 94 anni rimane influente nella politica cubana, derivano dall'abbattimento, nel 1996, di due aerei Cessna partiti da Miami e nel quale morirono quattro persone.

Video Ansa",politics and government,3,2,0.5963,0,silver,0,1
qi_YjvGCyKU,lastampa,SEGRE su IRAN e STATI UNITI: cosa aspettarci,"Stati Uniti e Iran sembrano voler evitare una guerra totale, ma continuano a muoversi tra attacchi limitati, minacce e risposte calibrate. In una fase così confusa, basta poco per riaccendere il conflitto: un errore militare, troppe vittime o una reazione fuori controllo. Le trattative diplomatiche appaiono sempre più deboli, mentre ogni mossa serve soprattutto a mostrare forza senza superare il punto di non ritorno. Ed è proprio in questi momenti sospesi che le crisi rischiano di esplodere davvero.

Di Gabriele Segre

#iran #usa","conflict, war and peace",0,0,0.0,0,silver,0,1
qmR3jIkieCg,lastampa,Com'è triste Venezia (per la sinistra),"Nonostante i pasticci del governo con la Biennale e La Fenice, il candidato del centrodestra Venturini ha vinto al primo turno, con un risultato che ha stupito entrambi gli schieramenti. Per il centrosinistra c'è poco da consolarsi altrove: non bastano i buoni risultati a Chieti, Marsala, Agrigento, Pistoia e Prato per dire che la tornata è stata positiva. 
 
""Lo Spigolo - la politica in 90 secondi"" è la micro-rubrica di Alessandro De Angelis. Un minuto e mezzo per distinguere l'analisi dal rumore, l'opinione dalla reazione. Guarda la puntata integrale su La Stampa",politics and government,2,1,0.2952,0,silver,0,1
r1yWGeDr_uU,lastampa,"CONFINDUSTRIA, MELONI: “L’UE faccia meno e meglio”. Sul nucleare: “Legge delega entro l’estate”","Noi vogliamo proseguire speditamente sulla strada per il ritorno dell'energia nucleare in Italia, puntando sulle tecnologie più innovative con mini-reattori modulari sicuri e puliti che ci consentano di avere maggiore sicurezza ma anche costi nettamente più bassi rispetto agli attuali. Entro l'estate, sarà approvata la legge delega e poi saranno adottati i decreti attuativi"". Così Giorgia Meloni, parlando all'assemblea di Confindustria.

La presidente del Consiglio ha parlato anche dell’Ue: ""La principale enorme fragilità che ci riguarda da vicino è l'attuale configurazione dell'Unione europea, un gigante burocratico che troppo spesso ha sacrificato la competitività, la crescita strategica sull'altare di approcci ideologici e tecnoratici”.

Il racconto integrale su La Stampa

#LaStampa",politics and government,6,5,0.7526,1,silver,1,1
r8CdIc2akww,lastampa,"Milano, furto di valigie in centro: gli agenti pedinano i ladri e li arrestano","Gli agenti della Squadra Investigativa del Commissariato Centro, durante un servizio di controllo del territorio in centro a Milano, hanno individuato due uomini algerini che camminavano separatamente e si scambiavano continui gesti d'intesa. I poliziotti li hanno pedinati fino a via Falcon, all'esterno di un bar. Qui hanno assistito all'azione: mentre il 36enne fungeva da ""palo"", il complice 27enne si avvicinava al tavolo di due turisti e, coprendo i movimenti con il proprio corpo, sottraeva una valigia e una borsa che era appoggiata sopra. I due si sono poi diretti rapidamente verso la stazione della metropolitana Missori, dove sono stati bloccati dagli agenti non appena hanno raggiunto la banchina. I due sono stati arrestati e la refurtiva è stata interamente recuperata e riconsegnata al proprietario.

Ansa / Polizia","crime, law and justice",2,1,0.2952,0,silver,0,1
rbkakPbmhE4,lastampa,SPARI ALLA CASA BIANCA: le testimonianza del giornalista de La Stampa,"Un morto e un ferito grave sono il bilancio di uno scontro armato con il Servizio Segreto statunitense avvenuto nella sera del 23 maggio, dopo le 18 ora locale, a pochi passi dalla Casa Bianca.  La White House, di fronte alla situazione improvvisa d’emergenza, è entrata immediatamente in lockdown, con i giornalisti presenti nel Giardino Nord – fra cui il giornalista de La Stampa autore di questi video – che sono stati immediatamente evacuati e portati dentro la sala stampa. 

Di Iacopo Luzi

#usa #casabianca #whitehouse","disaster, accident and emergency incident",4,1,0.156,0,silver,0,1
roHWm1gfcZ4,lastampa,"TRUFFA a NOVARA: ""Servizio fotografico ad ARISA"", poi scompaiono","«Ci piacciono le tue foto. C’è la possibilità di fare uno shooting a una cantante famosa, basta solo che fai un corso con noi e poi vieni a Milano». All’incirca queste le parole che un fotografo novarese si sente dire al telefono da un professionista del jetset conosciuto tramite contatti comuni. Gli versa dei soldi per spese e incombenze necessarie alla formazione, circa 500 euro, ma poi perde ogni contatto. E il servizio fotografico alla cantante Arisa sfuma nel giro di poche settimane

La notizia raccontata da Marco Benvenuti è su La Stampa - Novara

#LaStampa #arisa #novara","crime, law and justice",3,1,0.2048,0,silver,0,0
sWGLYn2Q_kk,lastampa,MELONI sui risultati delle COMUNALI,"Alla fine, a restituire il sorriso a Giorgia Meloni è Venezia. La città che fino a pochi giorni fa, dentro Fratelli d’Italia, veniva raccontata come il luogo simbolo di una possibile débâcle. «Dopo Luigi Brugnaro sarà durissima», sussurravano nella maggioranza, ancora intossicati dalle scorie del referendum e da quel racconto di un centrodestra improvvisamente vulnerabile. E invece la Laguna si trasforma nel manifesto della controffensiva meloniana. Quando dal comitato di Simone Venturini iniziano ad arrivare i primi numeri, a Palazzo Chigi capiscono che la serata ha preso una piega insperata. «Miracolo mondiale», scherza la premier. Poi, a risultato ormai consolidato, arriva anche il messaggio affidato ai social: «E anche oggi, il tanto annunciato crollo del centrodestra, lo rimandiamo a domani».

Ne parla Francesco Malfetano su La Stampa

#LaStampa #Meloni #Politica",politics and government,6,4,0.7114,1,silver,1,1
ubDc7ERGDug,lastampa,"Usa, addio al ""Late Show"": Trump scaraventa Colbert in un cassonetto in video generato con l'IA","In occasione dell'ultima trasmissione del ""The Late Show"" condotto da Stephen Colbert sull'account X di Donald Trump è stato condiviso un video in cui il presidente degli Stati Uniti afferra il conduttore e lo scaraventa in un cassonetto. Il tutto accompagnato da un laconico ""Bye Bye"".    
Secondo la Cbs ""The Late Show"" ha calato definitivamente il sipario per ragioni finanziarie. Ma negli Usa molti sono convinti che la televisione, passata sotto il controllo del miliardario amico di Donald Trump Larry Ellison, abbia chiuso lo show satirico perché dava fastidio al presidente.

Video X - Donald J. Trump","arts, culture, entertainment and media",6,3,0.6441,0,silver,0,1
v3lYzoDUg1w,lastampa,Madre e figlia morte per avvelenamento da ricina: sentita in questura una zia 92enne,"Il giallo di Pietracatella si aggiunge anche Isa, la zia 92enne. La donna, che abitava nella stessa palazzina delle vittime Antonella Di Ielsi e Sara Di Vita, avvelenate con la ricina e morte tra il 27 e il 28 dicembre 2025, è stata ascoltata ieri in questura.

Il motivo della convocazione è legato a una torta preparata per la vigilia di Natale e portata a cena a casa delle vittime. In quell'occasione erano presenti una decina di parenti e nessuno si è sentito male.

L’articolo integrale è su la Stampa

#LaStampa","crime, law and justice",2,0,0.0,0,silver,0,1
vB8PJajMawc,lastampa,"Anziano ubriaco piomba sui tavolini di un dehors in via Genova: “Come a Modena, vivi per miracolo”","Chi ha assistito istintivamente ha pensato a Modena. Alla folle corsa di una Citroen grigia nel cuore della città, che ha travolto e ferito diversi cittadini. Ma, fortunatamente, quando accaduto stamattina in via Genova sembra non avere niente a che vedere con l’incidente di sabato scorso in via Emilia. Intorno alle 9 un uomo al volante di una macchina - sempre una Citroen - avrebbe perso il controllo del mezzo, andando a sbattere prima contro alcune vetture parcheggiate e poi finendo la sua corsa contro il dehors di un locale

Il racconto di Caterina Stamin è su La Stampa - Torino

#LaStampa #Torino","disaster, accident and emergency incident",9,8,0.7931,1,silver,1,1
vRHCfHz_USY,lastampa,"Reborn, le bambole iperrealistiche diventate fenomeno globale","Vicino a me, ai giardinetti, seduto su una panchina qualunque, un giovane padre spinge il passeggino avanti e indietro con quel movimento automatico, quasi ipnotico, che ogni genitore conosce, mentre con l’altra mano tiene aperto un libro. Eppure, nessun vagito, nessuna manina o piedino che sbuca, nessun respiro. L’uomo prende il biberon e lo offre al bebè con la naturalezza di un padre premuroso. Poi capisco, e insieme alla comprensione mi sento a disagio. Dentro il passeggino c’era un “reborn”. […]

I reborn – dall’inglese “rinato” – sono bambole iperrealistiche nate negli Stati Uniti negli anni Novanta e diventate oggi un fenomeno globale. Hanno la pelle arrossata dei neonati, vene sottili sulle palpebre, ciglia impiantate a mano, peso calibrato al grammo

Ne scrive Stefano Carpani per Specchio",lifestyle and leisure,0,0,0.0,0,silver,0,0
w-a4q1lqsQI,lastampa,"Rivoluzione Milan, RedBird caccia tutti: via Allegri, Furlani, Tare e Moncada","Rivoluzione in casa Milan all'indomani della sconfitta casalinga con il Cagliari che è costata ai rossoneri la qualificazione alla prossima edizione della Champions League. “Con effetto immediato, si conclude il percorso in AC Milan dell'Amministratore Delegato Giorgio Furlani, del Direttore Sportivo Igli Tare, dell'Head Coach Massimiliano Allegri e del Direttore Tecnico Geoffrey Moncada - si legge in un comunicato di RedBird Capital Partners -. A ciascuno di loro va il nostro ringraziamento per il lavoro svolto e la dedizione dimostrata durante la permanenza nel Club”. La proprietà rossonera ha aggiunto che “ulteriori annunci relativi alle nuove nomine verranno comunicati non appena definiti, con l'obiettivo di avere una struttura pronta in vista della prossima stagione”.

La notizia integrale è su La Stampa

#Milan #calcio #LaStampa",sport,8,3,0.6204,0,silver,0,1
y1Qb9O7YhHM,lastampa,I DANNI dell'OVERTOURISM in ITALIA,"Nel 2024 quasi un miliardo e mezzo di persone (secondo United Nations World Tourism Organization) hanno viaggiato per turismo in tutto il mondo, perché meravigliarsi se si parla di sovraffollamento turistico? Quel ""fenomeno che si verifica quando il numero dei visitatori di una destinazione supera la capacità di quella località di sopportare tale presenza in modo equilibrato e sostenibile"" (secondo Onu). In Italia ci sono città fragili che per la loro dimensione e per la struttura urbanistica non possono gestire il flusso turistico, che è sempre stato potente, ma che è cresciuto esponenzialmente negli ultimi anni.","economy, business and finance",11,2,0.4576,0,gold,0,0
zF9RAIqP1QQ,lastampa,"TORINO, test semaforici in piazza BALDISSERA: ecco come sta andando","Via alle automobili in piazza Baldissera che è stata riaperta al traffico. Non c'è più la vecchia maxi rotonda, con l’enorme aiuola centrale che per anni ha dominato uno degli snodi più intricati di Torino. Sono iniziati i test ""dal vivo"" sul minutaggio dei semafori che regolano i flussi di traffico: nella notte, senza annunci né comunicazioni da parte del Comune, sono sparite quasi tutte le transenne che da oltre un anno occupavano il cuore della piazza.

La rotonda ora è un grande incrocio, regolato da semafori. L’obiettivo è ambizioso: provare a mettere ordine dopo anni di code, ingorghi e manovre caotiche in un punto in cui si incrociano sei strade — corso Principe Oddone, corso Vigevano, via Cecchi, via Stradella, via Breglio e corso Venezia — attraversato ogni giorno da migliaia di auto e mezzi pesanti diretti verso la zona nord della città e l’aeroporto di Caselle.

di Pier Francesco Caracciolo

Video di Alberto Giachino/Reporters

#Torino",society,2,1,0.2952,0,silver,0,1
zyDY8hJBSrs,lastampa,"NAPOLI, padre accoltella il figlio 12enne e poi tenta il suicidio","Sandro (il nome è di fantasia), 12 anni appena, è ricoverato in gravi condizioni all'ospedale Pellegrini di Napoli. È stato aggredito e a farlo, secondo i sospetti dei carabinieri della compagnia Stella delegati alle indagini, sarebbe stato il padre. Anche l'uomo è in ospedale, ricoverato sempre al Pellegrini dove, al momento dell'arrivo, avrebbe aggredito anche un'infermiera del 118

Ne parla Manuela Galletta su La Stampa

#LaStampa #Napoli","crime, law and justice",2,1,0.2952,0,silver,0,1
-iZKZGgtagI,repubblica,In quarantena allo Spallanzani una dottoressa rientrata dal Congo: ha visitato malati di Ebola,"Arriva il 27 maggio a Roma e sarà subito portata allo Spallanzani per la quarantena e per sottoporsi a degli esami. Una dottoressa di Medici senza frontiere che ha lavorato in Congo, visitando e soprattutto operando persone poi risultate casi sospetti di Ebola, ha fatto muovere la macchina di controllo messa in piedi dal ministero alla Salute, che ha dato il via libera al rientro.

L’Oms avverte: “Ci troviamo ad affrontare un'epidemia di Ebola estremamente grave e difficile”. Epidemia che per ora nella Repubblica Democratica del Congo (Rdc) ha provocato 101 casi con 10 decessi. Un virus che pare sfuggire di mano. Lo pensa anche l’epidemiologo Massimo Ciccozzi, professore dell'Università Campus Bio-Medico di Roma. “È un’epidemia fuori controllo perché insiste su un’area in cui ci sono guerre continue, perché in quei Paesi c’è la fame, perché gli aiuti umanitari sono insufficienti. Cosa fare? Pensiamo ai vaccini e non alla cosa più urgente: servono test molecolari rapidi che ci dicano, come avveniva per il virus Sars-CoV-2 durante la pandemia Covid, se una persona sia infetta anche quando Ebola è in fase di incubazione, ossia dai 2 ai 10 giorni, e il paziente non presenta ancora sintomi”.

Su Repubblica gli articoli di Michele Bocci e Donatella Zorzetto

#rep",health,14,8,0.7704,1,silver,1,1
-qEPZ_-L5A8,repubblica,"Milano, rissa sui binari della stazione Certosa: ragazzo di 22 anni ucciso a coltellate","Una rissa scoppiata sui binari della stazione Certosa, con circa dieci ragazzi coinvolti. Botte e poi anche coltelli. Quindi un fendente, micidiale, che ha raggiunto un giovane di ventidue anni morto dopo qualche ora in ospedale. 

Dopo la rissa, il gruppo tra cui era presente anche l’aggressore è fuggito salendo a bordo di un treno. Il 22enne è rimasto sanguinante sulla banchina.

L'articolo completo su Repubblica Milano 

#rep","crime, law and justice",51,34,0.851,1,silver,1,1
0iJsX7ptQow,repubblica,Allertate forze dell'ordine per urla e rumori provenienti dall'appartamento di Belen Rodriguez,"A dare l’allarme alle forze dell’ordine è l’inquilino di un elegante palazzo di cinque piani in zona Brera a causa di rumori ed urla provenienti da un appartamento. La strada viene chiusa per tre ore fin quando Belen Rodriguez, visibilmente scossa apre la porta di casa. Portata in ospedale per accertamenti in codice giallo.

L’articolo completo di Carmine R. Guarino, Massimo Pisa su Repubblica

#rep","disaster, accident and emergency incident",246,147,0.8873,1,silver,1,1
0ygRiFhgrzA,repubblica,De Luca per la quinta volta sindaco di Salerno,"“La ricreazione è finita”, aveva sentenziato con la solita spavalderia Vincenzo De Luca, quando ancora era fresco l’inchiostro della lettera di dimissioni da sindaco del suo Vincenzo Napoli, piazzato a scaldare la poltrona per due mandati mentre ‘o Sceriffo era impegnato da governatore della Campania. E dunque eccoci qui, anzi rieccoci per il quinto mandato dell’eterno De Luca tornato re nella sua Itaca dopo dieci anni di assenza. Come se non fosse passato un giorno, il De Luca pirotecnico che promette di trasformare Salerno nella Montecarlo d’Italia ha confermato i pronostici. Non c’è stato, come si illudevano gli avversari, quel sommovimento nascosto, quella riscossa non vista delle nuove generazioni che una Salerno senza De Luca (o i suoi derivati) non l’hanno mai vista.

Un’affluenza altissima, al 63 per cento, in linea quasi al decimale con le scorse comunali, ha plebiscitato di nuovo il 77enne esponente del Pd, che più lontano da suo partito – nonostante il figlio ne sia il segretario regionale – non potrebbe essere. Secondo la prima proiezione realizzata dal Consorzio Opinio per la Rai (copertura campione 5%), De Luca ha vinto al primo turno con il 58,5%, staccati gli sfidanti Franco Massimo Lanocita (M5S-Avs) al 15,6% e Gherardo Maria Marenghi (centrodestra) al 12,2%. 

L'articolo completo dal nostro inviato Francesco Bei su Repubblica
#rep",politics and government,126,79,0.8742,1,silver,1,1
1LdrhCbWago,repubblica,Cuccioli di 30 tigri nati in Cina: specie a rischio estinzione,"Nel Parco delle Tigri Siberiane di Hailin, nel nord-est della Cina, da inizio aprile sono nati più di 30 cuccioli di tigre siberiana, tra i 10 animali più minacciati al mondo. ""I cuccioli appena nati hanno spesso una temperatura corporea instabile, quindi li mettiamo in incubatrici che mantengono una temperatura costante di circa 28 gradi per aiutarli a raggiungere una temperatura corporea normale"", ha affermato Yang Zhongliang, custode del Parco delle Tigri Siberiane. Oltre alle poppate regolari, la routine quotidiana di questi cuccioli prevede un rigoroso monitoraggio della salute.

video Reuters",environment,79,9,0.74,1,silver,1,0
1knhN4z8FiE,repubblica,4 fermi in provincia di Roma per traffico internazionale di stupefacenti,"“Io la mia pistola la so usare, amico. Io parlo chiaro fra: se lo vedo, io lo uccido”. Ottocento chilogrammi di cocaina all’anno, una rotta diretta dall’Ecuador a Roma, i legami con i cartelli sudamericani più violenti, con la camorra e con la ‘ndrangheta. Ma soprattutto la violenza contro chi non pagava: “Amico, ho già comprato un paio di mazze da baseball, ce le ho qui in macchina. Ti prendo tua mamma, tua sorella e tua zia finché non mi dai i soldi”. Così parlava il boss colombiano Morales Pavel Guarin, detto El Presidente, a capo dell’organizzazione criminale smantellata dai carabinieri di Civitavecchia. Un gruppo spietato, pronto a tutto pur di avere il controllo sulla capitale: “Spero che gli metti questo revolver in tutta la bocca e gli togli quell’oro”.

L’articolo completo di Marco Carta e Salvatore Giuffrida su Repubblica Roma","crime, law and justice",1,1,0.5,0,silver,0,1
2JFEUWn3AL8,repubblica,"Il Quirinale lancia il sito ""I volti della Repubblica"" per gli 80 anni dal referendum","È un successo l'iniziativa lanciata dal Quirinale per celebrare gli 80 anni dal referendum del due giugno che sancì la nascita della Repubblica italiana. Il sito ""I volti della Repubblica"", dove è possibile caricare brevi video in cui raccontare cosa significa per noi ""Repubblica"", è già un collage di voci da tutta Italia. Claudio Bisio, Jasmine Paolini, Checco Zalone sono tra i testimonial eccellenti dell'iniziativa che ha già raccolto decine di video. Eccone una piccola parte. (video Quirinale)",politics and government,20,14,0.8148,1,silver,1,0
4cvfxPJACdc,repubblica,"La battaglia di Ocasio-Cortez: ""Così i data center inquinano le falde"". E mostra della fanghiglia","La deputata statunitense democratica Alexandria Ocasio-Cortez ha messo sotto accusa le omissioni dell'Epa (Environmental Protection Agency), l'agenzia federale responsabile della protezione della salute e dell'ambiente negli Stati Uniti. Interrogando in commissione Jessica Kramer, amministratrice a capo dell’Ufficio per le risorse idriche dell’Agenzia, sull’inquinamento delle falde acquifere nelle aree in cui si costruiscono data center, la deputata ha rivelato la mancanza di controlli e il sospetto favoritismo verso le aziende di Big Data. Munita di un barattolo di acqua scura proveniente da una comunità della Georgia dove è stato costruito un centro di calcolo di Meta, ha incalzato Kramer. Questa, prima ha detto di non sapere nulla di problemi di qualità dell’acqua in quelle zone e poi ha dovuto ammettere che non vengono fatti né prelievi campione, né esistono obblighi o ulteriori indagini sulla qualità dell’acqua in relazione alla costruzione dei server

Video Youtube Alexandria Ocasio-Cortez",environment,33,13,0.7925,1,gold,1,1
5Aqz99AZo-o,repubblica,"Un treno ha investito uno scuolabus a un passaggio a livello situato a Buggenhout, in Belgio","Un treno ha investito uno scuolabus a un passaggio a livello situato a Buggenhout, in Belgio. La notizia è stata confermata dal gestore della rete ferroviaria Infrabel. Secondo fonti attendibili citate da Le Soir, diverse persone hanno perso la vita nella collisione avvenuta intorno alle 8.15 nelle Fiandre orientali. La dinamica dell'incidente è ancora oggetto di indagine, ma le prime informazioni indicano che il passaggio a livello fosse chiuso al momento dello scontro. Non si sono registrati feriti a bordo del treno, ma i servizi di emergenza sono intervenuti dopo essere stati allertati della presenza di vittime sullo scuolabus
 
Video Reuters","disaster, accident and emergency incident",6,1,0.1051,0,silver,0,1
5WalAkDiaU8,repubblica,"Lgbtq+ ebrei, un caso al Roma Pride: “Escluso il nostro carro, così veniamo discriminati”","In piazza sì, ma sul carro no. Al Roma Pride 2026 non ci sarà, per decisione degli organizzatori, il camion dell’unica associazione Lgbtq+ ebraica italiana, Keshet. Un’estromissione inedita, anche se non tout court, precisano i coordinatori. “Al corteo potrà sfilare chi vuole, ma è inaccettabile la mancata condanna del genocidio a Gaza”. Quindi niente carro alla parata dell’orgoglio omosessuale che dal ‘94 attraversa la città. “Razzisti e antisemiti”, replica indignata Keshet Italia che per 12 anni ha guidato un camion con i colori arcobaleno e la stella di David.

Già dal 2024 e poi nel 2025 c’erano state polemiche per la partecipazione dell’organizzazione ebraica. Chi ne chiedeva l’esclusione e chi denunciava “attacchi antisemiti espliciti”. Il Pride aveva difeso quella presenza. Cos’è cambiato oggi? “La sensibilità verso la causa palestinese è aumentata nella nostra comunità e abbiamo deciso di metterla al centro del Pride”, spiega il portavoce Mario Colamarino.

L’articolo completo di Viola Giannoli su Repubblica

#rep",society,24,20,0.8374,1,silver,1,1
5bBoOi8pUVs,repubblica,L’Italia nella morsa del caldo: bollino arancione in 12 città,"L'estate strappa le pagine del calendario e arriva in anticipo: da oggi bollino arancione per 12 città, che domani passeranno a 15. Prima ancora che maggio finisca, il ministero della Salute lancia il primo segnale d’allarme: le temperature stanno salendo rapidamente e dodici città italiane sono già al livello che indica condizioni meteorologiche potenzialmente rischiose per la salute.

È il primo vero banco di prova della stagione calda 2026, che si preannuncia lunga e impegnativa. L’avvio anticipato delle allerte conferma una tendenza ormai consolidata: le ondate di calore non sono più eventi eccezionali, ma fenomeni ricorrenti che richiedono attenzione, organizzazione e consapevolezza.

L’articolo completo su Repubblica

#rep",weather,43,26,0.8387,1,silver,1,0
6UJQY5smR7k,repubblica,A Napoli un lungo sudario ha sfilato in corteo con i nomi di oltre 18.000 bimbi palestinesi uccisi,"A Napoli un lungo sudario ha sfilato in corteo con i nomi di oltre 18.000 bimbi palestinesi uccisi negli attacchi di Israele. L'iniziativa di Life for Gaza ha sfilato in centro per chiederne il ricordo.

video Ansa","conflict, war and peace",245,153,0.8886,1,silver,1,1
6h8EVfTIEAQ,repubblica,"Stazione Certosa, accerchiato da dieci sulla banchina: ragazzo di 22 anni ucciso","In dieci contro tre. Prima un battibecco, poi l’accerchiamento, le bottiglie spaccate e il coltello. Quindi un fendente, micidiale, che ha raggiunto un giovane di ventidue anni alla coscia: il ragazzo è morto dopo qualche ora in ospedale. La vittima si chiamava Gianluca Ibarra Silvera, originario dell'Ecuador ma nato a Milano, lavorava come allestitore di stand. Era insieme al fratello ventenne e a un amico, quando è stato aggredito a morte al binario 6 della stazione di Milano Certosa.

Secondo la ricostruzione, ci sarebbe stato prima un battibecco sulla banchina, poi la fuga lungo i binari e quindi sul treno. Sul posto sono stati trovati cocci di bottiglia, usati probabilmente come armi nella rissa. Ibarra Silvera non apparteneva a gang sudamericane, ma la pista su cui stanno lavorando gli investigatori per risalire ai giovani in fuga è proprio legata al mondo delle pandillas: alcuni degli aggressori infatti ne farebbero parte.

L’articolo completo di Massimo Pisa e Carmine R. Guarino su Repubblica Milano

#rep","crime, law and justice",165,113,0.8837,1,silver,1,1
6jBEH_OCSDI,repubblica,"Dua Lipa sposa a Bagheria. Prova vestito con Versace, tra gli ospiti Elton John","Dua Lipa accelera i preparativi per il matrimonio a Palermo con l’attore britannico Callum Turner perché a sopresa la data scelta sarebbe il primo we di giugno e fa un blitz in città per il vestito da sposa insieme all’amica Donatella Versace, che firmerà l’abito del sì. 

La popstar internazionale è stata in città in gran segreto assieme alla stilista, alloggiando a Villa Igiea, l’hotel scelto come quartier generale delle nozze più vip dell’anno. Una visita lampo, lontana dai riflettori, per mettere a punto gli ultimi dettagli dell’appuntamento ormai imminente. Il luogo prescelto è Villa Valguarnera, forse la più sontuosa tra quelle di Bagheria.

L'articolo completo di Irene Carmina e Paola Pottino su Repubblica Palermo","arts, culture, entertainment and media",17,8,0.7621,1,silver,1,0
6lzrl1rgJ2k,repubblica,Robert Kennedy Jr afferra due serpenti a mani nude: morso davanti alla moglie,"Il segretario alla Salute degli Stati Uniti, Robert F. Kennedy Jr, è stato morso mentre maneggiava due serpenti black racer, non velenosi, nel patio della casa in Florida di Mehmet Oz. Nel video pubblicato dallo stesso segretario Usa, la moglie Cheryl Hines gli chiede più volte di lasciarli andare. Kennedy continua però a tenerli in mano, minimizzando il rischio. Secondo il Florida Museum of Natural History, questi serpenti non sono pericolosi per le persone, ma possono mordere se vengono afferrati o disturbati.

Video X",human interest,33,22,0.8344,1,silver,1,1
7FfdwuricJk,repubblica,"In Venezuela i detenuti si ribellano e occupano la prigione tra lenzuola in fiamme: ""Ci torturano""","Grandi colonne di fumo provenienti da materassi e lenzuola in fiamme si levavano dalla prigione della città di Barinas. I detenuti hanno preso possesso dell'edificio e si sono radunati sul tetto, dal quale gridano: ""Basta torture!"". Hanno appeso striscioni con messaggi come ""SOS"" e ""Ci stanno torturando"". Agenti armati di scudi hanno circondato il Centro di detenzione giudiziaria, situato a circa 500 chilometri da Caracas. Decine di familiari si sono ritrovati intorno all'edificio in ansia per le conseguenze del gesto.

Video Ansa","crime, law and justice",29,14,0.8026,1,gold,1,1
7dDb5zzoDO4,repubblica,Borsoni lanciati in mare e recuperati con il Gps: così la cocaina arrivava dall'Ecuador a Roma,"Ottocento chilogrammi di cocaina all'anno, una rotta diretta dall'Ecuador al litorale laziale e legami con i cartelli sudamericani più violenti, con la camorra e con la 'ndrangheta. I carabinieri di Civitavecchia hanno smantellato martedì l'organizzazione criminale nota come ""Biancaneve connection"": quattro arrestati, indagini partite nell'agosto 2025 grazie a un collaboratore di giustizia.

Il fulcro del traffico era la tratta Guayaquil-Fregene. Dal porto ecuadoriano — base operativa del cartello de Los Choneros, tra i gruppi criminali più violenti e famigerati del Sudamerica — partivano i carichi di cocaina diretti sulle coste italiane. I borsoni con la droga venivano lanciati in alto mare e recuperati tramite Gps, lontano dai controlli. Una seconda rotta correva via terra attraverso la Spagna, con autovetture modificate e dotate di sofisticati doppi fondi meccanizzati. Per i quantitativi più piccoli si ricorreva invece alle ""mulas"", corrieri che ingerivano ovuli di cocaina per superare i controlli doganali. Una volta in Italia, la droga veniva distribuita lungo il litorale nord del Lazio, da Fregene a Civitavecchia.

L’articolo completo di Marco Carta e Salvatore Giuffrida su Repubblica Roma","crime, law and justice",16,7,0.7471,1,silver,1,1
9YQ5wTzrwXI,repubblica,L'alpinista italiano Leonardo Avezzano porta sull'Everest i sogni dei bambini di Gaza,"L'alpinista italiano Leonardo Avezzano ha portato sulla cima del Monte Everest un aquilone fatto con la bandiera palestinese, su cui erano scritti i sogni dei bambini di Gaza, nel tentativo di sensibilizzare l'opinione pubblica sul tributo di vite umane che la guerra impone alle sue vittime più giovani. ""Hanno tolto loro tutto, dalle case alle scuole agli ospedali, ma stanno resistendo"". L'alpinista giordano-palestinese Mostafa Salameh, che ha guidato la spedizione, non è riuscito a raggiungere la vetta.

Video Ansa",human interest,29,18,0.8234,1,silver,1,1
CClbcflccg8,repubblica,Nel Comasco attivato il protocollo sanitario per Ebola: test su due persone partite dall’Uganda,"A Lurate Caccivio, piccolo paese del Comasco, è stato attivato il protocollo sanitario per sospetti casi di Ebola. Lo comunica la sindaca Serena Arrighi, che in una nota ha informato la cittadinanza delle procedure messe in atto. E anche il ministero della Salute con una nota ufficiale parla di “accertamenti su due persone rientrate dall’Uganda e trasferite al Sacco”.

Due persone, sbarcate alle 5,50 di ieri da Addis Abeba a Malpensa, provenienti dall’Uganda, avevano sintomi riconducibili all’ebola. Per questo motivo sono state isolate e portate dai vigili del fuoco all’ospedale Sacco di Milano in attesa dei risultati dei test: sono stati infatti sottoposti a tutti i test per malattie che vanno dalla malaria all’ebola.

L’articolo di Michele Bocci e Alessandra Corica su Repubblica Milano

#rep",health,26,17,0.8222,1,silver,1,1
EM0wmeAjDgk,repubblica,"Autobus 85, la linea più bloccata di Roma: a S.Giovanni residenti e turisti spostano auto in divieto","Ancora una volta l’autobus della linea 85 è stato bloccato da un’automobile mentre provava a girare da piazza San Clemente in via di San Giovanni in Laterano. Residenti e turisti hanno spostato di peso l’autovettura in divieto di sosta.

L’incrocio in questione è anche presidiato, di giorno, da un cartello piazzato da uno dei commercianti del Rione Celio. Sopra alle strisce gialle che segnalano lo spazio di manovra del bus viene messa una scaletta con in cima la scritta “Non sostare, gira autobus”. Di sera, però, senza cartelli né controlli, scatta il parcheggio selvaggio.

L’articolo completo di Marina de Ghantuz Cubbe su Repubblica Roma",society,33,18,0.8197,1,silver,1,1
EWP6tRdO-SA,repubblica,"“Io, amica di Bakari Sako, a Taranto subisco insulti sessisti e molestie dai ragazzini. Ho paura”","Fanny Dieneba si aspettava di tutto, fuorché di attraversare i deserti a bordo di un pick-up e il mare su una barca fatiscente per approdare in una città, Taranto, dove un amico viene ucciso da un gruppo di ragazzini per la sola colpa di averne incrociato il cammino. O di finire lei stessa bersaglio di gruppi di adolescenti, sopportare d’essere colpita da getti d’acqua e birra in piena notte: non si aspettava neppure questo. A Taranto ha trascorso nove dei suoi 25 anni. È arrivata nel 2017 dopo aver lasciato la sua città, Abidjan, in Costa d’Avorio, per arrivare in Italia, via Libia. In mezzo tre mesi di viaggio su una strada che ""ti mangia"", dice.

""Era bravissimo, era gentile. Lo conoscevo bene. Per noi era un fratello. È successo a lui d’essere ucciso così, ma poteva accadere a tutti"". Così ricorda Bakari Sako, ucciso in strada da un branco di giovani. “Bakari stava andando al lavoro come faccio io che mi alzo alle 3 per andare a prendere un pullman e magari trovo qualcuno che mi segue e mi fa del male. Ho pensato che può capitare a me, io cammino sempre da sola alle 4 di mattina e ho paura”.

L’articolo completo di Pierfrancesco Albanese su Repubblica Bari",society,73,54,0.8673,1,silver,1,1
EqKlLQOGnEs,repubblica,Ordina un burger vegetale alla mensa dell'Università e trova un insetto morto,"Aveva ordinato un burger vegetale alla mensa universitaria di via Adriatica, a Lecce, ma quando ha tagliato il prodotto ha trovato all’interno un grosso insetto. La disavventura per una studentessa dell’università del Salento che ha immediatamente denunciato l’accaduto tramite il sindacato Udu Lecce.

La foto scattata subito dopo il ritrovamento mostra l’insetto, morto, nel piatto. ""Un menù con più proteine"", denuncia ironicamente il sindacato universitario, che tuona: ""Dalla foto scattata dalla studentessa si nota chiaramente che il corpo estraneo si trovava all’interno del prodotto: un episodio grave – aggiungono – che non può essere sottovalutato e che riporta al centro il tema della qualità del servizio mensa e della sicurezza alimentare per gli studenti"". Gli universitari hanno contattato Adisu, chiedendo spiegazioni sull’accaduto. E di essere più scrupolosi nei controlli sulla filiera. In più hanno denunciato una forma di intimidazione che avrebbe subito la studentessa, a cui sarebbe stato sconsigliato dagli addetti alla mensa – secondo la denuncia il sindacato – di effettuare una segnalazione per iscritto.

L’articolo di Pierfrancesco Albanese su Repubblica Bari",health,34,21,0.8303,1,silver,1,1
EziZXv3M8Vg,repubblica,A Palermo alla Vucciria la prima “Gay street” della Sicilia,"Nascerà a Palermo, l'1 giugno 2026, la prima “Gay street” della città che è anche la prima in Sicilia. 

Si troverà in uno dei quartieri più rappresentativi e storici del capoluogo: la Vucciria, in un tratto di via Argenteria e sarà esposto uno striscione all'entrata della strada su cui è scritto in inglese: ""Welcome in the Gay street Palermo!"".

L'articolo completo su Repubblica Palermo 

#rep",society,13,7,0.7564,1,silver,1,1
FMAvWKlmncs,repubblica,Abusi sugli attivisti della Flotilla: l'esercito israeliano nega responsabilità,"Non è successo niente, non è stato nessuno. A giudicare dalle risposte ufficiali che si ottengono dagli apparati israeliani che hanno bloccato la Flotilla in acque internazionali, trasbordando gli equipaggi su due navi prigione, portandoli ad Ashdod e da lì nel carcere di Ketziot, non ci sono stati maltrattamenti, torture o molestie. Tutto - sostengono - si è svolto secondo le regole e nel rispetto dei diritti. 

Come già il Servizio penitenziario israeliano, infatti, anche le forze armate ora negano responsabilità. “Respingiamo le accuse di abusi da parte dei soldati durante le operazioni che avevano lo scopo di proteggere il legittimo blocco navale (davanti a Gaza, ndr)”, dichiara a Repubblica l’ufficio del portavoce delle Israeli defence forces. “Gli ordini delle Idf impongono un trattamento rispettoso e appropriato dei partecipanti alla Flotilla a bordo delle imbarcazioni intercettate, e a questo riguardo esistono procedure chiare e consolidate. Alle Idf non risultano episodi specifici che abbiano violato tali procedure vincolanti. Qualsiasi denuncia concreta sarà esaminata approfonditamente”.

L’articolo completo del nostro inviato Fabio Tonacci su Repubblica

#rep",politics and government,144,107,0.8838,1,silver,1,1
G0JUszukypY,repubblica,Stati Uniti (3),"Un uomo armato ha sparato fuori dalla Casa Bianca, contro una guardiola dove erano gli agenti della sicurezza, esplodendo decine di colpi prima di essere neutralizzato da una raffica sparata dagli agenti del secret service. L’uomo è morto durante il ricovero in ospedale. La Casa Bianca è stata isolata per circa un’ora prima che venisse dichiarata la fine del blocco. Decine di poliziotti e soldati armati hanno presidiato a lungo la zona.

L'articolo completo di Massimo Basile su Repubblica

#rep","crime, law and justice",23,16,0.8213,1,silver,1,1
GdYJoyoodCA,repubblica,Pistoia torna al centrosinistra con il “campo larghissimo” guidato da Capecchi,"Le prime parole di Giovanni Capecchi, eletto sindaco a Pistoia al primo turno. La città torna al centrosinistra dopo nove anni di governo di Fratelli d’Italia. “Se non fossimo stati insieme, uniti, non ci saremmo riusciti. Adesso diamoci da fare” esulta Capecchi.

L’articolo di Matteo Lignelli su Repubblica Firenze
Video di Matteo Lignelli",politics and government,23,12,0.7956,1,silver,1,1
Gv0NIwOR2ms,repubblica,"Meloni a Confindustria: ""Le spese in armi sono il prezzo della libertà""","Gli effetti della crisi in Iran ""sono circostanze che sfuggono al controllo degli Stati membri Ue e che giustificano ampiamente l'estensione della flessibilità già concessa per le spese di sicurezza e difesa anche agli investimenti necessari a far fronte alla crisi energetica"". Lo ha detto la presidente del Consiglio Giorgia Meloni, intervenendo all'assemblea di Confindustria, sottolineando ""l'impatto che la chiusura dello Stretto di Hormuz sta avendo sulle nostre famiglie e imprese"". Meloni ha poi aggiunto: ""Questo non significa che ho cambiato idea sulle spese per la difesa. Impopolari, lo so. Ma se non ti sai difendere la pagherai in termini di libertà. E se non aiutiamo le famiglie e le imprese, non ci sarà più nulla da difendere"".



Video YouTube Confindustria",politics and government,40,27,0.8429,1,silver,1,1
H-MKbJlg-QQ,repubblica,"Test di Medicina, denunciata studentessa: “Tentò di carpire le domande con email phishing”","Una giovane di 21 anni è stata denunciata dalla polizia perché accusata di aver messo in campo una campagna di phishing ai danni del Cineca, il consorzio interuniversitario che gestisce, tra l’altro, le procedure informatiche relative ai test di ammissione ai corsi universitari di Medicina.

L’indagine – coordinata dalla Procura di Bologna, e portata avanti dal Centro operativo per la sicurezza cibernetica col coordinamento della polizia postale – ha preso avvio proprio dalla denuncia del Cineca. La giovane è ritenuta responsabile dei reati di sostituzione di persona e tentato accesso abusivo a sistema informatico, avrebbe predisposto false comunicazioni email, create ad hoc per impersonare figure istituzionali per ottenere illecitamente, in anticipo, le domande dei test universitari per l’accesso ai corsi in Medicina e Chirurgia.

L'articolo completo su Repubblica Bologna

#rep","crime, law and justice",10,7,0.77,1,silver,1,1
H9-RF5MStLo,repubblica,"Per 8 mesi curato con oppiodi e respinto dagli ospedali, ma aveva un tumore: muore a 46 anni","Da circa 8 mesi si presentava negli ospedali della zona e, nonostante un malessere diffuso, veniva rimandato a casa. Dimagriva giorno dopo giorno, gli mancava la voce e non riusciva a muoversi liberamente perché allettato. Nessuno, però, in questi mesi, avrebbe mai approfondito e accertato le cause. Fino a pochi giorni addietro: un tumore ai polmoni diagnosticato ormai troppo tardi, e a poche ore dal suo decesso.

Nel nord Salento, nei comuni di Squinzano (Lecce) e San Pietro Vernotico (Brindisi) si piange la prematura scomparsa di Ivan Ricciardi, rappresentante di una ditta nazionale conosciuta in tutto il mondo. Non aveva ancora compiuto 47 anni.

L'articolo completo di Francesco Oliva su Repubblica Bari

#rep",health,28,15,0.8096,1,silver,1,1
KMHLETntMKo,repubblica,"Elezioni comunali 2026, exit poll: a Venezia avanti il centrodestra, De Luca trionfa a Salerno","Il centrodestra verso la vittoria a Reggio Calabria al primo turno e avanti ad Arezzo e a Venezia, con possibilità di evitare il ballottaggio. Trionfa De Luca a Salerno, il Pd conferma Biffoni a Prato. A Messina Basile (Sud chiama Nord, il movimento di Cateno de Luca) dovrebbe conquistare la città siciliana sullo stretto. Sono questi i risultati degli exit poll sulle comunali secondo il Consorzio Opinio per la Rai. Al via lo spoglio.
 
Tutti gli aggiornamenti su Repubblica 
 
#rep",politics and government,71,57,0.8704,1,silver,1,1
L9I8Fg3ZIoc,repubblica,La nuova Ferrari Luce al Quirinale dal presidente Mattarella,"È stata presentata al Presidente della Repubblica, Sergio Mattarella, al Palazzo del Quirinale la nuova Ferrari Luce ad alimentazione elettrica. Erano presenti John Elkann, Presidente di Ferrari Spa, Piero Ferrari, Vicepresidente di Ferrari Spa e Benedetto Vigna, Amministratore Delegato di Ferrari Spa. Il Capo dello Stato si è anche seduto al volante della ""Luce"", accompagnato da Elkann, e ha preso visione dell'apparato tecnologico della vettura.",politics and government,634,444,0.907,1,silver,1,0
MHcD77-9TpY,repubblica,A Parigi le temperature superano i 30 gradi e le persone si tuffano nel canale Saint-Martin,"La scena che vedete si svolge sul canale Saint-Martin, che scorre a cielo aperto in zone come Place della Rèpublique e il quartiere Belville, tra il 10° e l'11° arrondissement. Quando a Parigi la temperatura sale troppo non sono pochi gli ardimentosi che pensano di buttarsi in acqua senza tema di reazioni cutanee, infezioni e topi

Instagram/ anaapetcu",weather,25,8,0.7486,1,gold,1,0
Mn7uT0B9h48,repubblica,L’ucraina Kostyuk batte la russa Selekhmeteva e piange: “Stamattina un missile a 100 metri da casa”,"Marta Kostyuk ha dedicato la sua vittoria al primo turno del Roland Garros al suo paese, l'Ucraina, rivelando che la casa dei suoi genitori è stata quasi colpita da un missile all'inizio della giornata. La tennista di Kiev ha battuto la russa Oksana Selekhmeteva 6-2, 6-3, iniziando così con il piede giusto la sua avventura a Parigi.

""Sono incredibilmente orgogliosa di me stessa, penso sia stata una delle partite più difficili della mia vita"", ha detto Kostyuk, testa di serie numero 15. ""Questa mattina, a 100 metri da casa dei miei genitori, è caduto un missile"" ha spiegato. ""Tutti i miei pensieri e il mio cuore sono rivolti al popolo ucraino. Il mio esempio più grande sono gli ucraini di oggi"", ha aggiunto in campo.

L'articolo su Repubblica

#rep",sport,200,157,0.8921,1,silver,1,1
MyxZuUdktjU,repubblica,"Parma, il video dell'aggressione a due professori fuori dall'Itis Leonardo Da Vinci","Ecco il video dell'aggressione ai due docenti dell'ITIS ""Leonardo da Vinci"" di Parma, giovedì 21 maggio, nel parco ""Ex Eridania"" appena fuori dall'istituto e diventato virale sui social. Il filmato mostra un gruppo di giovani che accerchia un primo professore e poi aggredisce fisicamente anche il collega intervenuto per difenderlo e chiamare il 113
 
Video postato da Gaetana Russo","crime, law and justice",246,161,0.8901,1,silver,1,1
N5Z5wvlfLko,repubblica,Un cerotto che legge lo stress: arriva il poligrafo indossabile,"Gli italiani sono stressati: almeno sei su dieci vivono, nel corso dell’anno, momenti di ansia, insicurezza e irritabilità, con effetti sul sonno, sulla pelle o sintomi psicosomatici come mal di testa e perdita di capelli. Nel lavoro il dato è ancora più netto: il 64% dichiara livelli elevati di stress, la percentuale più alta d’Europa.

Misurarlo in modo oggettivo, continuo e non invasivo resta però difficile, soprattutto nei bambini piccoli o nelle persone che non possono parlare. Ora un gruppo di ingegneri e medici della Northwestern University ha sviluppato un piccolo sensore indossabile, simile a un cerotto, capace di rilevare lo stress fisiologico in tempo reale, senza prelievi né analisi specializzate. Lo studio è stato pubblicato su “Science Advances”.

L’articolo di Elisa Manacorda su Repubblica Salute

#rep",science and technology,18,9,0.774,1,silver,1,0
QiL6p2CSFrM,repubblica,È ricoverato al Molinette di Torino il tifoso colpito alla testa prima del derby,"Sono stabili le condizioni del tifoso di 36 anni, Marco Leonardo Basoccu, originario di Casale Monferrato e residente a Milano dove fa il commercialista, rimasto ferito il pomeriggio di domenica 24 maggio durante i disordini avvenuti prima del derby tra Toro e Juve nei pressi dello stadio di Torino. Basoccu è in coma farmacologico.

Basoccu resta dunque ricoverato nel reparto di terapia intensiva in prognosi riservata: il trauma cranico è stato giudicato “severo” dai medici che lo hanno operato fino alle 23:30 di domenica sera per rimuovere il vasto ematoma formatosi a causa del violento impatto e limitare i possibili danni neurologici.

Stando ai primi accertamenti a colpire Basoccu sarebbe stato un oggetto contundente, verosimilmente una bottiglia di vetro: non vi sarebbero bruciature, legate all’eventualità di un impatto da lacrimogeno come riferivano le prime voci circolate tra gli ultrà, e anche secondo il referto stilato dai medici delle Molinette l’ipotesi di una bottiglia, forse addirittura piena, è la più attendibile. Ora la Digos indaga per capire chi l’abbia scagliata: non si esclude che possa essere stato addirittura un altro supporter bianconero durante gli scontri.

L’articolo completo di Federico Gottardo e Giada Lo Porto su Repubblica Torino",health,75,35,0.8449,1,silver,1,1
RXk8GCRFRAo,repubblica,Tentato omicidio in Antartide. Un ricercatore insegue i colleghi con un coltello nella base coreana,"L’assassino della porta accanto è rimasto chiuso nella sua stanza per tre settimane. Tanto c’è voluto perché un aereo lo venisse a prelevare da 14 mila chilometri di distanza e lo assicurasse finalmente alla giustizia. L’allarme era scattato il 13 aprile, quando le telecamere interne della base antartica sudcoreana avevano mostrato un ricercatore brandire un coltello e i suoi colleghi fuggire in fretta e furia dalla mensa. Il gruppo stava trascorrendo il lungo inverno antartico nella stazione coreana Jang Bogo, che si trova proprio accanto alla base italiana Mario Zucchelli.

Da febbraio a novembre i ricercatori antartici vivono isolati. Quando, nel pieno dell’inverno, le temperature scendono fino a meno settanta, nessun mezzo di trasporto – né aerei né motoslitte – può accorrere in aiuto. “Anche se i voli sono sospesi a causa dell’arrivo dell’inverno australe, siamo riusciti a effettuare un trasporto d’emergenza attraverso la collaborazione logistica di altri paesi” ha spiegato Kopri, l’istituto di ricerca polare coreano. Il ricercatore con il coltello è stato “rimosso” dalla stazione il 7 maggio e riportato in patria. Nel frattempo ha vissuto confinato nella sua stanza. “Gli altri 17 membri della spedizione hanno ricevuto un supporto psicologico da remoto”, spiega Kopri.

L’istituto polare coreano non ha reso noti i motivi della rabbia dell’uomo. Si sa che ha circa 50 anni e aveva fabbricato da solo la sua arma, forgiando in officina una lama d’acciaio di circa 30 centimetri. Lo stress provocato da una convivenza lunga e forzata è un fenomeno di cui gli organizzatori delle missioni sono ben consci, tanto che i ricercatori che svernano in Antartide sono studiati dalle agenzie spaziali che programmano viaggi di lunga durata, ad esempio su Marte.


L'articolo di Elena Dusi su Repubblica

#rep","crime, law and justice",13,6,0.7341,1,silver,1,1
RbMVLrHDm7k,repubblica,Cannizzaro vince a Reggio Calabria e strappa il comune al centrosinistra dopo 12 anni,"Da Santo Stefano in Aspromonte a Montecitorio fino alla fascia tricolore di Reggio Calabria. L’ascesa politica di Francesco Cannizzaro, il 43enne che ha strappato Reggio Calabria al centrosinistra dopo 12 anni, è stata una volata. Fedelissimo del governatore calabrese Roberto Occhiuto, è vicecapogruppo di Forza Italia alla Camera, responsabile nazionale del dipartimento Sud del partito ed è stato appena riconfermato coordinatore regionale.

Francesco “Ciccio” Cannizzaro, come lo chiamano in città, ha evitato confronti con gli altri tre candidati in campagna elettorale, preferendo comizi fatti di invocazioni alla «Madonna della consolazione», «benedizioni» del popolo, inaugurazioni di infrastrutture, promesse di cabinovie per collegare le zone collinari della città al mare. Alle Comunali è stato sostenuto da 11 liste, tutte le forze di centrodestra (Fi, FdI, Lega, Noi Moderati, Udc) più Azione di Carlo Calenda e altre liste civiche.

L’articolo completo della nostra inviata Giusi Spica su Repubblica",politics and government,39,16,0.8062,1,silver,1,1
RjLr6n1CDso,repubblica,"Il discorso di Sànchez alla Fao a Roma: ""La fame come arma di guerra""","""La fame sta diventando sempre più un'arma. Ed è meno costosa dei missili"". Pedro Sánchez ha detto così alla Fao a Roma, in un incontro che ha toccato il conflitto in Iran e l'intera sicurezza alimentare globale. Sánchez ha ricordato gli attacchi contro mercati, terre coltivate e sistemi di distribuzione alimentare. E ha citato Gaza, ""dove alcuni cercano di vincere una guerra facendo morire di fame la popolazione"". Il premier spagnolo era accompagnato dal Ministro dell'Agricoltura Luis Planas, candidato della Spagna alla presidenza dell'agenzia delle Nazioni Unite. Il 27 maggio incontrerà Papa Leone XIV. Il pontefice è a sua volta atteso in Spagna dal 6 al 12 giugno, nella sua prima visita in un paese dell'Unione Europea al di fuori dell'Italia

video Reuters",politics and government,175,104,0.8799,1,silver,1,1
RsfBkwLi0oQ,repubblica,"Kate e i tortelli, come il cibo diventa strumento di comunicazione","Durante la sua visita ufficiale in Emilia-Romagna, Catherine Middleton, Princess of Wales, ha imparato la tecnica di preparazione dei tortelli di erbette, uno dei simboli più identitari della cucina parmense. Le immagini hanno fatto immediatamente il giro del mondo. E non soltanto perché vedere un membro della famiglia reale britannica che tira la pasta ha sempre qualcosa di irresistibilmente fotogenico. Il punto è che oggi il cibo domestico è diventato uno dei più potenti strumenti di comunicazione pubblica.

Trovi questo e altri approfondimenti nella newsletter ‘deGusto’ a cura di Eleonora Cozzella. Ogni giovedì, la newsletter con le novità dal mondo della cucina e le migliori ricette.

Puoi iscriverti cliccando sul link in bio oppure su larep.it/newsletter",lifestyle and leisure,1,1,0.5,0,silver,0,0
S9Vlz5hEEXQ,repubblica,Scontri a Torino tra tifosi del Toro e della Juventus a poche ore dal calcio d'inizio del derby,"Scontri tra tifosi del Torino e della Juventus a poche centinaia di metri dallo stadio. Poco dopo le 17 i gruppi ultras delle due squadre sono entrati in contatto in piazza San Gabriele di Gorizia, nel capoluogo piemontese. Dopo alcuni minuti di violenza sono intervenute le forze dell’ordine con fumogeni per allontanare le due fazioni, ma la tensione è proseguita a lungo, con lanci di bombe carta, bottiglie, sassi e l’aria densa di fumo.",sport,253,163,0.8902,1,silver,1,1
SeUdgKxusvA,repubblica,"“I militari ci fotografavano il seno puntandoci il mitra. Ho avuto paura, ma l’ho fatto per Gaza""","Quando è tornata a Bari Simona Losito indossava ancora la divisa del carcere israeliano. La stessa da quattro giorni. Ma ad attenderla sotto la sua casa a Ceglie del Campo ha trovato gli amici. E non quei militari che solo qualche giorno prima le avevano imposto di alzare la maglia, per fotografare quel che c’era sotto. ""Un reggiseno sportivo, nel mio caso"" racconta. A differenza di altre compagne di spedizione, fotografate a petto nudo e diventate oggetto di scherno tra i carcerieri. Losito, 29enne giornalista freelance e attivista della Global Sumud Flotilla, era stata fermata dalla marina militare israeliana mentre era a bordo della Alcyone. Privata di cibo e acqua, costretta faccia a terra dagli scarponi dei militari, si è vista puntare anche un mitra senza sicura qualche ora prima della liberazione.

L’articolo completo di Pierfrancesco Albanese e Vincenzo Pellico su Repubblica Bari","crime, law and justice",82,60,0.8699,1,silver,1,1
TSZbaQ8y660,repubblica,"Nuove indagini sulla morte Roberta Bertacchi: ""Dubbi sul suicidio""","Si allungano ombre inquietanti sulla morte di Roberta Bertacchi, la giovane di 26 anni, originaria di Ruffano, trovata impiccata sul balcone della sua abitazione, alla periferia di Casarano, la mattina del 6 gennaio 2024. Il gip del tribunale di Lecce, Francesco Valente, ha disposto nuove indagini per il secondo filone d’inchiesta per il quale l’ex fidanzato, Davide Falcone (finito sotto processo per maltrattamenti nei giorni scorsi), rispondeva di istigazione al suicidio e per il quale la pm Rosaria Petrolo ha chiesto, da tempo, l’archiviazione. All’ipotesi del suicidio, però, i familiari di Roberta non hanno mai creduto.

Il giudice parla apertamente di un dubbio “tra evento suicidario e omicidiario” perché “la scomparsa di Roberta si colloca nel contesto di una relazione con l’indagato rivelatasi fortemente conflittuale, caratterizzata da atteggiamenti aggressivi e protrattasi fino a pochi minuti prima dal decesso.

Su Repubblica l’articolo di Francesco Oliva

#rep","crime, law and justice",5,1,0.1257,0,silver,0,1
Tc_AnNcZD2M,repubblica,Chi scommette sulla guerra?,"Chi scommette sulla guerra? Non stiamo parlando degli speculatori che investono in Borsa, sospettati in alcuni casi di conoscere in anticipo le decisioni di Donald Trump o di altri capi di Stato. E neppure delle industrie degli armamenti, che vedono negli orizzonti bellici l’occasione per moltiplicare i profitti. Oggi siamo davanti a un cambiamento straordinario: una (crescente) ludopatia da eventi bellici in piena regola.

Trovi questo e altri approfondimenti nella newsletter ‘La sottile linea rossa’ a cura di Gianluca Di Feo. Ogni giovedì, un’analisi per comprendere strategie, equilibri e scenari di guerra.

Puoi iscriverti cliccando sul link in bio oppure su larep.it/newsletter","conflict, war and peace",10,6,0.7479,1,silver,1,1
VKhjeOm45-U,repubblica,"Non giudichiamo Belen, la sofferenza merita rispetto","Siamo tutti, in modi diversi, sull’orlo di una crisi di nervi. Ma guai a mostrarlo davvero. Perché il grande paradosso del nostro tempo è questo: da un lato abbiamo normalizzato il burnout, l’ansia e gli attacchi di panico, a patto che siano raccontati bene e che restino, per dirla in altri termini, all’interno di una narrazione ordinata, consapevole, possibilmente fotogenica. Finché la sofferenza si lascia trasformare in confessione social, in intervista patinata o in testimonianza edificante, allora la accettiamo – a volte la celebriamo persino come prova di autenticità. Ma quando il dolore smette di essere controllabile e diventa reale, opaco, scomposto, allora cambia tutto. Quando qualcuno biascica, crolla, urla, si espone troppo, perde il filo o perde se stesso, scattano immediatamente il giudizio e la sanzione.

Il commento di Michela Marzano su Repubblica

#rep",human interest,67,25,0.8271,1,silver,1,1
W1Q9YD30yMA,repubblica,"el Gloucestershire, l'annuale gara del “Cheese Rolling","Centinaia di persone si sono riversate a Cooper's Hill, nel Gloucestershire, per l'annuale gara del “Cheese Rolling” - il formaggio che rotola - tradizionale gara britannica in cui i partecipanti si lanciano giù da una collina per inseguire una forma di formaggio. 

Quest'anno, l'ambita forma di formaggio è stata conquistata dal tedesco YouTuber Tom Kopke, che ha vinto la folle gara per la seconda volta consecutiva

Video Reuters",sport,1,0,0.0,0,silver,0,0
W3eWJ7iKzvU,repubblica,"Il presidente Usa: “Accordo pronto, Teheran riaprirà Hormuz senza pedaggi”","Una via d’uscita per Stati Uniti e Iran, e una corsa contro il tempo per allontanare la guerra. Quella andata in scena per tutto il giorno è stata la drammatica accelerazione delle diplomazie, mentre il presidente Donald Trump rimasto chiuso alla Casa Bianca con mezzo governo e i generali è stato il protagonista fin dalle prime ore con dichiarazioni a raffica, e poi con la convocazione di una conference call con gli alleati del Golfo. Secondo Axios, alcuni leader della regione gli avrebbero chiesto di lanciare nuovi raid, ma poi la stessa agenzia ha detto, due ore dopo, che altri avevano invitato Trump ad accettare l’intesa che prevede l’estensione della tregua per 60 giorni utili a negoziare i punti lasciati aperti da questo primo memorandum. Così in serata Trump - dopo aver sentito anche Netanyahu - ha parlato accordo negoziato “in larga parte” e di discussioni “sugli aspetti finali” dell’accordo che “prevede la riapertura di Hormuz”.

L’articolo completo di Massimo Basile su Repubblica

#rep",politics and government,19,15,0.8227,1,silver,1,1
W_JsMRpZ1xg,repubblica,Altri record raggiunti da Kimi Antonelli in Formula 1,"Altri record in Formula 1 per il giovanissimo Kimi Antonelli dopo la vittoria al gp del Canada. Oltre a quelli già conquistati in questa stagione si aggiungono il fatto di essere l’unico pilota della storia a vincere i suoi primi 4 gp di fila e che gli valgono 43 punti di vantaggio sul secondo in classifica, costituendo il distacco più elevato di sempre dopo 5 gare dall’inizio del campionato.

Articolo completo di Alessandra Retico su Repubblica

#rep",sport,42,24,0.8341,1,silver,1,0
XMNmGh69aTI,repubblica,"Massiccio attacco russo su Kiev, lanciato anche il supermissile Oreshnik","Violenti bombardamenti russi hanno colpito Kiev e la regione circostante, causando almeno quattro morti e oltre 60 feriti, secondo quanto riferito dalle autorità locali ucraine. Anche un supermissile Oreshnik è stato lanciato contro la regione di Kiev. Si tratta di un missile balistico con raggio di 5mila chilometri, progettato per attacchi nucleari contro le capitali europee. Questa è la terza volta che viene scagliato contro l'Ucraina.

Nei primi due raid le testate multiple, tra sette e dieci per ogni Oreshnik, erano prive di cariche nucleari e non avevano neppure esplosivo: la mostruosa forza distruttiva nasceva dall'energia cinetica generata dalla velocità. Sono state prese di mira la zona industriale di Dnipro e depositi di carburante nella provincia di Leopoli, a trenta chilometri dalla frontiera polacca.","conflict, war and peace",673,447,0.9066,1,silver,1,1
XhhZNZuXah0,repubblica,Nel 2025 quasi 18mila segnalazioni di minorenni scomparsi,"Nel 2025 il Telefono Azzurro ha ricevuto la segnalazione di quasi 18mila minorenni scomparsi in Italia. A destare la maggior preoccupazione sono i minori stranieri presenti nella penisola di cui il 60% non viene più ritrovato.

Articolo completo di Alessia Candito su Repubblica

#rep",society,13,3,0.5894,0,silver,0,1
Y-jgvey8KRQ,repubblica,"Gicomo Pucci, operaio di 30 anni, muore schiacciato da una pressa","Nuovo incidente mortale sul lavoro in Toscana. Nella tarda mattinata di martedì 26 maggio, Giacomo Pucci, operaio di 30 anni, è morto a Spianate, nel comune di Altopascio, all'interno della ditta ""Cora srl"", azienda attiva nel settore dei prodotti farmaceutici. Secondo le prime informazioni, l'uomo sarebbe rimasto schiacciato da una pressa durante le abituali attività lavorative. L'allarme è scattato immediatamente e i colleghi hanno avviato le manovre di rianimazione in attesa dei soccorsi, ma per il giovane lavoratore non c'è stato nulla da fare. Il decesso è stato constatato pochi minuti dopo.
Su Repubblica l'articolo di Antonino Palumbo
#rep",labour,103,18,0.7992,1,silver,1,0
YEDDknsAX7U,repubblica,Spari alla Casa Bianca: la giornalista lascia la diretta e si mette al riparo,"La giornalista Selina Wang, corrispondente dalla Casa Bianca per l'emittente a Abc, al momento degli spari era collegata in diretta con lo studio: non appena ha sentito i colpi, si è nascosta, terrorizzata. ""Stavo lavorando sul prato nord della Casa Bianca quando abbiamo sentito degli spari. Sembrava una raffica di decine di colpi. Ai giornalisti è stato detto di rifugiarsi nella sala stampa"", ha scritto sul suo account X la reporter.

Video Reuters","disaster, accident and emergency incident",56,39,0.8565,1,silver,1,1
Yc0lJwxrmHo,repubblica,L’Università di Genova riporta sul sito la prof Montefalcone e i link ai suoi studi,"“Fa venire i brividi vedere l’Università di Genova che con la tragedia delle Maldive si chiude nel silenzio dopo aver precisato 'noi non c’entriamo'. La cancellazione dei profili delle vittime dal sito dell’ateneo, poi, è una cosa indegna”. Il professore Giorgio Roth, ordinario di ingegneria dell’Università di Genova ed ex preside della Scuola Politecnica, rompe il silenzio in un ateneo nel quale dal 14 maggio il rettore Federico Delfino si è sottratto a ogni commento sulla morte dei sub alle Maldive. In una mail list interna a Unige, l’ingegner Roth ha espresso davanti a centinaia tra docenti, ricercatori e impiegati il suo “assoluto disappunto rispetto all’atteggiamento dell’ateneo”.

Nel frattempo, l’ateneo ha riattivato il profilo della professoressa Monica Montefalcone grazie all’insistenza dei suoi allievi. Le pressioni degli universitari sono sfociate in una pagina web dedicata alla prof e alle altre vittime della tragedia e soprattutto nel ricollegamento dei link alle pubblicazioni, visto che la lunghissima serie di pubblicazioni, con oltre 200 titoli, della docente era stata disattivata, rendendola di fatto invisibile e inaccessibile anche al mondo scientifico. Per la assegnista di ricerca Muriel Oddenino, invece, è soltanto stato riattivato il curriculum, linkato in calce al messaggio di cordoglio del Distav.

Gli articoli completi di Massimiliano Salvo e Michela Bompani su Repubblica Genova",education,15,9,0.7814,1,silver,1,1
YfwPOFeY3eI,repubblica,Il proprietario dell’agriturismo alla turista israeliana: “Benvenuta se dissente da Netanyahu”,"Doveva essere una vacanza tra le colline toscane insieme alla famiglia. Si è trasformata invece in un caso politico finito sui social e rilanciato anche da alcuni media israeliani. Al centro della vicenda ci sono una turista israeliana e Pietro Del Zanna, gestore dell’agriturismo ‘Le Cantine’, nei dintorni di Poggibonsi (Siena) contattato dalla donna attraverso la piattaforma Booking.

Dopo la prenotazione, la cliente avrebbe ricevuto un messaggio inatteso dal proprietario della struttura. Nel testo, Del Zanna spiegava di non essere “antisemita”, ma di non riuscire a restare indifferente davanti alla guerra a Gaza scoppiata dopo il 7 ottobre e alle politiche del governo guidato da Benjamin Netanyahu. Per questo chiedeva alla turista quale fosse la sua posizione rispetto alle scelte dell’esecutivo israeliano, precisando che, nel caso avesse deciso di cancellare la prenotazione dopo avere conosciuto il suo punto di vista, non sarebbe stata applicata alcuna penale.

La donna ha raccontato di essersi sentita “scioccata” dalla richiesta di dover chiarire preventivamente le proprie opinioni politiche per poter soggiornare nella struttura. Dopo avere annullato il viaggio, ha pubblicato online lo scambio di messaggi. Così la vicenda è rapidamente rimbalzata sui social network, alimentando un acceso dibattito.

L’articolo completo su Repubblica Firenze",politics and government,49,42,0.8636,1,silver,1,1
YsU6DCI5rmQ,repubblica,"Ilaria Capua: ""In una riunione qualcuno mi ha detto: 'Non sapevo avessi un bel davanzale'""","“Una volta a una riunione di lavoro a cui c’erano tutti questi uomini attempati e una persona si è permessa di dire: ‘Non sapevo che tu avessi questo bel davanzale’. È stata come una campana stonata. Questa persona magari voleva anche essere ‘gentile’, ‘spiritoso'... Il fatto è che ci si soffermi sempre sugli aspetti fisici di una donna, perennemente”.

Così la virologa e scienziata di fama internazionale, Ilaria Capua, prima di raccontare uno dei passaggi contenuti nel suo libro ‘Non Mollate. Manuale di resistenza per l’affermazione del talento femminile’ (Rizzoli). “Trump a Sharm el-Sheikh per la riunione della pace, chiamiamola così, ha detto della nostra presidente del Consiglio: ‘Lei è una bella donna’. Ma io dico, Ursula von der Leyen potrebbe mai chiedere a Pedro Sánchez: ‘Scusa, ti spiace se ti chiamo carino?’.

L’intervista di Giulia Santerini

Questa intervista è stata registrata prima dei casi di Hantavirus",society,55,39,0.8569,1,silver,1,1
ZF8Hoda7CrQ,repubblica,"Caldo a Milano, uomo cerca refrigerio tuffandosi nelle acque della Darsena","Il caldo inteso che sta colpendo tutta l'Europa si fa sentire anche a Milano, dove oggi uomo ha deciso di cercare refrigerio tra le acque del Naviglio nella Darsena. Nella città oggi, 27 maggio, era stato dichiarato il bollino arancione, ma le previsioni sostengono che le temperature si abbasseranno leggermente, consentendo il passaggio verso il bollono giallo. I bollettini sono elaborati dal Dipartimento di Epidemiologia Ssr Regione Lazio, nell'ambito del Piano operativo nazionale di previsione e prevenzione degli effetti del caldo sulla salute, coordinato dal Ministero.

Video Ansa",weather,29,22,0.8382,1,silver,1,0
_VHKUTW-6ME,repubblica,Indagini chiuse riguardo violenze sessuali di Emanuele Michieletti,"La procura di Piacenza chiude le indagini riguardo le accuse di violenza sessuale e stalking a carico dell’ex primario del reparto di Radiologia dell’ospedale di Piacenza Emanuele Michieletti. Abusi su otto donne, tra infermiere e dottoresse avvenuti 32 volte in 45 giorni. Sei mesi fa l’uomo è tornato ad esercitare la sua professione in uno studio privato grazie alla revoca della sospensione da parte dell’Ordine dei medici.

Articolo completo su Repubblica

#rep","crime, law and justice",28,18,0.8244,1,silver,1,1
_mcf96lYr6I,repubblica,"Caro carburanti, Greenpeace incolla adesivi di Trump e Meloni sulle pompe di benzina","Volontarie e volontari di Greenpeace Italia stanno attaccando alle pompe di carburante di tutta Italia adesivi che denunciano le responsabilità di Giorgia Meloni e Donald Trump nell'aumento dei prezzi di benzina e diesel nel nostro Paese, causato dall'attacco di Stati Uniti e Israele all'Iran. Gli attivisti denunciano inoltre come l'ultimo provvedimento del governo Meloni, varato il 22 maggio 2026, tagli ancora una volta le accise in via emergenziale senza affrontare strutturalmente la dipendenza dalle fonti fossili né tassare chi sta facendo profitti record grazie alle guerre

Video Greenpeace Italia",politics and government,84,48,0.8591,1,silver,1,1
_qPDqSBiyIA,repubblica,"Funerali Petrini, Moni Ovadia: ""Bastava che dicesse una cosa e quella accadeva""","""Parlava e creava. Facciamo questo e si faceva. Bastava che lui dicesse, e questo avveniva"". Così Moni Ovadia nel suo omaggio alla cerimonia funebre di Carlo Petrini. ""C'era qualcosa di miracoloso"", ha aggiunto, ""era nato in una speciale congiunzione astrale che non si ripeterà per qualche centinaio di anni. E tutto questo nella totale semplicità""",human interest,11,1,0.0577,0,silver,0,0
at3B5bmCJFc,repubblica,Tra Allegri e il Milan è finita: rottura immediata dopo la Champions sfumata,"Fuori tutti. Non si salva nessuno. Inizia l’anno zero del Milan. Con Gerry Cardinale al comando, senza più delegare: ogni scelta sarà sua. A partire da quella che azzererà l’attuale Diavolo dopo l’esclusione dalla Champions. Allontanati in un colpo solo e “con effetto immediato” l’allenatore Allegri, il ds Tare, il dt Moncada e l’ad Furlani. Accanto al proprietario del club restano Ibrahimovic, senior advisor di RedBird, e il membro del Cda Calvelli. Sarà ricostruzione, totale e rapida. Presto ci saranno un nuovo tecnico, un nuovo ad, un nuovo direttore sportivo: “È ora tempo di cambiamento e di una profonda riorganizzazione dell'area sportiva del Club. A ciascuno di loro va il nostro ringraziamento per il lavoro svolto e la dedizione dimostrata durante la permanenza nel Club”.

L'articolo completo di Andrea Sereni su Repubblica Sport",sport,12,9,0.7918,1,silver,1,1
az6n02x-1QE,repubblica,"Cacciari: “La scuola va lasciata ai professori, senza soffocarli con follie burocratiche e genitori”","""I professori non solo sono sottopagati ma non hanno la minima autonomia: i metodi vengono dettati dalle commissioni ministeriali, una follia. Persino nella scuola dell’Urss c’era più autonomia. Inoltre i professori sono ingolfati dalla burocrazia, senza più tempo per studiare. E sono soffocati dalle famiglie, uno degli effetti disastrosi degli anni Settanta. I genitori sono diventati il sindacato dei loro bambini""

L'intervista completa di Valentina Desalvo a Massimo Cacciari su Repubblica Bologna

#rep",education,50,23,0.8273,1,silver,1,1
dS-yHRgujPM,repubblica,"Pedro Almodóvar: ""La mia vita è diventata i film che faccio”","“La ragione di un film è sempre misteriosa”, dice Pedro Almodóvar. A 76 anni, il regista torna al Festival di Cannes con “Amarga Navidad”, uno dei film più personali della sua carriera, in sala dal 21 maggio per Warner. Il film racconta il lutto e il confine fragile tra vita e finzione: Elsa, regista segnata dalla morte della madre, cerca rifugio nel lavoro, mentre Raúl, scrittore in crisi, trasforma quella vicenda in un film.

Almodóvar dice di non aver vissuto una crisi creativa simile, ma riconosce nel protagonista qualcosa di sé: “Per me fare cinema è una vera e propria dipendenza”. E aggiunge che alcuni momenti del film nascono dalla sua vita e dal dolore di persone molto care.

L’intervista completa di Arianna Finos su Repubblica
#rep","arts, culture, entertainment and media",4,2,0.5559,0,silver,0,0
efsK9cAG6Rw,repubblica,"Alcol, saluti romani e cori fascisti: “Duce, duce”: notte di malamovida al Pigneto","Birrette, cocktail, shottini su shottini. Poi parte il coro fascista, accompagnato dai saluti romani: “Duce, duce”. Mentre il Campidoglio vara il piano notte per promuovere la ""buona Movida"", al Pigneto il fine settimana ha il sapore del ventennio. Nel video, realizzato da un residente, sono centinaia i giovanissimi che affollano via Ascoli Piceno, a ridosso di uno dei tanti bar che offre alcol a prezzi stracciati.

L’avvocato Ferrari, che ha condiviso sui social il video, ha provato a coinvolgere le forze dell'ordine, imbattendosi nel classico cortocircuito burocratico all'italiana: la polizia locale lo ha dirottato al 112, la polizia ha preso la segnalazione e ringraziato. Risultato: non è arrivato nessuno. Stanco di aspettare, ha depositato un esposto a tutte le autorità competenti, tra cui questura, comune e municipio, segnalando il grave degrado urbano della zona e i numerosi pericoli per l'ordine e la sicurezza pubblica tra risse, aggressioni, danneggiamenti, spaccio e somministrazione di alcolici a minori. Una serie di reati a cui si aggiunge anche l’apologia del fascismo.

L’articolo completo di Marco Carta su Repubblica Roma

video di @‌joannes_ferrari",society,338,271,0.9014,1,silver,1,1
fN9DcuyBY_M,repubblica,"Rubio: ""Possibile accordo con l'Iran in giornata o risolveremo in altro modo. Garanzie a Israele""","""Forse c'è la possibilità che nelle prossime ore il mondo riceva delle buone notizie"". Il segretario di Stato Usa Marco Rubio, in visita in India, ha dichiarato che ""sono stati compiuti progressi significativi, sebbene non definitivi"", nei negoziati e che il mondo non dovrà più temere che l'Iran si doti di armi nucleari.

Inoltre, Rubio ha ribadito ai giornalisti che qualsiasi accordo verrà definito tra Stati Uniti e Iran ""garantirà a Israele il diritto di difendersi"". Nel frattempo, con l’avvicinarsi dell’accordo Usa-Iran per riaprire lo Stretto di Hormuz, cala il prezzo del petrolio. Il Brent perde il 5,1% a 98,12 dollari al barile.

Gli aggiornamenti in diretta su Repubblica",politics and government,42,34,0.8557,1,silver,1,1
hEsK7x9LbwQ,repubblica,Nuovo posto auto da record: a Roma 270mila euro “non trattabili” per 10 mq,"A due passi da Fontana di Trevi, un posto auto da 10 metri quadri in vendita a 270mila euro. E con una precisazione scritta a penna sul cartello dell’agenzia immobiliare: “non trattabili”. Tradotto: 27mila euro al metro quadro per lasciare la macchina in garage nel cuore del centro storico di Roma.

Dopo il caso del posto auto-moto in via di Santa Maria dell’Anima, vicino piazza Navona, il mercato dei parcheggi privati nel centro della Capitale continua a mostrare cifre da bene di lusso. In questo caso l’annuncio parla semplicemente di “posto auto”, consistenza 10 metri quadri, senza margini di negoziazione sul prezzo. Una somma che in molte zone della città basta per acquistare un piccolo appartamento, mentre dentro l’anello più pregiato di Roma serve appena a conquistare uno spazio coperto per l’auto.

L’articolo completo di Marco Juric su Repubblica Roma

#rep","economy, business and finance",40,17,0.8104,1,silver,1,0
h_a5q4ESe98,repubblica,"In una scuola di Grosseto bagni gender neutral anche per alieni e sirene. FdI: ""Conformismo woke""","Stavolta a dividere la politica è un bagno. Per la precisione, il bagno dell'Its Eat Academy, la cittadella dello studente di Grosseto. È bastata una foto su Facebook e da destra si sono levate voci di protesta contro l''ideologia woke'. Sulle porte del bagno sono segnati undici generi, tra il serio e il faceto, a dimostrazione che sono servizi per tutti e tutte, gender neutral.

Fabrizio Rossi, parlamentare di Fratelli d'Italia cresciuto a Grosseto, ha scritto su Facebook citando Leopardi: ""Direbbe il poeta 'non so se il riso o la pietà prevale'”.  Francesco Limatola, presidente della provincia di Grosseto e sindaco di Roccastrada in quota centrosinistra, ha risposto sempre sui social: ""Rossi dovrebbe preoccuparsi un po’ di più di dare risposte ai territori e un po’ meno di inseguire un maldestro tentativo di fare il fenomeno sui social. Trovo davvero fuori luogo fare ironia. L’inclusione non è uno slogan buono per i convegni. È cultura del rispetto. Ridicolizzare tutto questo per una polemica social significa mandare un messaggio sbagliato, soprattutto ai più giovani"".

L’articolo completo di Gianmarco Lotti su Repubblica Firenze

#rep",society,42,26,0.8393,1,silver,1,1
ieTnHXbjrOM,repubblica,Montagne di rifiuti nelle campagne pugliesi: cosi è i tir dalla Campania avvelenano cave e vigneti,"C’è un patto di ferro tra organizzazioni criminali cerignolane e salernitane dietro un traffico illecito di rifiuti tra la Campania e la Puglia, scoperto dai carabinieri del Noe, con il coordinamento della Dda di Bari, che ha portato all’esecuzione di 19 misure cautelari (sei arresti domiciliari, altrettanti divieti di esercitare l’attività di impresa per un anno e sette obblighi di presentazione alla pg).

Sono 126 gli episodi di sversamento illegale documentati, 3.500 le tonnellate di materiale che avrebbero dovuto essere smaltire con ben altre modalità e grazie alle quali sono stati prodotti profitti illeciti per alcune aziende che superano i due milioni e mezzo di euro in due anni. Nei confronti delle società coinvolte è stato emesso un decreto di sequestro per equivalente di denaro, beni mobili e immobili, contestando loro illeciti amministrativi. Tra i 34 siti usati per gli sversamenti – nelle province di Foggia e della Bat - c’era anche il Parco nazionale dell’Alta Murgia, terreni agricoli di privati cittadini, cave, capannoni industriali dismessi.

Video Carabinieri","crime, law and justice",32,23,0.8384,1,silver,1,1
intYLeJSfrQ,repubblica,Affetto ricevuto da Igor Protti mentre accompagna la figlia all'altare,"L’ex attaccante di Serie a Igor Protti ha commosso il web con degli scatti realizzati mentre accompagnava la figlia Noemi all’altare. L’affetto dei tifosi si è fatto sentire con commenti come: “Sei più forte di tutto”, ricevuti dopo aver raccontato di combattere contro un tumore.

Articolo completo di Erika Cuscito su Repubblica

#rep",human interest,9,0,0.0,0,silver,0,0
ixOd-zyd9tk,repubblica,"Nuova Zelanda, il ministro della pesca in Aula con un'aragosta: ""In acqua calda non si muoverà più""","Il ministro della Pesca neozelandese Shane Jones si è presentato davanti ai giornalisti nel Parlamento di Wellington, in Nuova Zelanda, accompagnato da una gigantesca aragosta viva. Il ministro teneva in mano il crostaceo per rivendicare il sostegno al settore della pesca contro le campagne ambientaliste e ha detto aver ricevuto la visita e l'ispirazione per questo gesto dalla tribù aborigena dei Ngai Tahu.



Video Instagram Shane Jones",politics and government,8,5,0.7321,1,silver,1,1
l5iA-YYzWPw,repubblica,"Sub morti alle Maldive, l’Università di Genova rimuove anche il profilo della ricercatrice Oddenino","Oltre al profilo della professoressa associata del Distav, Monica Montefalcone, l’Università di Genova ha rimosso anche quello dell'assegnista di ricerca Muriel Oddenino. Entrambe sono vittime della tragedia delle Maldive, dove hanno perso la vita anche la figlia della stessa Montefalcone, Giorgia Sommacal, il neolaureato nello stesso dipartimento dell’ateneo genovese Federico Gualtieri e il capobarca Gianluca Benedetti.

Cercando il nome della ricercatrice, così come quello della professoressa, sul sito dell’Università, compare la scritta ""Persona non trovata"" e poi, sotto, ""La persona che stai cercando non collabora più con l'Università"". La rimozione stride ancor di più, visto che cercando i nomi di Montefalcone e Oddenino, sul sito di Unige, compare però il comunicato di cordoglio che lo stesso ateneo ha pubblicato subito dopo la tragedia.

L’articolo di Michela Bompani su Repubblica Genova

#rep","disaster, accident and emergency incident",92,46,0.8555,1,silver,1,1
l_5SS16hzcY,repubblica,"La letterina di Littizzetto al bimbo nato in volo: ""Sei arrivato con Ita e non con la cicogna""","Il messaggio di Luciana Littizzetto a 'Che tempo che fa' è diretto a Mohamed Alessandro, il bimbo nato a oltre 10.000 metri di quota su un volo di ITA Airways partito da Dakar e diretto a Roma Fiumicino. Il parto è avvenuto grazie a una dottoressa italiana in pensione e a una infermiera francese, a bordo come passeggere. Littizzetto racconta al bambino l'Italia in cui non è mai arrivato, dove ""tutti si fanno le scarpe"", la premier è ""Garbatella"", ma per fortuna c'è la ""dirittura morale"" del Presidente della Repubblica. Infine un augurio: ""Cresci senza farti convincere che devi scegliere una lingua o una parte sola. Pensa al miracolo della tua nascita, a quante vite e professionalità e mani si sono unite"".



Video Nove",human interest,9,5,0.7245,1,silver,1,0
lzSs1ZGUEZ8,repubblica,L'antifascismo sparisce dal nome della commissione: a Roma la consulta studentesca finisce in rissa,"Grida, insulti, spinte e pugni. Momenti di tensione alla Consulta provinciale degli studenti di Roma, dove una protesta contro la decisione di cancellare la commissione ""Antifascismo e Memoria Storica"", rinominandola ""Democrazia e Memoria Storica"", è degenerata in rissa. Da un lato gli studenti contrari al cambio di denominazione, che accusavano l'assemblea di aver bypassato il voto della plenaria. Dall'altro i rappresentanti di Azione Studentesca, movimento studentesco di Fratelli d'Italia, che avrebbero tentato di interrompere la protesta. Nel caos sarebbero state lanciate anche delle sedie: un ragazzo della sinistra studentesca avrebbe ricevuto un calcio al volto, soccorso sul posto non ha riportato ferite gravi. Sul posto è intervenuta la polizia.

L’articolo completo di Valentina Lupia su Repubblica Roma

Video Rete studenti medi Roma",politics and government,16,13,0.8167,1,silver,1,1
mRdPB7E-MeI,repubblica,Giovanna Bruno stravince ad Andria con quasi l’80% dei voti,"Giovanna Bruno stravince ad Andria con quasi l’80% dei voti. Un plebiscito per la sindaca uscente di centrosinistra che ha sconfitto il primario civico Sabino Napolitano che era riuscito nell’impresa di compattare la coalizione di centrodestra. Ma l’unità non basta per arrestare la corsa di Bruno.

L’avvocata di 51 anni, nota esponente del Pd pugliese, è sostenuta da tutto il campo largo compreso il Movimento 5 Stelle. Attualmente è componente dell’assemblea nazionale del Pd. Il suo slogan in campagna elettorale era stato “Andiamo avanti”, e così è stato. I suoi concittadini hanno premiato il suo operato.

L'articolo completo di Lucia Portolano su Repubblica Bari

#rep",politics and government,51,36,0.8542,1,silver,1,0
nfPwYH-Vklk,repubblica,"Milan e Juve, che disastro: in Champions si va con le idee","Il messaggio dell’ultima giornata è molto chiaro: un certo tipo di calcio è morto e sepolto. L’immagine con cui potremmo simboleggiare il senso di questa lotta per i primi quattro posti è il Como di Fabregas che va in Champions e il Milan di Allegri no. E non lo dico per alimentare quella solita contrapposizione e lotta ideologica di bassissimo livello che ha ormai stufato più dei blocchi bassi e della difesa a oltranza: ma per sottolineare – semplicemente - come il derelitto calcio italiano abbia ricevuto in una notte di fine maggio l’ennesimo segnale: anche per noi, anche per la Serie A, un futuro c’è, ed è quello che all’estero è invece il passato, ormai da un po’, è quello che ogni tanto qualche allenatore illuminato prova a portare pure da noi, e se proprio non si può, va a farlo all’estero.

di Marco Cattaneo",sport,10,4,0.6751,0,silver,0,1
oa_AO6MHf1E,repubblica,"Roma, nell'""oculus"" del Pantheon piovono petali di rose rosse: il rito della Pentecoste","Come ogni anno, il 24 maggio, a Roma il Pantheon è stato la cornice suggestiva del rito della Pentecoste. Il famoso ""oculus"", l'apertura circolare di 9 metri di diametro al centro della cupola, si è riempito di petali di rose rosse caduti dall'alto grazie ai Vigili del Fuoco.

Video di @‌davide_gallo","arts, culture, entertainment and media",4,2,0.5559,0,silver,0,0
oq4ccUHI6UM,repubblica,L'osteopatia entra definitivamente nel Servizio sanitario nazionale,"L'osteopatia entra definitivamente nel Servizio sanitario nazionale. Con la pubblicazione in Gazzetta Ufficiale dell'ultimo decreto, quello sull'equipollenza dei titoli in osteopatia, si completa il percorso attuativo previsto dalla Legge 3 del 2018 che ha istituito la professione sanitaria di osteopata.

L'articolo completo su Repubblica

#rep",health,0,0,0.0,0,silver,0,0
prWmMnRn0tc,repubblica,Guardia Civil nella sede del Psoe per presunti finanziamenti illeciti al partito socialista,"Mentre Pedro Sánchez arrivava questa mattina in Vaticano per l’udienza con papa Leone XIV, gli agenti dell’Uco, Unità Operativa Centrale della Guardia Civil, entravano negli uffici di via Ferraz a Madrid, la sede del Psoe del presidente del Governo, per un’operazione sui presunti finanziamenti illeciti al partito socialista.

""Si tratta di una richiesta di informazioni e non di una perquisizione”, ha commentato Sánchez durante la conferenza all’Ambasciata spagnola presso la santa Sede di questa mattina, per poi ricordare che ""non si sottovaluta la gravità delle indagini in corso e in caso di irregolarità il partito stesso agirà con la stessa determinazione di sempre"".

E sull’altro tema che agita ia Spagna, ovvero l’ipotesi di elezioni anticipate, Sánchez è tornato a ribadire con fermezza la sua posizione escludendo di andare al voto prima del 2027. ""Non sto dicendo che la stabilità che abbiamo raggiunto in questi ultimi otto anni con me alla guida del governo, in circostanze molto difficili, con crisi di straordinaria complessità, sia un fine a sé stessa, ma è chiaramente uno strumento importante per ottenere i risultati economici che stiamo registrando"".

L’articolo completo di Benedetta Perilli su Repubblica",politics and government,82,60,0.8699,1,silver,1,1
q3c3eXblb0s,repubblica,"Madre e figlia morte per ricina, zia 90enne convocata in questura: preparò una torta","Persino la 92enne zia Isa è stata convocata in questura. Gli investigatori della squadra mobile di Campobasso, alle prese con il giallo delle avvelenate, non trascurano nessun dettaglio. E così il 25 maggio alla ormai lunghissima lista dei testimoni si è aggiunta l'anziana zia di Gianni Di Vita che abitava anche lei nella palazzina di famiglia a Pietracatella. Sarebbe stata proprio lei a preparare una torta per la vigilia di Natale, che è stata poi portata a tavola alla cena a cui però erano presenti una decina di parenti, nessuno dei quali è stato male.

Gli accertamenti degli investigatori, oltre alla cena del 23 – in un primo momento incriminata perché era l'unica a cui erano presenti madre e figlia poi morte, Antonella Di Ielsi e Sara Di Vita, e il marito e padre delle due donne Gianni Di Vita, che ha accusato anche lui un malore – si stanno estendendo anche al pranzo e alla cena del 24 dicembre 2025.

Ma la soluzione del giallo non sembra vicina. Persino dal punto di vista tecnico le cose non appaiono definite. Il deposito dell'autopsia, previsto per la fine di questa settimana, è slittato di un altro mese, al 30 giugno. La procuratrice di Larino Elvira Antonelli ha infatti dato un ulteriore incarico per nuovi accertamenti irripetibili al direttore del centro antiveleni di Pavia Carlo Locatelli e al professore Daniele Merli.

L’articolo completo di Alessandra Ziniti su Repubblica","crime, law and justice",12,4,0.6647,0,silver,0,1
q6HB9h-Uz7s,repubblica,"Champions, la festa del Como irrompe in sala stampa","La conferenza stampa di Cesc Fàbregas dopo la storica qualificazione del Como in Champions League è durata appena due minuti. Nella sala stampa della Cremonese ha fatto infatti irruzione l’intera squadra del Como, con una cassa che ha prima pompato la musica della Champions League, poi le canzoni che hanno accompagnato il gruppo dei calciatori fino alla storica impresa dell’accesso all’Europa che conta.

Dal nostro inviato Franco Vanni",sport,13,7,0.7564,1,silver,1,0
rMoDkkRZHt8,repubblica,"Il monito di papa Leone: ""L'intelligenza artificiale va disarmata""","L'intelligenza artificiale ""deve essere disarmata, liberata da logiche che la trasformano in strumento di dominio, esclusione e morte"". Lo ha detto Papa Leone XIV nell'Aula del Sinodo al termine della presentazione della sua prima Lettera Enciclica ""Magnifica Humanitas"", dedicata alla custodia della persona umana nel tempo dell'intelligenza artificiale.

Nel suo intervento conclusivo il Pontefice ha richiamato il parallelismo con il disarmo nucleare. ""Come l'energia nucleare, anche l'intelligenza artificiale deve essere posta al servizio di tutti e del bene comune"". E ha spiegato di aver scelto ""consapevolmente"" il termine ""disarmare"" perché ""queste parole sono capaci di attirare l'attenzione, risvegliare le coscienze e indicare percorsi in avanti per l’umanità.

Video Reuters",religion,15,5,0.6974,0,silver,0,0
rUz4sBatS70,repubblica,"Flotilla di terra, a Roma 6 italiani ma 2 ancora trattenuti in Libia Est: “Duro lasciarli indietro”","Sono atterrati all’aeroporto di Fiumicino a Roma sei attivisti della carovana di terra verso Gaza fermati a Sirte. Restano ancora in Libia altri dieci attivisti della Global Sumud Flotilla, tra cui due cittadini italiani: Domenico Centrone e Leonardo Alberizia.

“Sono giorni che non abbiamo notizie dirette di loro”, raccontano gli attivisti.

Video Agtw",politics and government,14,13,0.8225,1,silver,1,1
sQpOan3bpv0,repubblica,Contrordine: vitamina D e calcio non prevengono le fratture,"Gli integratori di vitamina D e calcio finiscono sotto processo. Per anni considerati “alleati” indispensabili per proteggere ossa, muscoli e autonomia nell’età avanzata, oggi la loro reputazione vacilla. Una vasta e imponente revisione scientifica pubblicata sulla rivista The BMJ mette infatti in discussione uno dei pilastri più consolidati della medicina preventiva: negli anziani sani, gli integratori di vitamina D e calcio sembrano avere effetti minimi, se non nulli, nella prevenzione delle fratture e delle cadute.

Su Repubblica l’articolo di Valentina Arcovio

#rep",health,10,5,0.7182,1,silver,1,0
sWG-k3MNmGw,repubblica,"Vaticano, sviene per il caldo durante l'udienza generale: il Papa accorre in suo aiuto","Leone XIV è accorso in aiuto di un uomo svenuto mentre era in fila per stringere la mano al Pontefice dopo un'udienza generale in piazza San Pietro. Il Papa si è inginocchiato accanto all'uomo mentre il personale vaticano prestava le prime cure al pellegrino colto da malore. Quando Prevost è tornato a salutare la folla, i soccorritori hanno portato via l'uomo su una sedia a rotelle, proteggendolo dal sole con un ombrello

Video Lapresse",human interest,18,5,0.6898,0,silver,0,0
tJEj5q5Jzgs,repubblica,Davide Voria muore in un incidente in moto a Lecco,"Davide Voria, candidato alle elezioni comunali di Bollate come consigliere è morto a soli 21 anni in un incidente stradale in moto avvenuto nel pomeriggio di sabato 23 maggio nel rione di Maggiano, sulla Lecco-Bergamo. Il sindaco uscente Francesco Vassallo ha espresso cordoglio per la tragedia: ""Condoglianze alla famiglia e alla Lista ""Bollate al Centro"" per il grave lutto che li ha colpiti: un conto è la competizione elettorale, un altro sono i rapporti umani.""

L'articolo completo di Mariateresa Totaro su Repubblica

#rep","disaster, accident and emergency incident",34,1,0.0187,0,gold,0,0
tJGcw5TVtvY,repubblica,Colpito con una fiocina in un parcheggio: arrestato 59enne,"Una fiocina sparata con un fucile da sub in pieno giorno, nel parcheggio di un supermercato, davanti alla moglie della vittima. E dietro l’aggressione avvenuta lunedì pomeriggio all’Iperal di Carvico ci sarebbero vecchi rapporti di lavoro: la donna conosceva infatti il 59enne fermato poche ore dopo dai carabinieri.

Il ferito, un pensionato di 60 anni residente a Montevecchia, nel lecchese, è stato colpito all’addome intorno alle 14 mentre si trovava nel parcheggio insieme alla moglie. Secondo la ricostruzione degli investigatori, il colpo sarebbe partito da una Fiat Punto che si è poi allontanata rapidamente.

Su Repubblica l’articolo di Manuela Bergamonti

#rep","crime, law and justice",24,2,0.4203,0,gold,0,1
u1uPuEA01gE,repubblica,Pilato: “I miei genitori non meritavano tanto odio. Ceccon? La sua una lamentela inutile”,"Si è tuffata in un’altra vita. Una virata per cambiare tutto: “È stata una stagione strana, mi sono dovuta riadattare”. In realtà è più strano che a 21 anni Benedetta Pilato abbia già un passato da lasciarsi alle spalle. Ma è stata da sempre abituata a essere, prendere, dare tanto. Sempre sotto i riflettori. La più giovane atleta a esordire in un Mondiale (14 anni e 6 mesi), record di precocità tolto a Federica Pellegrini. Il criticatissimo pianto di gioia in tv dopo aver perso per un centesimo la medaglia olimpica a Parigi, e solo per aver detto: felice di essere quarta. Ma soprattutto la brutta storia di Singapore, l’accusa di furto di profumi al duty free dell’aeroporto con la compagna Chiara Tarantino dopo un Mondiale, quello dello scorso anno, che le aveva regalato la sesta medaglia iridata, il bronzo nei 50 rana.

“Nuotiamo in circoli privati. Quindi, prima di tutto, trovo sia giusto che ci siano altre persone, non solo noi agonisti - aggiunge Pilato - E poi, onestamente, non possiamo avere una piscina privata, non esiste, anche perché il nuoto è uno sport di serie B. Se devo dire la verità, mi è sembrata una lamentela sterile quella di Ceccon, una polemica inutile”.

L’intervista completa di Silvia Scotti su Repubblica

#rep",sport,43,24,0.8335,1,silver,1,1
uQnrpdy4nZk,repubblica,A Firenze gli affitti brevi saranno limitati anche fuori dal centro: è la prima volta in Italia,"Firenze è la prima città a limitare gli affitti brevi anche fuori dal centro. Da Campo di Marte a San Jacopino, da Gavinana a Statuto e Rifredi per un totale di 9 rioni dove non potranno più essere aperte nuove locazioni, tutti dentro la zona A e nello specifico le sottozone A3 e A4, la cosiddetta espansione ottocentesca e novecentesca. Accade un anno dopo la pubblicazione di un altro storico regolamento che ha introdotto la necessità di ottenere un’autorizzazione di 5 anni per svolgere l’attività (e non solo il Cin) a garanzia del rispetto delle superfici minimi di criteri igienico sanitari.

In assenza di norme nazionali, il Comune di Firenze continua a farsi strada da solo per governare il fenomeno, rinfrancato dalla sentenza del Tar che ha ritenuto legittimi gli ultimi provvedimenti e da quella della Consulta, che ha validato il regolamento regionale sul turismo, l’architrave che dà gli strumenti per agire. Per evitare che il blocco attivo in area Unesco semplicemente sposti la rendita turistica fuori dal centro, andando a incidere sulla carenza di case che già si registra nei Quartieri, oggi le limitazioni vengono estese. Con decisioni prese su base scientifica: le aree già sature e quelle alto rischio sono state individuate tramite uno studio del professore Filippo Celata della Sapienza, uno dei massimi esperti in materia. Nello specifico, si tiene conto della percentuale tra la pressione dei residenti e quella degli alloggi turistici.

L’articolo completo di Matteo Lignelli su Repubblica Firenze",politics and government,29,17,0.8189,1,silver,1,0
uigowOrolPY,repubblica,"Un’ambulanza passò durante l’aggressione contro Bakari Sako, ma non si fermò","Sono le 5:26 del 9 maggio 2026. Un’ambulanza si affaccia dalle parti di piazza Fontana, a Taranto, negli istanti in cui era in corso o si era appena conclusa l'aggressione costata la vita a Bakari Sako, il 35enne originario del Mali ucciso da un gruppo di giovani. Giusto un transito, breve, cui però non ha fatto seguito nessun soccorso. Il mezzo che ha preso in carico il migrante sarebbe invece arrivato 13 minuti dopo, alle 5:39. Decisiva la chiamata al 118 partita dal cellulare di una donna, alle 5:34.

È un particolare inquietante quello che emerge da un filmato del sistema di videosorveglianza di piazza Fontana. Le immagini mostrano il muso dell'ambulanza che spunta nell'inquadratura e poi, dopo pochi secondi, scompare. Nessuna sosta, nessun soccorso. A due settimane dall'omicidio, quel video prodotto dalla difesa degli indagati e ora al vaglio degli inquirenti, è diventato un nuovo elemento di valutazione per gli inquirenti della Procura e della squadra mobile. Gli aspetti da chiarire sono diversi: se il mezzo appartenga al servizio 118, se la sua presenza in piazza Fontana fosse casuale o in risposta a una chiamata legata all'aggressione, e — in quest'ultimo caso — per quale motivo sia andato via. Il 118, al momento, non risulta a conoscenza della presenza di un proprio mezzo in quella piazza, a quell'ora.

L’articolo completo di Vincenzo Pellico su Repubblica Bari

Video Ansa","disaster, accident and emergency incident",20,11,0.7918,1,silver,1,1
wSTv0LmC3ks,repubblica,Mondiali di calcio: il Messico ospiterà la squadra iraniana dopo il no degli Usa,"La presidente messicana Claudia Sheinbaum ha annunciato che il Messico accoglierà il ritiro dell'Iran per i Mondiali 2026, dopo che la FIFA ha contattato il governo a seguito del rifiuto degli Stati Uniti di ospitare la squadra per l'intera durata del torneo. La federazione iraniana ha confermato lo spostamento del proprio quartier generale da Tucson, in Arizona, alla città di confine messicana di Tijuana. La presidenza messicana ha commentato la decisione dichiarando di non avere alcun motivo per negare l'ospitalità alla squadra.",sport,96,68,0.8725,1,silver,1,1
witP6sX-_P4,repubblica,Sei poliziotti sono indagati per il fermo di un cittadino cubano a Roma,"C’è un’immagine che per Ilaria Cucchi sembra impossibile da ignorare: un uomo fermato per strada, le botte durante il controllo, le ferite spiegate nei verbali come conseguenza della sua stessa agitazione. Per questo, nei prossimi giorni, la senatrice di Avs presenterà un’interrogazione al ministro dell’Interno Matteo Piantedosi sul caso dei sei poliziotti indagati dalla procura di Roma accusati del pestaggio di un cittadino cubano vicino alla stazione Termini e poi all’interno del commissariato Viminale, avvenuto lo scorso 27 agosto.

Non c’è un morto, e il paragone con il fratello, Stefano Cucchi si ferma lì. Ma nell’inchiesta coordinata dal pm Ambrogio Cassiani riaffiorano elementi che inevitabilmente e riportano a quella storia: un fermo che, secondo gli investigatori, degenera senza motivo, la violenza che continua anche negli uffici di polizia, poi i verbali che provano a raccontare altro. A coprire tutto, secondo l’accusa, una resistenza a pubblico ufficiale costruita dopo, messa nero su bianco in annotazioni di servizio che oggi la procura considera false.

Su Repubblica l’articolo di Giuseppe Scarpa","crime, law and justice",74,47,0.8603,1,silver,1,1
xPb8SMpBlOs,repubblica,Taylor Swift il 3 luglio si sposa ma le amiche single potrebbero dare forfait: ecco perché,"Fiori d’arancio in avvicinamento per Taylor Swift. Con qualche polemica delle “amiche” single. La data c'è, la location (più o meno), pure, ma è soprattutto l'assenza del ""plus one"" sul cartoncino che ha mandato su tutte le furie alcune invitate di Taylor Swift. La popstar e Persona dell'Anno di Time si sposerà con il campione di football Travis Kelce il 3 luglio a New York e, secondo il Daily Mail, alcune ospiti starebbero meditando di non partecipare a causa della problematica regola di etichetta che imporrebbe alle donne single di presentarsi da sole.

L'articolo completo su Repubblica Spettacoli 

#rep","arts, culture, entertainment and media",9,5,0.7245,1,silver,1,1
xYuVPnkQf5Y,repubblica,"Giornata dell'Africa 2026, Tajani: ""Il mio cognome deriva dal profeta musulmano Tijani""","A riprova dei legami antichi tra l'Europa e l'Africa, il ministro degli Esteri Antonio Tajani ha riferito che il suo cognome deriva da Tijani, quello di un profeta molto conosciuto in Nord Africa e nel centro dell'Africa. Lo ha detto nel suo intervento in occasione della Giornata dell'Africa 2026, presso la sede dell'Enciclopedia Treccani a Roma, sul tema ""Italia-Africa: culture in gioco - Lo Sport come incontro, dialogo, identità e crescita sostenibile"".

""Molti fedeli musulmani vanno alla tomba di Al-Tijani e questo vuol dire che qualcuno da lì è venuto qui"", ha proseguito Tajani. ""Sono talmente forti e antichi i legami tra i nostri due continenti che non possiamo rinnegarli"", ha concluso.",politics and government,61,43,0.8598,1,silver,1,0
xtbS_pwzM30,repubblica,"Elezioni Venezia, Meloni chiama Venturini durante i festeggiamenti","Giorgia Meloni ha telefonato Simone Venturini per complimentarsi dell'esito delle elezioni comunali di Venezia. La chiamata è arrivata durante i festeggiamenti a Mestre, davanti al quartier generale del candidato sindaco del centrodestra.

Video Agtw",politics and government,38,23,0.8337,1,silver,1,1
y-_N-NGhP7k,repubblica,"Torino: aveva pestato e rapinato un giovane che viaggiava in tram, arrestato","I carabinieri del comando stazione Torino Po Vanchiglia hanno eseguito un'ordinanza di custodia cautelare in carcere, emessa dal gip del Tribunale di Torino a carico di un ventottenne, senza fissa dimora, gravemente indiziato del reato di rapina in concorso. Nella notte del 29 gennaio scorso, l'uomo, in compagnia di un complice, aveva aggredito un venticinquenne, colpendolo con testate al volto, e poi rapinandolo di una collana in oro. Il complice ha ricevuto la notifica del provvedimento cautelare in carcere perché già recluso per un analogo reato.

Video LaPresse","crime, law and justice",31,24,0.8422,1,gold,1,1
y3oHVAT8zYg,repubblica,"Picchiata dal compagno, fa il 'signal for help': automobilisti chiamano il 112 e viene arrestato","Mentre subiva le violenze del compagno in automobile a è riuscita a fare il 'signal for help': a stringere, cioè, il pollice nel palmo chiudendo poi la mano, nel segnale internazionale usato dalle donne vittime di violenza. È stato questo a salvarle la vita, assieme alla prontezza di riflessi degli occupanti di un altro veicolo di passaggio che hanno intercettato il segnale e chiamato i carabinieri.

È accaduto nella zona di Massafra (in provincia di Taranto), dove i carabinieri della radiomobile hanno arrestato in flagranza un 32enne originario della provincia di Bari, che ora risponde di atti persecutori, violenza privata e lesioni personali ai danni della compagna.

L’articolo completo di Pierfrancesco Albanese su Repubblica Bari","crime, law and justice",10,6,0.7479,1,silver,1,1
yxhSFzAMWCY,repubblica,A Napoli un padre accoltella il figlio dodicenne e tenta di togliersi la vita,"Un litigio improvviso in casa, poi il dramma familiare. Intorno alle 8 e 30 di oggi un dodicenne del Rione Sanità è stato accoltellato e ora è ricoverato all'ospedale dei Pellegrini in prognosi riservata. Dalle prime indagini è emerso che a vibrargli due fendenti al polmone sinistro potrebbe essere stato il padre. Il quale si è poi ferito gravemente colpendosi con lo stesso coltello alla gola e al volto. La moglie, intervenuta per difendere il figlio, è stata anch'essa ferita a una mano.

Il classico taglio da difesa, secondo gli investigatori. È successo in un'abitazione di via Vergini, dove sono accorsi i carabinieri allertati dai vicini di casa della famiglia che sentivano grida e urla di dolore. Sul posto è accorsa un'ambulanza del 118 e l'uomo avrebbe anche aggredito un'infermiera.

L’articolo di Luigi Sannino su Repubblica Napoli

#rep","crime, law and justice",24,12,0.7942,1,silver,1,1
yyooDzr0s8I,repubblica,"Grossman: ""Ben-Gvir una disgrazia nazionale, non siamo condannati a uccidere ed essere uccisi""","""Gente come Ben-Gvir, quello che lui aizza non è semplicemente un prodotto di Israele e degli israeliani, è una disgrazia nazionale ciò che lui sostiene. È terribile, io guardo questa situazione e mi vergogno, mi vergogno di ciò che accade a casa mia, nel mio giardino"". David Grossman a ‘Che tempo che fa’ racconta a Fabio Fazio quella parte di Israele che non si riconosce nel governo negli uomini e nella politica di Benjamin Netanyahu. ""Fanno tutto il possibile per istigare la gente all'odio e alla brutalità. Non pensiate che siano Israele"", assicura .

Video Warner Bros. Discovery | Nove",politics and government,196,132,0.8866,1,silver,1,1
zO2XylesnrE,repubblica,"Meloni: ""Vogliamo proseguire sulla strada per il ritorno del nucleare in Italia""","""La principale enorme fragilità che ci riguarda da vicino è l'attuale configurazione dell'Unione europea, un gigante burocratico che troppo spesso ha sacrificato la competitività, la crescita strategica sull'altare di approcci ideologici e tecnoratici"". A dirlo la presidente del Consiglio Giorgia Meloni, intervenendo all'assemblea di Confindustria.

La presidente del Consiglio, parlando poi di nucleare, spiega: ""Non ho dubbi sul fatto che la ripresa sella produzione nucleare sia un obiettivo alla nostra portata e e che possa rappresentare una svolta per la nostra competitività"". E ribadisce: ""Entro l'estate sarà approvata la legge delega e poi saranno approvati i decreti attuativi per il quadro politico necessario”.

L’articolo completo di Giacomo Galanti su Repubblica",politics and government,120,61,0.8643,1,silver,1,1
zSDdaX_apcQ,repubblica,"Le 50 spiagge più belle del mondo: Filippine, Grecia e Western Australia sul podio","Calette nascoste da alte scogliere, lunghe lingue di sabbia dorata, baie acciottolate dalle acque blu, scogliere a strapiombo per tuffi da record, o arenili oceanici perfetti per il surf. Quali sono le spiagge più belle del mondo? Spiaggia che vai, paesaggio che trovi. A qualcuno piace il fascino selvaggio della baia deserta, difficile da scovare. A qualcun altro la costa oceanica, altri preferiscono acque calme, calde e tropicali. Ma ogni anno il ranking di The World’s 50 Best Beaches premia le più belle spiagge del mondo, dalle (ancora) incontaminate alle imperdibili.

A spopolare, al primo posto è Entalula Beach a Palawan, nelle Filippine, un’isola già da tempo sul radar degli esperti di viaggio, a conferma del suo crescente fascino per i viaggiatori alla ricerca di destinazioni remote e immerse nella natura. E l’Italia? La troviamo al posto numero 18, con la Sardegna: è Cala dei Gabbiani la spiaggia suggerita dagli esperti di The World’s 50 Best Beaches. Celebre per le sue acque limpide e per la riva di piccoli ciottoli bianchi, Cala dei Gabbiani è una delle spiagge più spettacolari della Costa di Baunei, in Sardegna. Ma c’è un’altra italiana in classifica. La Sardegna, infatti, raddoppia in classifica con una seconda meta: è la famosissima La Pelosa di Stintino, che troviamo al numero 48.

L’articolo completo di Micol Passariello su Repubblica",lifestyle and leisure,7,1,0.0903,0,silver,0,0
zfMn9NDUffM,repubblica,Maggio mai così caldo. Afa da Londra a Parigi. “Sarà sempre peggio”,"Maggio mai così caldo. Afa da Londra a Parigi. E secondo gli esperti: “Sarà sempre peggio”.
Bolla di aria torrida effetto del cambiamento climatico: già 11 morti in Europa. In Italia domani 28 maggio bollino rosso per 4 città 

L'articolo di Elena Dusi su Repubblica",weather,24,12,0.7942,1,silver,1,1
